"REF_DATE","GEO","DGUID","Products and product groups","UOM","UOM_ID","SCALAR_FACTOR","SCALAR_ID","VECTOR","COORDINATE","VALUE","STATUS","SYMBOL","TERMINATED","DECIMALS"
"1990-01","Canada","2016A000011124","All-items","2002=100","17","units","0","v41690973","2.2","76.7","","","","1"
"1990-02","Canada","2016A000011124","All-items","2002=100","17","units","0","v41690973","2.2","77.2","","","","1"
"1990-03","Canada","2016A000011124","All-items","2002=100","17","units","0","v41690973","2.2","77.5","","","","1"
"1990-04","Canada","2016A000011124","All-items","2002=100","17","units","0","v41690973","2.2","77.5","","","","1"
"1990-05","Canada","2016A000011124","All-items","2002=100","17","units","0","v41690973","2.2","77.9","","","","1"
"1990-06","Canada","2016A000011124","All-items","2002=100","17","units","0","v41690973","2.2","78.2","","","","1"
"1990-07","Canada","2016A000011124","All-items","2002=100","17","units","0","v41690973","2.2","78.5","","","","1"
"1990-08","Canada","2016A000011124","All-items","2002=100","17","units","0","v41690973","2.2","78.6","","","","1"
"1990-09","Canada","2016A000011124","All-items","2002=100","17","units","0","v41690973","2.2","78.8","","","","1"
"1990-10","Canada","2016A000011124","All-items","2002=100","17","units","0","v41690973","2.2","79.5","","","","1"
"1990-11","Canada","2016A000011124","All-items","2002=100","17","units","0","v41690973","2.2","80.0","","","","1"
"1990-12","Canada","2016A000011124","All-items","2002=100","17","units","0","v41690973","2.2","79.9","","","","1"
"1991-01","Canada","2016A000011124","All-items","2002=100","17","units","0","v41690973","2.2","82.0","","","","1"
"1991-02","Canada","2016A000011124","All-items","2002=100","17","units","0","v41690973","2.2","82.0","","","","1"
"1991-03","Canada","2016A000011124","All-items","2002=100","17","units","0","v41690973","2.2","82.3","","","","1"
"1991-04","Canada","2016A000011124","All-items","2002=100","17","units","0","v41690973","2.2","82.3","","","","1"
"1991-05","Canada","2016A000011124","All-items","2002=100","17","units","0","v41690973","2.2","82.7","","","","1"
"1991-06","Canada","2016A000011124","All-items","2002=100","17","units","0","v41690973","2.2","83.1","","","","1"
"1991-07","Canada","2016A000011124","All-items","2002=100","17","units","0","v41690973","2.2","83.2","","","","1"
"1991-08","Canada","2016A000011124","All-items","2002=100","17","units","0","v41690973","2.2","83.3","","","","1"
"1991-09","Canada","2016A000011124","All-items","2002=100","17","units","0","v41690973","2.2","83.1","","","","1"
"1991-10","Canada","2016A000011124","All-items","2002=100","17","units","0","v41690973","2.2","83.0","","","","1"
"1991-11","Canada","2016A000011124","All-items","2002=100","17","units","0","v41690973","2.2","83.3","","","","1"
"1991-12","Canada","2016A000011124","All-items","2002=100","17","units","0","v41690973","2.2","82.9","","","","1"
"1992-01","Canada","2016A000011124","All-items","2002=100","17","units","0","v41690973","2.2","83.3","","","","1"
"1992-02","Canada","2016A000011124","All-items","2002=100","17","units","0","v41690973","2.2","83.3","","","","1"
"1992-03","Canada","2016A000011124","All-items","2002=100","17","units","0","v41690973","2.2","83.6","","","","1"
"1992-04","Canada","2016A000011124","All-items","2002=100","17","units","0","v41690973","2.2","83.7","","","","1"
"1992-05","Canada","2016A000011124","All-items","2002=100","17","units","0","v41690973","2.2","83.8","","","","1"
"1992-06","Canada","2016A000011124","All-items","2002=100","17","units","0","v41690973","2.2","84.0","","","","1"
"1992-07","Canada","2016A000011124","All-items","2002=100","17","units","0","v41690973","2.2","84.2","","","","1"
"1992-08","Canada","2016A000011124","All-items","2002=100","17","units","0","v41690973","2.2","84.2","","","","1"
"1992-09","Canada","2016A000011124","All-items","2002=100","17","units","0","v41690973","2.2","84.2","","","","1"
"1992-10","Canada","2016A000011124","All-items","2002=100","17","units","0","v41690973","2.2","84.3","","","","1"
"1992-11","Canada","2016A000011124","All-items","2002=100","17","units","0","v41690973","2.2","84.7","","","","1"
"1992-12","Canada","2016A000011124","All-items","2002=100","17","units","0","v41690973","2.2","84.7","","","","1"
"1993-01","Canada","2016A000011124","All-items","2002=100","17","units","0","v41690973","2.2","85.0","","","","1"
"1993-02","Canada","2016A000011124","All-items","2002=100","17","units","0","v41690973","2.2","85.3","","","","1"
"1993-03","Canada","2016A000011124","All-items","2002=100","17","units","0","v41690973","2.2","85.2","","","","1"
"1993-04","Canada","2016A000011124","All-items","2002=100","17","units","0","v41690973","2.2","85.2","","","","1"
"1993-05","Canada","2016A000011124","All-items","2002=100","17","units","0","v41690973","2.2","85.4","","","","1"
"1993-06","Canada","2016A000011124","All-items","2002=100","17","units","0","v41690973","2.2","85.4","","","","1"
"1993-07","Canada","2016A000011124","All-items","2002=100","17","units","0","v41690973","2.2","85.6","","","","1"
"1993-08","Canada","2016A000011124","All-items","2002=100","17","units","0","v41690973","2.2","85.7","","","","1"
"1993-09","Canada","2016A000011124","All-items","2002=100","17","units","0","v41690973","2.2","85.7","","","","1"
"1993-10","Canada","2016A000011124","All-items","2002=100","17","units","0","v41690973","2.2","85.9","","","","1"
"1993-11","Canada","2016A000011124","All-items","2002=100","17","units","0","v41690973","2.2","86.3","","","","1"
"1993-12","Canada","2016A000011124","All-items","2002=100","17","units","0","v41690973","2.2","86.1","","","","1"
"1994-01","Canada","2016A000011124","All-items","2002=100","17","units","0","v41690973","2.2","86.1","","","","1"
"1994-02","Canada","2016A000011124","All-items","2002=100","17","units","0","v41690973","2.2","85.4","","","","1"
"1994-03","Canada","2016A000011124","All-items","2002=100","17","units","0","v41690973","2.2","85.4","","","","1"
"1994-04","Canada","2016A000011124","All-items","2002=100","17","units","0","v41690973","2.2","85.4","","","","1"
"1994-05","Canada","2016A000011124","All-items","2002=100","17","units","0","v41690973","2.2","85.2","","","","1"
"1994-06","Canada","2016A000011124","All-items","2002=100","17","units","0","v41690973","2.2","85.4","","","","1"
"1994-07","Canada","2016A000011124","All-items","2002=100","17","units","0","v41690973","2.2","85.7","","","","1"
"1994-08","Canada","2016A000011124","All-items","2002=100","17","units","0","v41690973","2.2","85.8","","","","1"
"1994-09","Canada","2016A000011124","All-items","2002=100","17","units","0","v41690973","2.2","85.9","","","","1"
"1994-10","Canada","2016A000011124","All-items","2002=100","17","units","0","v41690973","2.2","85.7","","","","1"
"1994-11","Canada","2016A000011124","All-items","2002=100","17","units","0","v41690973","2.2","86.2","","","","1"
"1994-12","Canada","2016A000011124","All-items","2002=100","17","units","0","v41690973","2.2","86.3","","","","1"
"1995-01","Canada","2016A000011124","All-items","2002=100","17","units","0","v41690973","2.2","86.6","","","","1"
"1995-02","Canada","2016A000011124","All-items","2002=100","17","units","0","v41690973","2.2","87.0","","","","1"
"1995-03","Canada","2016A000011124","All-items","2002=100","17","units","0","v41690973","2.2","87.2","","","","1"
"1995-04","Canada","2016A000011124","All-items","2002=100","17","units","0","v41690973","2.2","87.5","","","","1"
"1995-05","Canada","2016A000011124","All-items","2002=100","17","units","0","v41690973","2.2","87.7","","","","1"
"1995-06","Canada","2016A000011124","All-items","2002=100","17","units","0","v41690973","2.2","87.7","","","","1"
"1995-07","Canada","2016A000011124","All-items","2002=100","17","units","0","v41690973","2.2","87.9","","","","1"
"1995-08","Canada","2016A000011124","All-items","2002=100","17","units","0","v41690973","2.2","87.7","","","","1"
"1995-09","Canada","2016A000011124","All-items","2002=100","17","units","0","v41690973","2.2","87.8","","","","1"
"1995-10","Canada","2016A000011124","All-items","2002=100","17","units","0","v41690973","2.2","87.7","","","","1"
"1995-11","Canada","2016A000011124","All-items","2002=100","17","units","0","v41690973","2.2","88.0","","","","1"
"1995-12","Canada","2016A000011124","All-items","2002=100","17","units","0","v41690973","2.2","87.8","","","","1"
"1996-01","Canada","2016A000011124","All-items","2002=100","17","units","0","v41690973","2.2","88.0","","","","1"
"1996-02","Canada","2016A000011124","All-items","2002=100","17","units","0","v41690973","2.2","88.1","","","","1"
"1996-03","Canada","2016A000011124","All-items","2002=100","17","units","0","v41690973","2.2","88.5","","","","1"
"1996-04","Canada","2016A000011124","All-items","2002=100","17","units","0","v41690973","2.2","88.7","","","","1"
"1996-05","Canada","2016A000011124","All-items","2002=100","17","units","0","v41690973","2.2","89.0","","","","1"
"1996-06","Canada","2016A000011124","All-items","2002=100","17","units","0","v41690973","2.2","89.0","","","","1"
"1996-07","Canada","2016A000011124","All-items","2002=100","17","units","0","v41690973","2.2","89.0","","","","1"
"1996-08","Canada","2016A000011124","All-items","2002=100","17","units","0","v41690973","2.2","89.0","","","","1"
"1996-09","Canada","2016A000011124","All-items","2002=100","17","units","0","v41690973","2.2","89.1","","","","1"
"1996-10","Canada","2016A000011124","All-items","2002=100","17","units","0","v41690973","2.2","89.3","","","","1"
"1996-11","Canada","2016A000011124","All-items","2002=100","17","units","0","v41690973","2.2","89.7","","","","1"
"1996-12","Canada","2016A000011124","All-items","2002=100","17","units","0","v41690973","2.2","89.7","","","","1"
"1997-01","Canada","2016A000011124","All-items","2002=100","17","units","0","v41690973","2.2","89.9","","","","1"
"1997-02","Canada","2016A000011124","All-items","2002=100","17","units","0","v41690973","2.2","90.1","","","","1"
"1997-03","Canada","2016A000011124","All-items","2002=100","17","units","0","v41690973","2.2","90.2","","","","1"
"1997-04","Canada","2016A000011124","All-items","2002=100","17","units","0","v41690973","2.2","90.2","","","","1"
"1997-05","Canada","2016A000011124","All-items","2002=100","17","units","0","v41690973","2.2","90.3","","","","1"
"1997-06","Canada","2016A000011124","All-items","2002=100","17","units","0","v41690973","2.2","90.5","","","","1"
"1997-07","Canada","2016A000011124","All-items","2002=100","17","units","0","v41690973","2.2","90.5","","","","1"
"1997-08","Canada","2016A000011124","All-items","2002=100","17","units","0","v41690973","2.2","90.6","","","","1"
"1997-09","Canada","2016A000011124","All-items","2002=100","17","units","0","v41690973","2.2","90.6","","","","1"
"1997-10","Canada","2016A000011124","All-items","2002=100","17","units","0","v41690973","2.2","90.6","","","","1"
"1997-11","Canada","2016A000011124","All-items","2002=100","17","units","0","v41690973","2.2","90.5","","","","1"
"1997-12","Canada","2016A000011124","All-items","2002=100","17","units","0","v41690973","2.2","90.4","","","","1"
"1998-01","Canada","2016A000011124","All-items","2002=100","17","units","0","v41690973","2.2","90.9","","","","1"
"1998-02","Canada","2016A000011124","All-items","2002=100","17","units","0","v41690973","2.2","91.0","","","","1"
"1998-03","Canada","2016A000011124","All-items","2002=100","17","units","0","v41690973","2.2","91.1","","","","1"
"1998-04","Canada","2016A000011124","All-items","2002=100","17","units","0","v41690973","2.2","91.0","","","","1"
"1998-05","Canada","2016A000011124","All-items","2002=100","17","units","0","v41690973","2.2","91.3","","","","1"
"1998-06","Canada","2016A000011124","All-items","2002=100","17","units","0","v41690973","2.2","91.4","","","","1"
"1998-07","Canada","2016A000011124","All-items","2002=100","17","units","0","v41690973","2.2","91.4","","","","1"
"1998-08","Canada","2016A000011124","All-items","2002=100","17","units","0","v41690973","2.2","91.4","","","","1"
"1998-09","Canada","2016A000011124","All-items","2002=100","17","units","0","v41690973","2.2","91.2","","","","1"
"1998-10","Canada","2016A000011124","All-items","2002=100","17","units","0","v41690973","2.2","91.6","","","","1"
"1998-11","Canada","2016A000011124","All-items","2002=100","17","units","0","v41690973","2.2","91.6","","","","1"
"1998-12","Canada","2016A000011124","All-items","2002=100","17","units","0","v41690973","2.2","91.3","","","","1"
"1999-01","Canada","2016A000011124","All-items","2002=100","17","units","0","v41690973","2.2","91.5","","","","1"
"1999-02","Canada","2016A000011124","All-items","2002=100","17","units","0","v41690973","2.2","91.6","","","","1"
"1999-03","Canada","2016A000011124","All-items","2002=100","17","units","0","v41690973","2.2","92.0","","","","1"
"1999-04","Canada","2016A000011124","All-items","2002=100","17","units","0","v41690973","2.2","92.5","","","","1"
"1999-05","Canada","2016A000011124","All-items","2002=100","17","units","0","v41690973","2.2","92.7","","","","1"
"1999-06","Canada","2016A000011124","All-items","2002=100","17","units","0","v41690973","2.2","92.9","","","","1"
"1999-07","Canada","2016A000011124","All-items","2002=100","17","units","0","v41690973","2.2","93.1","","","","1"
"1999-08","Canada","2016A000011124","All-items","2002=100","17","units","0","v41690973","2.2","93.3","","","","1"
"1999-09","Canada","2016A000011124","All-items","2002=100","17","units","0","v41690973","2.2","93.6","","","","1"
"1999-10","Canada","2016A000011124","All-items","2002=100","17","units","0","v41690973","2.2","93.7","","","","1"
"1999-11","Canada","2016A000011124","All-items","2002=100","17","units","0","v41690973","2.2","93.6","","","","1"
"1999-12","Canada","2016A000011124","All-items","2002=100","17","units","0","v41690973","2.2","93.7","","","","1"
"2000-01","Canada","2016A000011124","All-items","2002=100","17","units","0","v41690973","2.2","93.5","","","","1"
"2000-02","Canada","2016A000011124","All-items","2002=100","17","units","0","v41690973","2.2","94.1","","","","1"
"2000-03","Canada","2016A000011124","All-items","2002=100","17","units","0","v41690973","2.2","94.8","","","","1"
"2000-04","Canada","2016A000011124","All-items","2002=100","17","units","0","v41690973","2.2","94.5","","","","1"
"2000-05","Canada","2016A000011124","All-items","2002=100","17","units","0","v41690973","2.2","94.9","","","","1"
"2000-06","Canada","2016A000011124","All-items","2002=100","17","units","0","v41690973","2.2","95.5","","","","1"
"2000-07","Canada","2016A000011124","All-items","2002=100","17","units","0","v41690973","2.2","95.8","","","","1"
"2000-08","Canada","2016A000011124","All-items","2002=100","17","units","0","v41690973","2.2","95.7","","","","1"
"2000-09","Canada","2016A000011124","All-items","2002=100","17","units","0","v41690973","2.2","96.1","","","","1"
"2000-10","Canada","2016A000011124","All-items","2002=100","17","units","0","v41690973","2.2","96.3","","","","1"
"2000-11","Canada","2016A000011124","All-items","2002=100","17","units","0","v41690973","2.2","96.6","","","","1"
"2000-12","Canada","2016A000011124","All-items","2002=100","17","units","0","v41690973","2.2","96.7","","","","1"
"2001-01","Canada","2016A000011124","All-items","2002=100","17","units","0","v41690973","2.2","96.3","","","","1"
"2001-02","Canada","2016A000011124","All-items","2002=100","17","units","0","v41690973","2.2","96.8","","","","1"
"2001-03","Canada","2016A000011124","All-items","2002=100","17","units","0","v41690973","2.2","97.1","","","","1"
"2001-04","Canada","2016A000011124","All-items","2002=100","17","units","0","v41690973","2.2","97.8","","","","1"
"2001-05","Canada","2016A000011124","All-items","2002=100","17","units","0","v41690973","2.2","98.6","","","","1"
"2001-06","Canada","2016A000011124","All-items","2002=100","17","units","0","v41690973","2.2","98.7","","","","1"
"2001-07","Canada","2016A000011124","All-items","2002=100","17","units","0","v41690973","2.2","98.4","","","","1"
"2001-08","Canada","2016A000011124","All-items","2002=100","17","units","0","v41690973","2.2","98.4","","","","1"
"2001-09","Canada","2016A000011124","All-items","2002=100","17","units","0","v41690973","2.2","98.6","","","","1"
"2001-10","Canada","2016A000011124","All-items","2002=100","17","units","0","v41690973","2.2","98.1","","","","1"
"2001-11","Canada","2016A000011124","All-items","2002=100","17","units","0","v41690973","2.2","97.2","","","","1"
"2001-12","Canada","2016A000011124","All-items","2002=100","17","units","0","v41690973","2.2","97.4","","","","1"
"2002-01","Canada","2016A000011124","All-items","2002=100","17","units","0","v41690973","2.2","97.6","","","","1"
"2002-02","Canada","2016A000011124","All-items","2002=100","17","units","0","v41690973","2.2","98.2","","","","1"
"2002-03","Canada","2016A000011124","All-items","2002=100","17","units","0","v41690973","2.2","98.9","","","","1"
"2002-04","Canada","2016A000011124","All-items","2002=100","17","units","0","v41690973","2.2","99.5","","","","1"
"2002-05","Canada","2016A000011124","All-items","2002=100","17","units","0","v41690973","2.2","99.7","","","","1"
"2002-06","Canada","2016A000011124","All-items","2002=100","17","units","0","v41690973","2.2","99.9","","","","1"
"2002-07","Canada","2016A000011124","All-items","2002=100","17","units","0","v41690973","2.2","100.5","","","","1"
"2002-08","Canada","2016A000011124","All-items","2002=100","17","units","0","v41690973","2.2","100.9","","","","1"
"2002-09","Canada","2016A000011124","All-items","2002=100","17","units","0","v41690973","2.2","100.9","","","","1"
"2002-10","Canada","2016A000011124","All-items","2002=100","17","units","0","v41690973","2.2","101.2","","","","1"
"2002-11","Canada","2016A000011124","All-items","2002=100","17","units","0","v41690973","2.2","101.5","","","","1"
"2002-12","Canada","2016A000011124","All-items","2002=100","17","units","0","v41690973","2.2","101.1","","","","1"
"2003-01","Canada","2016A000011124","All-items","2002=100","17","units","0","v41690973","2.2","102.0","","","","1"
"2003-02","Canada","2016A000011124","All-items","2002=100","17","units","0","v41690973","2.2","102.8","","","","1"
"2003-03","Canada","2016A000011124","All-items","2002=100","17","units","0","v41690973","2.2","103.1","","","","1"
"2003-04","Canada","2016A000011124","All-items","2002=100","17","units","0","v41690973","2.2","102.4","","","","1"
"2003-05","Canada","2016A000011124","All-items","2002=100","17","units","0","v41690973","2.2","102.5","","","","1"
"2003-06","Canada","2016A000011124","All-items","2002=100","17","units","0","v41690973","2.2","102.5","","","","1"
"2003-07","Canada","2016A000011124","All-items","2002=100","17","units","0","v41690973","2.2","102.6","","","","1"
"2003-08","Canada","2016A000011124","All-items","2002=100","17","units","0","v41690973","2.2","102.9","","","","1"
"2003-09","Canada","2016A000011124","All-items","2002=100","17","units","0","v41690973","2.2","103.1","","","","1"
"2003-10","Canada","2016A000011124","All-items","2002=100","17","units","0","v41690973","2.2","102.8","","","","1"
"2003-11","Canada","2016A000011124","All-items","2002=100","17","units","0","v41690973","2.2","103.1","","","","1"
"2003-12","Canada","2016A000011124","All-items","2002=100","17","units","0","v41690973","2.2","103.2","","","","1"
"2004-01","Canada","2016A000011124","All-items","2002=100","17","units","0","v41690973","2.2","103.3","","","","1"
"2004-02","Canada","2016A000011124","All-items","2002=100","17","units","0","v41690973","2.2","103.5","","","","1"
"2004-03","Canada","2016A000011124","All-items","2002=100","17","units","0","v41690973","2.2","103.9","","","","1"
"2004-04","Canada","2016A000011124","All-items","2002=100","17","units","0","v41690973","2.2","104.1","","","","1"
"2004-05","Canada","2016A000011124","All-items","2002=100","17","units","0","v41690973","2.2","105.0","","","","1"
"2004-06","Canada","2016A000011124","All-items","2002=100","17","units","0","v41690973","2.2","105.1","","","","1"
"2004-07","Canada","2016A000011124","All-items","2002=100","17","units","0","v41690973","2.2","105.0","","","","1"
"2004-08","Canada","2016A000011124","All-items","2002=100","17","units","0","v41690973","2.2","104.8","","","","1"
"2004-09","Canada","2016A000011124","All-items","2002=100","17","units","0","v41690973","2.2","105.0","","","","1"
"2004-10","Canada","2016A000011124","All-items","2002=100","17","units","0","v41690973","2.2","105.2","","","","1"
"2004-11","Canada","2016A000011124","All-items","2002=100","17","units","0","v41690973","2.2","105.6","","","","1"
"2004-12","Canada","2016A000011124","All-items","2002=100","17","units","0","v41690973","2.2","105.4","","","","1"
"2005-01","Canada","2016A000011124","All-items","2002=100","17","units","0","v41690973","2.2","105.3","","","","1"
"2005-02","Canada","2016A000011124","All-items","2002=100","17","units","0","v41690973","2.2","105.7","","","","1"
"2005-03","Canada","2016A000011124","All-items","2002=100","17","units","0","v41690973","2.2","106.3","","","","1"
"2005-04","Canada","2016A000011124","All-items","2002=100","17","units","0","v41690973","2.2","106.6","","","","1"
"2005-05","Canada","2016A000011124","All-items","2002=100","17","units","0","v41690973","2.2","106.7","","","","1"
"2005-06","Canada","2016A000011124","All-items","2002=100","17","units","0","v41690973","2.2","106.9","","","","1"
"2005-07","Canada","2016A000011124","All-items","2002=100","17","units","0","v41690973","2.2","107.1","","","","1"
"2005-08","Canada","2016A000011124","All-items","2002=100","17","units","0","v41690973","2.2","107.5","","","","1"
"2005-09","Canada","2016A000011124","All-items","2002=100","17","units","0","v41690973","2.2","108.4","","","","1"
"2005-10","Canada","2016A000011124","All-items","2002=100","17","units","0","v41690973","2.2","107.9","","","","1"
"2005-11","Canada","2016A000011124","All-items","2002=100","17","units","0","v41690973","2.2","107.7","","","","1"
"2005-12","Canada","2016A000011124","All-items","2002=100","17","units","0","v41690973","2.2","107.6","","","","1"
"2006-01","Canada","2016A000011124","All-items","2002=100","17","units","0","v41690973","2.2","108.2","","","","1"
"2006-02","Canada","2016A000011124","All-items","2002=100","17","units","0","v41690973","2.2","108.0","","","","1"
"2006-03","Canada","2016A000011124","All-items","2002=100","17","units","0","v41690973","2.2","108.6","","","","1"
"2006-04","Canada","2016A000011124","All-items","2002=100","17","units","0","v41690973","2.2","109.2","","","","1"
"2006-05","Canada","2016A000011124","All-items","2002=100","17","units","0","v41690973","2.2","109.7","","","","1"
"2006-06","Canada","2016A000011124","All-items","2002=100","17","units","0","v41690973","2.2","109.5","","","","1"
"2006-07","Canada","2016A000011124","All-items","2002=100","17","units","0","v41690973","2.2","109.6","","","","1"
"2006-08","Canada","2016A000011124","All-items","2002=100","17","units","0","v41690973","2.2","109.8","","","","1"
"2006-09","Canada","2016A000011124","All-items","2002=100","17","units","0","v41690973","2.2","109.2","","","","1"
"2006-10","Canada","2016A000011124","All-items","2002=100","17","units","0","v41690973","2.2","109.0","","","","1"
"2006-11","Canada","2016A000011124","All-items","2002=100","17","units","0","v41690973","2.2","109.2","","","","1"
"2006-12","Canada","2016A000011124","All-items","2002=100","17","units","0","v41690973","2.2","109.4","","","","1"
"2007-01","Canada","2016A000011124","All-items","2002=100","17","units","0","v41690973","2.2","109.4","","","","1"
"2007-02","Canada","2016A000011124","All-items","2002=100","17","units","0","v41690973","2.2","110.2","","","","1"
"2007-03","Canada","2016A000011124","All-items","2002=100","17","units","0","v41690973","2.2","111.1","","","","1"
"2007-04","Canada","2016A000011124","All-items","2002=100","17","units","0","v41690973","2.2","111.6","","","","1"
"2007-05","Canada","2016A000011124","All-items","2002=100","17","units","0","v41690973","2.2","112.1","","","","1"
"2007-06","Canada","2016A000011124","All-items","2002=100","17","units","0","v41690973","2.2","111.9","","","","1"
"2007-07","Canada","2016A000011124","All-items","2002=100","17","units","0","v41690973","2.2","112.0","","","","1"
"2007-08","Canada","2016A000011124","All-items","2002=100","17","units","0","v41690973","2.2","111.7","","","","1"
"2007-09","Canada","2016A000011124","All-items","2002=100","17","units","0","v41690973","2.2","111.9","","","","1"
"2007-10","Canada","2016A000011124","All-items","2002=100","17","units","0","v41690973","2.2","111.6","","","","1"
"2007-11","Canada","2016A000011124","All-items","2002=100","17","units","0","v41690973","2.2","111.9","","","","1"
"2007-12","Canada","2016A000011124","All-items","2002=100","17","units","0","v41690973","2.2","112.0","","","","1"
"2008-01","Canada","2016A000011124","All-items","2002=100","17","units","0","v41690973","2.2","111.8","","","","1"
"2008-02","Canada","2016A000011124","All-items","2002=100","17","units","0","v41690973","2.2","112.2","","","","1"
"2008-03","Canada","2016A000011124","All-items","2002=100","17","units","0","v41690973","2.2","112.6","","","","1"
"2008-04","Canada","2016A000011124","All-items","2002=100","17","units","0","v41690973","2.2","113.5","","","","1"
"2008-05","Canada","2016A000011124","All-items","2002=100","17","units","0","v41690973","2.2","114.6","","","","1"
"2008-06","Canada","2016A000011124","All-items","2002=100","17","units","0","v41690973","2.2","115.4","","","","1"
"2008-07","Canada","2016A000011124","All-items","2002=100","17","units","0","v41690973","2.2","115.8","","","","1"
"2008-08","Canada","2016A000011124","All-items","2002=100","17","units","0","v41690973","2.2","115.6","","","","1"
"2008-09","Canada","2016A000011124","All-items","2002=100","17","units","0","v41690973","2.2","115.7","","","","1"
"2008-10","Canada","2016A000011124","All-items","2002=100","17","units","0","v41690973","2.2","114.5","","","","1"
"2008-11","Canada","2016A000011124","All-items","2002=100","17","units","0","v41690973","2.2","114.1","","","","1"
"2008-12","Canada","2016A000011124","All-items","2002=100","17","units","0","v41690973","2.2","113.3","","","","1"
"2009-01","Canada","2016A000011124","All-items","2002=100","17","units","0","v41690973","2.2","113.0","","","","1"
"2009-02","Canada","2016A000011124","All-items","2002=100","17","units","0","v41690973","2.2","113.8","","","","1"
"2009-03","Canada","2016A000011124","All-items","2002=100","17","units","0","v41690973","2.2","114.0","","","","1"
"2009-04","Canada","2016A000011124","All-items","2002=100","17","units","0","v41690973","2.2","113.9","","","","1"
"2009-05","Canada","2016A000011124","All-items","2002=100","17","units","0","v41690973","2.2","114.7","","","","1"
"2009-06","Canada","2016A000011124","All-items","2002=100","17","units","0","v41690973","2.2","115.1","","","","1"
"2009-07","Canada","2016A000011124","All-items","2002=100","17","units","0","v41690973","2.2","114.7","","","","1"
"2009-08","Canada","2016A000011124","All-items","2002=100","17","units","0","v41690973","2.2","114.7","","","","1"
"2009-09","Canada","2016A000011124","All-items","2002=100","17","units","0","v41690973","2.2","114.7","","","","1"
"2009-10","Canada","2016A000011124","All-items","2002=100","17","units","0","v41690973","2.2","114.6","","","","1"
"2009-11","Canada","2016A000011124","All-items","2002=100","17","units","0","v41690973","2.2","115.2","","","","1"
"2009-12","Canada","2016A000011124","All-items","2002=100","17","units","0","v41690973","2.2","114.8","","","","1"
"2010-01","Canada","2016A000011124","All-items","2002=100","17","units","0","v41690973","2.2","115.1","","","","1"
"2010-02","Canada","2016A000011124","All-items","2002=100","17","units","0","v41690973","2.2","115.6","","","","1"
"2010-03","Canada","2016A000011124","All-items","2002=100","17","units","0","v41690973","2.2","115.6","","","","1"
"2010-04","Canada","2016A000011124","All-items","2002=100","17","units","0","v41690973","2.2","116.0","","","","1"
"2010-05","Canada","2016A000011124","All-items","2002=100","17","units","0","v41690973","2.2","116.3","","","","1"
"2010-06","Canada","2016A000011124","All-items","2002=100","17","units","0","v41690973","2.2","116.2","","","","1"
"2010-07","Canada","2016A000011124","All-items","2002=100","17","units","0","v41690973","2.2","116.8","","","","1"
"2010-08","Canada","2016A000011124","All-items","2002=100","17","units","0","v41690973","2.2","116.7","","","","1"
"2010-09","Canada","2016A000011124","All-items","2002=100","17","units","0","v41690973","2.2","116.9","","","","1"
"2010-10","Canada","2016A000011124","All-items","2002=100","17","units","0","v41690973","2.2","117.4","","","","1"
"2010-11","Canada","2016A000011124","All-items","2002=100","17","units","0","v41690973","2.2","117.5","","","","1"
"2010-12","Canada","2016A000011124","All-items","2002=100","17","units","0","v41690973","2.2","117.5","","","","1"
"2011-01","Canada","2016A000011124","All-items","2002=100","17","units","0","v41690973","2.2","117.8","","","","1"
"2011-02","Canada","2016A000011124","All-items","2002=100","17","units","0","v41690973","2.2","118.1","","","","1"
"2011-03","Canada","2016A000011124","All-items","2002=100","17","units","0","v41690973","2.2","119.4","","","","1"
"2011-04","Canada","2016A000011124","All-items","2002=100","17","units","0","v41690973","2.2","119.8","","","","1"
"2011-05","Canada","2016A000011124","All-items","2002=100","17","units","0","v41690973","2.2","120.6","","","","1"
"2011-06","Canada","2016A000011124","All-items","2002=100","17","units","0","v41690973","2.2","119.8","","","","1"
"2011-07","Canada","2016A000011124","All-items","2002=100","17","units","0","v41690973","2.2","120.0","","","","1"
"2011-08","Canada","2016A000011124","All-items","2002=100","17","units","0","v41690973","2.2","120.3","","","","1"
"2011-09","Canada","2016A000011124","All-items","2002=100","17","units","0","v41690973","2.2","120.6","","","","1"
"2011-10","Canada","2016A000011124","All-items","2002=100","17","units","0","v41690973","2.2","120.8","","","","1"
"2011-11","Canada","2016A000011124","All-items","2002=100","17","units","0","v41690973","2.2","120.9","","","","1"
"2011-12","Canada","2016A000011124","All-items","2002=100","17","units","0","v41690973","2.2","120.2","","","","1"
"2012-01","Canada","2016A000011124","All-items","2002=100","17","units","0","v41690973","2.2","120.7","","","","1"
"2012-02","Canada","2016A000011124","All-items","2002=100","17","units","0","v41690973","2.2","121.2","","","","1"
"2012-03","Canada","2016A000011124","All-items","2002=100","17","units","0","v41690973","2.2","121.7","","","","1"
"2012-04","Canada","2016A000011124","All-items","2002=100","17","units","0","v41690973","2.2","122.2","","","","1"
"2012-05","Canada","2016A000011124","All-items","2002=100","17","units","0","v41690973","2.2","122.1","","","","1"
"2012-06","Canada","2016A000011124","All-items","2002=100","17","units","0","v41690973","2.2","121.6","","","","1"
"2012-07","Canada","2016A000011124","All-items","2002=100","17","units","0","v41690973","2.2","121.5","","","","1"
"2012-08","Canada","2016A000011124","All-items","2002=100","17","units","0","v41690973","2.2","121.8","","","","1"
"2012-09","Canada","2016A000011124","All-items","2002=100","17","units","0","v41690973","2.2","122.0","","","","1"
"2012-10","Canada","2016A000011124","All-items","2002=100","17","units","0","v41690973","2.2","122.2","","","","1"
"2012-11","Canada","2016A000011124","All-items","2002=100","17","units","0","v41690973","2.2","121.9","","","","1"
"2012-12","Canada","2016A000011124","All-items","2002=100","17","units","0","v41690973","2.2","121.2","","","","1"
"2013-01","Canada","2016A000011124","All-items","2002=100","17","units","0","v41690973","2.2","121.3","","","","1"
"2013-02","Canada","2016A000011124","All-items","2002=100","17","units","0","v41690973","2.2","122.7","","","","1"
"2013-03","Canada","2016A000011124","All-items","2002=100","17","units","0","v41690973","2.2","122.9","","","","1"
"2013-04","Canada","2016A000011124","All-items","2002=100","17","units","0","v41690973","2.2","122.7","","","","1"
"2013-05","Canada","2016A000011124","All-items","2002=100","17","units","0","v41690973","2.2","123.0","","","","1"
"2013-06","Canada","2016A000011124","All-items","2002=100","17","units","0","v41690973","2.2","123.0","","","","1"
"2013-07","Canada","2016A000011124","All-items","2002=100","17","units","0","v41690973","2.2","123.1","","","","1"
"2013-08","Canada","2016A000011124","All-items","2002=100","17","units","0","v41690973","2.2","123.1","","","","1"
"2013-09","Canada","2016A000011124","All-items","2002=100","17","units","0","v41690973","2.2","123.3","","","","1"
"2013-10","Canada","2016A000011124","All-items","2002=100","17","units","0","v41690973","2.2","123.0","","","","1"
"2013-11","Canada","2016A000011124","All-items","2002=100","17","units","0","v41690973","2.2","123.0","","","","1"
"2013-12","Canada","2016A000011124","All-items","2002=100","17","units","0","v41690973","2.2","122.7","","","","1"
"2014-01","Canada","2016A000011124","All-items","2002=100","17","units","0","v41690973","2.2","123.1","","","","1"
"2014-02","Canada","2016A000011124","All-items","2002=100","17","units","0","v41690973","2.2","124.1","","","","1"
"2014-03","Canada","2016A000011124","All-items","2002=100","17","units","0","v41690973","2.2","124.8","","","","1"
"2014-04","Canada","2016A000011124","All-items","2002=100","17","units","0","v41690973","2.2","125.2","","","","1"
"2014-05","Canada","2016A000011124","All-items","2002=100","17","units","0","v41690973","2.2","125.8","","","","1"
"2014-06","Canada","2016A000011124","All-items","2002=100","17","units","0","v41690973","2.2","125.9","","","","1"
"2014-07","Canada","2016A000011124","All-items","2002=100","17","units","0","v41690973","2.2","125.7","","","","1"
"2014-08","Canada","2016A000011124","All-items","2002=100","17","units","0","v41690973","2.2","125.7","","","","1"
"2014-09","Canada","2016A000011124","All-items","2002=100","17","units","0","v41690973","2.2","125.8","","","","1"
"2014-10","Canada","2016A000011124","All-items","2002=100","17","units","0","v41690973","2.2","125.9","","","","1"
"2014-11","Canada","2016A000011124","All-items","2002=100","17","units","0","v41690973","2.2","125.4","","","","1"
"2014-12","Canada","2016A000011124","All-items","2002=100","17","units","0","v41690973","2.2","124.5","","","","1"
"2015-01","Canada","2016A000011124","All-items","2002=100","17","units","0","v41690973","2.2","124.3","","","","1"
"2015-02","Canada","2016A000011124","All-items","2002=100","17","units","0","v41690973","2.2","125.4","","","","1"
"2015-03","Canada","2016A000011124","All-items","2002=100","17","units","0","v41690973","2.2","126.3","","","","1"
"2015-04","Canada","2016A000011124","All-items","2002=100","17","units","0","v41690973","2.2","126.2","","","","1"
"2015-05","Canada","2016A000011124","All-items","2002=100","17","units","0","v41690973","2.2","126.9","","","","1"
"2015-06","Canada","2016A000011124","All-items","2002=100","17","units","0","v41690973","2.2","127.2","","","","1"
"2015-07","Canada","2016A000011124","All-items","2002=100","17","units","0","v41690973","2.2","127.3","","","","1"
"2015-08","Canada","2016A000011124","All-items","2002=100","17","units","0","v41690973","2.2","127.3","","","","1"
"2015-09","Canada","2016A000011124","All-items","2002=100","17","units","0","v41690973","2.2","127.1","","","","1"
"2015-10","Canada","2016A000011124","All-items","2002=100","17","units","0","v41690973","2.2","127.2","","","","1"
"2015-11","Canada","2016A000011124","All-items","2002=100","17","units","0","v41690973","2.2","127.1","","","","1"
"2015-12","Canada","2016A000011124","All-items","2002=100","17","units","0","v41690973","2.2","126.5","","","","1"
"2016-01","Canada","2016A000011124","All-items","2002=100","17","units","0","v41690973","2.2","126.8","","","","1"
"2016-02","Canada","2016A000011124","All-items","2002=100","17","units","0","v41690973","2.2","127.1","","","","1"
"2016-03","Canada","2016A000011124","All-items","2002=100","17","units","0","v41690973","2.2","127.9","","","","1"
"2016-04","Canada","2016A000011124","All-items","2002=100","17","units","0","v41690973","2.2","128.3","","","","1"
"2016-05","Canada","2016A000011124","All-items","2002=100","17","units","0","v41690973","2.2","128.8","","","","1"
"2016-06","Canada","2016A000011124","All-items","2002=100","17","units","0","v41690973","2.2","129.1","","","","1"
"2016-07","Canada","2016A000011124","All-items","2002=100","17","units","0","v41690973","2.2","128.9","","","","1"
"2016-08","Canada","2016A000011124","All-items","2002=100","17","units","0","v41690973","2.2","128.7","","","","1"
"2016-09","Canada","2016A000011124","All-items","2002=100","17","units","0","v41690973","2.2","128.8","","","","1"
"2016-10","Canada","2016A000011124","All-items","2002=100","17","units","0","v41690973","2.2","129.1","","","","1"
"2016-11","Canada","2016A000011124","All-items","2002=100","17","units","0","v41690973","2.2","128.6","","","","1"
"2016-12","Canada","2016A000011124","All-items","2002=100","17","units","0","v41690973","2.2","128.4","","","","1"
"2017-01","Canada","2016A000011124","All-items","2002=100","17","units","0","v41690973","2.2","129.5","","","","1"
"2017-02","Canada","2016A000011124","All-items","2002=100","17","units","0","v41690973","2.2","129.7","","","","1"
"2017-03","Canada","2016A000011124","All-items","2002=100","17","units","0","v41690973","2.2","129.9","","","","1"
"2017-04","Canada","2016A000011124","All-items","2002=100","17","units","0","v41690973","2.2","130.4","","","","1"
"2017-05","Canada","2016A000011124","All-items","2002=100","17","units","0","v41690973","2.2","130.5","","","","1"
"2017-06","Canada","2016A000011124","All-items","2002=100","17","units","0","v41690973","2.2","130.4","","","","1"
"2017-07","Canada","2016A000011124","All-items","2002=100","17","units","0","v41690973","2.2","130.4","","","","1"
"2017-08","Canada","2016A000011124","All-items","2002=100","17","units","0","v41690973","2.2","130.5","","","","1"
"2017-09","Canada","2016A000011124","All-items","2002=100","17","units","0","v41690973","2.2","130.8","","","","1"
"2017-10","Canada","2016A000011124","All-items","2002=100","17","units","0","v41690973","2.2","130.9","","","","1"
"2017-11","Canada","2016A000011124","All-items","2002=100","17","units","0","v41690973","2.2","131.3","","","","1"
"2017-12","Canada","2016A000011124","All-items","2002=100","17","units","0","v41690973","2.2","130.8","","","","1"
"2018-01","Canada","2016A000011124","All-items","2002=100","17","units","0","v41690973","2.2","131.7","","","","1"
"2018-02","Canada","2016A000011124","All-items","2002=100","17","units","0","v41690973","2.2","132.5","","","","1"
"2018-03","Canada","2016A000011124","All-items","2002=100","17","units","0","v41690973","2.2","132.9","","","","1"
"2018-04","Canada","2016A000011124","All-items","2002=100","17","units","0","v41690973","2.2","133.3","","","","1"
"2018-05","Canada","2016A000011124","All-items","2002=100","17","units","0","v41690973","2.2","133.4","","","","1"
"2018-06","Canada","2016A000011124","All-items","2002=100","17","units","0","v41690973","2.2","133.6","","","","1"
"2018-07","Canada","2016A000011124","All-items","2002=100","17","units","0","v41690973","2.2","134.3","","","","1"
"2018-08","Canada","2016A000011124","All-items","2002=100","17","units","0","v41690973","2.2","134.2","","","","1"
"2018-09","Canada","2016A000011124","All-items","2002=100","17","units","0","v41690973","2.2","133.7","","","","1"
"2018-10","Canada","2016A000011124","All-items","2002=100","17","units","0","v41690973","2.2","134.1","","","","1"
"2018-11","Canada","2016A000011124","All-items","2002=100","17","units","0","v41690973","2.2","133.5","","","","1"
"2018-12","Canada","2016A000011124","All-items","2002=100","17","units","0","v41690973","2.2","133.4","","","","1"
"2019-01","Canada","2016A000011124","All-items","2002=100","17","units","0","v41690973","2.2","133.6","","","","1"
"2019-02","Canada","2016A000011124","All-items","2002=100","17","units","0","v41690973","2.2","134.5","","","","1"
"2019-03","Canada","2016A000011124","All-items","2002=100","17","units","0","v41690973","2.2","135.4","","","","1"
"2019-04","Canada","2016A000011124","All-items","2002=100","17","units","0","v41690973","2.2","136.0","","","","1"
"2019-05","Canada","2016A000011124","All-items","2002=100","17","units","0","v41690973","2.2","136.6","","","","1"
"2019-06","Canada","2016A000011124","All-items","2002=100","17","units","0","v41690973","2.2","136.3","","","","1"
"2019-07","Canada","2016A000011124","All-items","2002=100","17","units","0","v41690973","2.2","137.0","","","","1"
"2019-08","Canada","2016A000011124","All-items","2002=100","17","units","0","v41690973","2.2","136.8","","","","1"
"2019-09","Canada","2016A000011124","All-items","2002=100","17","units","0","v41690973","2.2","136.2","","","","1"
"2019-10","Canada","2016A000011124","All-items","2002=100","17","units","0","v41690973","2.2","136.6","","","","1"
"2019-11","Canada","2016A000011124","All-items","2002=100","17","units","0","v41690973","2.2","136.4","","","","1"
"2019-12","Canada","2016A000011124","All-items","2002=100","17","units","0","v41690973","2.2","136.4","","","","1"
"2020-01","Canada","2016A000011124","All-items","2002=100","17","units","0","v41690973","2.2","136.8","","","","1"
"2020-02","Canada","2016A000011124","All-items","2002=100","17","units","0","v41690973","2.2","137.4","","","","1"
"2020-03","Canada","2016A000011124","All-items","2002=100","17","units","0","v41690973","2.2","136.6","","","","1"
"2020-04","Canada","2016A000011124","All-items","2002=100","17","units","0","v41690973","2.2","135.7","","","","1"
"2020-05","Canada","2016A000011124","All-items","2002=100","17","units","0","v41690973","2.2","136.1","","","","1"
"2020-06","Canada","2016A000011124","All-items","2002=100","17","units","0","v41690973","2.2","137.2","","","","1"
"2020-07","Canada","2016A000011124","All-items","2002=100","17","units","0","v41690973","2.2","137.2","","","","1"
"2020-08","Canada","2016A000011124","All-items","2002=100","17","units","0","v41690973","2.2","137.0","","","","1"
"2020-09","Canada","2016A000011124","All-items","2002=100","17","units","0","v41690973","2.2","136.9","","","","1"
"2020-10","Canada","2016A000011124","All-items","2002=100","17","units","0","v41690973","2.2","137.5","","","","1"
"2020-11","Canada","2016A000011124","All-items","2002=100","17","units","0","v41690973","2.2","137.7","","","","1"
"2020-12","Canada","2016A000011124","All-items","2002=100","17","units","0","v41690973","2.2","137.4","","","","1"
"2021-01","Canada","2016A000011124","All-items","2002=100","17","units","0","v41690973","2.2","138.2","","","","1"
"2021-02","Canada","2016A000011124","All-items","2002=100","17","units","0","v41690973","2.2","138.9","","","","1"
"2021-03","Canada","2016A000011124","All-items","2002=100","17","units","0","v41690973","2.2","139.6","","","","1"
"2021-04","Canada","2016A000011124","All-items","2002=100","17","units","0","v41690973","2.2","140.3","","","","1"
"2021-05","Canada","2016A000011124","All-items","2002=100","17","units","0","v41690973","2.2","141.0","","","","1"
"2021-06","Canada","2016A000011124","All-items","2002=100","17","units","0","v41690973","2.2","141.4","","","","1"
"2021-07","Canada","2016A000011124","All-items","2002=100","17","units","0","v41690973","2.2","142.3","","","","1"
"2021-08","Canada","2016A000011124","All-items","2002=100","17","units","0","v41690973","2.2","142.6","","","","1"
"2021-09","Canada","2016A000011124","All-items","2002=100","17","units","0","v41690973","2.2","142.9","","","","1"
"2021-10","Canada","2016A000011124","All-items","2002=100","17","units","0","v41690973","2.2","143.9","","","","1"
"2021-11","Canada","2016A000011124","All-items","2002=100","17","units","0","v41690973","2.2","144.2","","","","1"
"2021-12","Canada","2016A000011124","All-items","2002=100","17","units","0","v41690973","2.2","144.0","","","","1"
"2022-01","Canada","2016A000011124","All-items","2002=100","17","units","0","v41690973","2.2","145.3","","","","1"
"2022-02","Canada","2016A000011124","All-items","2002=100","17","units","0","v41690973","2.2","146.8","","","","1"
"2022-03","Canada","2016A000011124","All-items","2002=100","17","units","0","v41690973","2.2","148.9","","","","1"
"2022-04","Canada","2016A000011124","All-items","2002=100","17","units","0","v41690973","2.2","149.8","","","","1"
"2022-05","Canada","2016A000011124","All-items","2002=100","17","units","0","v41690973","2.2","151.9","","","","1"
"2022-06","Canada","2016A000011124","All-items","2002=100","17","units","0","v41690973","2.2","152.9","","","","1"
"2022-07","Canada","2016A000011124","All-items","2002=100","17","units","0","v41690973","2.2","153.1","","","","1"
"2022-08","Canada","2016A000011124","All-items","2002=100","17","units","0","v41690973","2.2","152.6","","","","1"
"2022-09","Canada","2016A000011124","All-items","2002=100","17","units","0","v41690973","2.2","152.7","","","","1"
"2022-10","Canada","2016A000011124","All-items","2002=100","17","units","0","v41690973","2.2","153.8","","","","1"
"2022-11","Canada","2016A000011124","All-items","2002=100","17","units","0","v41690973","2.2","154.0","","","","1"
"2022-12","Canada","2016A000011124","All-items","2002=100","17","units","0","v41690973","2.2","153.1","","","","1"
"2023-01","Canada","2016A000011124","All-items","2002=100","17","units","0","v41690973","2.2","153.9","","","","1"
"2023-02","Canada","2016A000011124","All-items","2002=100","17","units","0","v41690973","2.2","154.5","","","","1"
"2023-03","Canada","2016A000011124","All-items","2002=100","17","units","0","v41690973","2.2","155.3","","","","1"
"2023-04","Canada","2016A000011124","All-items","2002=100","17","units","0","v41690973","2.2","156.4","","","","1"
"2023-05","Canada","2016A000011124","All-items","2002=100","17","units","0","v41690973","2.2","157.0","","","","1"
"2023-06","Canada","2016A000011124","All-items","2002=100","17","units","0","v41690973","2.2","157.2","","","","1"
"2023-07","Canada","2016A000011124","All-items","2002=100","17","units","0","v41690973","2.2","158.1","","","","1"
"2023-08","Canada","2016A000011124","All-items","2002=100","17","units","0","v41690973","2.2","158.7","","","","1"
"2023-09","Canada","2016A000011124","All-items","2002=100","17","units","0","v41690973","2.2","158.5","","","","1"
"2023-10","Canada","2016A000011124","All-items","2002=100","17","units","0","v41690973","2.2","158.6","","","","1"
"2023-11","Canada","2016A000011124","All-items","2002=100","17","units","0","v41690973","2.2","158.8","","","","1"
"2023-12","Canada","2016A000011124","All-items","2002=100","17","units","0","v41690973","2.2","158.3","","","","1"
"2024-01","Canada","2016A000011124","All-items","2002=100","17","units","0","v41690973","2.2","158.3","","","","1"
"2024-02","Canada","2016A000011124","All-items","2002=100","17","units","0","v41690973","2.2","158.8","","","","1"
"2024-03","Canada","2016A000011124","All-items","2002=100","17","units","0","v41690973","2.2","159.8","","","","1"
"2024-04","Canada","2016A000011124","All-items","2002=100","17","units","0","v41690973","2.2","160.6","","","","1"
"2024-05","Canada","2016A000011124","All-items","2002=100","17","units","0","v41690973","2.2","161.5","","","","1"
"2024-06","Canada","2016A000011124","All-items","2002=100","17","units","0","v41690973","2.2","161.4","","","","1"
"2024-07","Canada","2016A000011124","All-items","2002=100","17","units","0","v41690973","2.2","162.1","","","","1"
"2024-08","Canada","2016A000011124","All-items","2002=100","17","units","0","v41690973","2.2","161.8","","","","1"
"2024-09","Canada","2016A000011124","All-items","2002=100","17","units","0","v41690973","2.2","161.1","","","","1"
"2024-10","Canada","2016A000011124","All-items","2002=100","17","units","0","v41690973","2.2","161.8","","","","1"
"2024-11","Canada","2016A000011124","All-items","2002=100","17","units","0","v41690973","2.2","161.8","","","","1"
"2024-12","Canada","2016A000011124","All-items","2002=100","17","units","0","v41690973","2.2","161.2","","","","1"
"2025-01","Canada","2016A000011124","All-items","2002=100","17","units","0","v41690973","2.2","161.3","","","","1"
"2025-02","Canada","2016A000011124","All-items","2002=100","17","units","0","v41690973","2.2","163.0","","","","1"
"2025-03","Canada","2016A000011124","All-items","2002=100","17","units","0","v41690973","2.2","163.5","","","","1"
"2025-04","Canada","2016A000011124","All-items","2002=100","17","units","0","v41690973","2.2","163.4","","","","1"
"2025-05","Canada","2016A000011124","All-items","2002=100","17","units","0","v41690973","2.2","164.3","","","","1"
"2025-06","Canada","2016A000011124","All-items","2002=100","17","units","0","v41690973","2.2","164.4","","","","1"
"2025-07","Canada","2016A000011124","All-items","2002=100","17","units","0","v41690973","2.2","164.9","","","","1"
"2025-08","Canada","2016A000011124","All-items","2002=100","17","units","0","v41690973","2.2","164.8","","","","1"
"2025-09","Canada","2016A000011124","All-items","2002=100","17","units","0","v41690973","2.2","164.9","","","","1"
"2025-10","Canada","2016A000011124","All-items","2002=100","17","units","0","v41690973","2.2","165.3","","","","1"
"2025-11","Canada","2016A000011124","All-items","2002=100","17","units","0","v41690973","2.2","165.4","","","","1"
"1990-01","Canada","2016A000011124","Food","2002=100","17","units","0","v41690974","2.3","78.5","","","","1"
"1990-02","Canada","2016A000011124","Food","2002=100","17","units","0","v41690974","2.3","79.2","","","","1"
"1990-03","Canada","2016A000011124","Food","2002=100","17","units","0","v41690974","2.3","79.4","","","","1"
"1990-04","Canada","2016A000011124","Food","2002=100","17","units","0","v41690974","2.3","78.8","","","","1"
"1990-05","Canada","2016A000011124","Food","2002=100","17","units","0","v41690974","2.3","79.0","","","","1"
"1990-06","Canada","2016A000011124","Food","2002=100","17","units","0","v41690974","2.3","80.1","","","","1"
"1990-07","Canada","2016A000011124","Food","2002=100","17","units","0","v41690974","2.3","80.6","","","","1"
"1990-08","Canada","2016A000011124","Food","2002=100","17","units","0","v41690974","2.3","79.9","","","","1"
"1990-09","Canada","2016A000011124","Food","2002=100","17","units","0","v41690974","2.3","79.7","","","","1"
"1990-10","Canada","2016A000011124","Food","2002=100","17","units","0","v41690974","2.3","80.1","","","","1"
"1990-11","Canada","2016A000011124","Food","2002=100","17","units","0","v41690974","2.3","80.2","","","","1"
"1990-12","Canada","2016A000011124","Food","2002=100","17","units","0","v41690974","2.3","79.9","","","","1"
"1991-01","Canada","2016A000011124","Food","2002=100","17","units","0","v41690974","2.3","83.2","","","","1"
"1991-02","Canada","2016A000011124","Food","2002=100","17","units","0","v41690974","2.3","83.2","","","","1"
"1991-03","Canada","2016A000011124","Food","2002=100","17","units","0","v41690974","2.3","83.5","","","","1"
"1991-04","Canada","2016A000011124","Food","2002=100","17","units","0","v41690974","2.3","83.8","","","","1"
"1991-05","Canada","2016A000011124","Food","2002=100","17","units","0","v41690974","2.3","84.0","","","","1"
"1991-06","Canada","2016A000011124","Food","2002=100","17","units","0","v41690974","2.3","85.5","","","","1"
"1991-07","Canada","2016A000011124","Food","2002=100","17","units","0","v41690974","2.3","84.9","","","","1"
"1991-08","Canada","2016A000011124","Food","2002=100","17","units","0","v41690974","2.3","84.0","","","","1"
"1991-09","Canada","2016A000011124","Food","2002=100","17","units","0","v41690974","2.3","82.9","","","","1"
"1991-10","Canada","2016A000011124","Food","2002=100","17","units","0","v41690974","2.3","82.1","","","","1"
"1991-11","Canada","2016A000011124","Food","2002=100","17","units","0","v41690974","2.3","82.3","","","","1"
"1991-12","Canada","2016A000011124","Food","2002=100","17","units","0","v41690974","2.3","81.7","","","","1"
"1992-01","Canada","2016A000011124","Food","2002=100","17","units","0","v41690974","2.3","82.4","","","","1"
"1992-02","Canada","2016A000011124","Food","2002=100","17","units","0","v41690974","2.3","82.5","","","","1"
"1992-03","Canada","2016A000011124","Food","2002=100","17","units","0","v41690974","2.3","82.9","","","","1"
"1992-04","Canada","2016A000011124","Food","2002=100","17","units","0","v41690974","2.3","83.2","","","","1"
"1992-05","Canada","2016A000011124","Food","2002=100","17","units","0","v41690974","2.3","83.0","","","","1"
"1992-06","Canada","2016A000011124","Food","2002=100","17","units","0","v41690974","2.3","83.7","","","","1"
"1992-07","Canada","2016A000011124","Food","2002=100","17","units","0","v41690974","2.3","83.5","","","","1"
"1992-08","Canada","2016A000011124","Food","2002=100","17","units","0","v41690974","2.3","83.4","","","","1"
"1992-09","Canada","2016A000011124","Food","2002=100","17","units","0","v41690974","2.3","83.0","","","","1"
"1992-10","Canada","2016A000011124","Food","2002=100","17","units","0","v41690974","2.3","83.0","","","","1"
"1992-11","Canada","2016A000011124","Food","2002=100","17","units","0","v41690974","2.3","83.1","","","","1"
"1992-12","Canada","2016A000011124","Food","2002=100","17","units","0","v41690974","2.3","83.4","","","","1"
"1993-01","Canada","2016A000011124","Food","2002=100","17","units","0","v41690974","2.3","84.1","","","","1"
"1993-02","Canada","2016A000011124","Food","2002=100","17","units","0","v41690974","2.3","84.5","","","","1"
"1993-03","Canada","2016A000011124","Food","2002=100","17","units","0","v41690974","2.3","84.2","","","","1"
"1993-04","Canada","2016A000011124","Food","2002=100","17","units","0","v41690974","2.3","84.0","","","","1"
"1993-05","Canada","2016A000011124","Food","2002=100","17","units","0","v41690974","2.3","84.9","","","","1"
"1993-06","Canada","2016A000011124","Food","2002=100","17","units","0","v41690974","2.3","84.9","","","","1"
"1993-07","Canada","2016A000011124","Food","2002=100","17","units","0","v41690974","2.3","84.9","","","","1"
"1993-08","Canada","2016A000011124","Food","2002=100","17","units","0","v41690974","2.3","84.5","","","","1"
"1993-09","Canada","2016A000011124","Food","2002=100","17","units","0","v41690974","2.3","84.1","","","","1"
"1993-10","Canada","2016A000011124","Food","2002=100","17","units","0","v41690974","2.3","84.2","","","","1"
"1993-11","Canada","2016A000011124","Food","2002=100","17","units","0","v41690974","2.3","84.5","","","","1"
"1993-12","Canada","2016A000011124","Food","2002=100","17","units","0","v41690974","2.3","84.9","","","","1"
"1994-01","Canada","2016A000011124","Food","2002=100","17","units","0","v41690974","2.3","85.2","","","","1"
"1994-02","Canada","2016A000011124","Food","2002=100","17","units","0","v41690974","2.3","84.9","","","","1"
"1994-03","Canada","2016A000011124","Food","2002=100","17","units","0","v41690974","2.3","84.3","","","","1"
"1994-04","Canada","2016A000011124","Food","2002=100","17","units","0","v41690974","2.3","84.6","","","","1"
"1994-05","Canada","2016A000011124","Food","2002=100","17","units","0","v41690974","2.3","84.6","","","","1"
"1994-06","Canada","2016A000011124","Food","2002=100","17","units","0","v41690974","2.3","84.9","","","","1"
"1994-07","Canada","2016A000011124","Food","2002=100","17","units","0","v41690974","2.3","85.3","","","","1"
"1994-08","Canada","2016A000011124","Food","2002=100","17","units","0","v41690974","2.3","85.1","","","","1"
"1994-09","Canada","2016A000011124","Food","2002=100","17","units","0","v41690974","2.3","84.5","","","","1"
"1994-10","Canada","2016A000011124","Food","2002=100","17","units","0","v41690974","2.3","84.8","","","","1"
"1994-11","Canada","2016A000011124","Food","2002=100","17","units","0","v41690974","2.3","84.9","","","","1"
"1994-12","Canada","2016A000011124","Food","2002=100","17","units","0","v41690974","2.3","85.1","","","","1"
"1995-01","Canada","2016A000011124","Food","2002=100","17","units","0","v41690974","2.3","86.4","","","","1"
"1995-02","Canada","2016A000011124","Food","2002=100","17","units","0","v41690974","2.3","86.9","","","","1"
"1995-03","Canada","2016A000011124","Food","2002=100","17","units","0","v41690974","2.3","86.9","","","","1"
"1995-04","Canada","2016A000011124","Food","2002=100","17","units","0","v41690974","2.3","87.8","","","","1"
"1995-05","Canada","2016A000011124","Food","2002=100","17","units","0","v41690974","2.3","87.3","","","","1"
"1995-06","Canada","2016A000011124","Food","2002=100","17","units","0","v41690974","2.3","87.4","","","","1"
"1995-07","Canada","2016A000011124","Food","2002=100","17","units","0","v41690974","2.3","87.4","","","","1"
"1995-08","Canada","2016A000011124","Food","2002=100","17","units","0","v41690974","2.3","86.6","","","","1"
"1995-09","Canada","2016A000011124","Food","2002=100","17","units","0","v41690974","2.3","86.4","","","","1"
"1995-10","Canada","2016A000011124","Food","2002=100","17","units","0","v41690974","2.3","86.4","","","","1"
"1995-11","Canada","2016A000011124","Food","2002=100","17","units","0","v41690974","2.3","86.4","","","","1"
"1995-12","Canada","2016A000011124","Food","2002=100","17","units","0","v41690974","2.3","86.8","","","","1"
"1996-01","Canada","2016A000011124","Food","2002=100","17","units","0","v41690974","2.3","87.2","","","","1"
"1996-02","Canada","2016A000011124","Food","2002=100","17","units","0","v41690974","2.3","87.3","","","","1"
"1996-03","Canada","2016A000011124","Food","2002=100","17","units","0","v41690974","2.3","87.4","","","","1"
"1996-04","Canada","2016A000011124","Food","2002=100","17","units","0","v41690974","2.3","88.3","","","","1"
"1996-05","Canada","2016A000011124","Food","2002=100","17","units","0","v41690974","2.3","87.9","","","","1"
"1996-06","Canada","2016A000011124","Food","2002=100","17","units","0","v41690974","2.3","88.5","","","","1"
"1996-07","Canada","2016A000011124","Food","2002=100","17","units","0","v41690974","2.3","88.3","","","","1"
"1996-08","Canada","2016A000011124","Food","2002=100","17","units","0","v41690974","2.3","88.0","","","","1"
"1996-09","Canada","2016A000011124","Food","2002=100","17","units","0","v41690974","2.3","87.7","","","","1"
"1996-10","Canada","2016A000011124","Food","2002=100","17","units","0","v41690974","2.3","88.3","","","","1"
"1996-11","Canada","2016A000011124","Food","2002=100","17","units","0","v41690974","2.3","88.9","","","","1"
"1996-12","Canada","2016A000011124","Food","2002=100","17","units","0","v41690974","2.3","88.7","","","","1"
"1997-01","Canada","2016A000011124","Food","2002=100","17","units","0","v41690974","2.3","89.1","","","","1"
"1997-02","Canada","2016A000011124","Food","2002=100","17","units","0","v41690974","2.3","89.4","","","","1"
"1997-03","Canada","2016A000011124","Food","2002=100","17","units","0","v41690974","2.3","89.4","","","","1"
"1997-04","Canada","2016A000011124","Food","2002=100","17","units","0","v41690974","2.3","89.0","","","","1"
"1997-05","Canada","2016A000011124","Food","2002=100","17","units","0","v41690974","2.3","89.4","","","","1"
"1997-06","Canada","2016A000011124","Food","2002=100","17","units","0","v41690974","2.3","89.7","","","","1"
"1997-07","Canada","2016A000011124","Food","2002=100","17","units","0","v41690974","2.3","90.1","","","","1"
"1997-08","Canada","2016A000011124","Food","2002=100","17","units","0","v41690974","2.3","89.5","","","","1"
"1997-09","Canada","2016A000011124","Food","2002=100","17","units","0","v41690974","2.3","88.9","","","","1"
"1997-10","Canada","2016A000011124","Food","2002=100","17","units","0","v41690974","2.3","88.9","","","","1"
"1997-11","Canada","2016A000011124","Food","2002=100","17","units","0","v41690974","2.3","89.8","","","","1"
"1997-12","Canada","2016A000011124","Food","2002=100","17","units","0","v41690974","2.3","89.7","","","","1"
"1998-01","Canada","2016A000011124","Food","2002=100","17","units","0","v41690974","2.3","91.2","","","","1"
"1998-02","Canada","2016A000011124","Food","2002=100","17","units","0","v41690974","2.3","90.5","","","","1"
"1998-03","Canada","2016A000011124","Food","2002=100","17","units","0","v41690974","2.3","90.7","","","","1"
"1998-04","Canada","2016A000011124","Food","2002=100","17","units","0","v41690974","2.3","90.5","","","","1"
"1998-05","Canada","2016A000011124","Food","2002=100","17","units","0","v41690974","2.3","90.9","","","","1"
"1998-06","Canada","2016A000011124","Food","2002=100","17","units","0","v41690974","2.3","91.6","","","","1"
"1998-07","Canada","2016A000011124","Food","2002=100","17","units","0","v41690974","2.3","91.3","","","","1"
"1998-08","Canada","2016A000011124","Food","2002=100","17","units","0","v41690974","2.3","90.8","","","","1"
"1998-09","Canada","2016A000011124","Food","2002=100","17","units","0","v41690974","2.3","90.1","","","","1"
"1998-10","Canada","2016A000011124","Food","2002=100","17","units","0","v41690974","2.3","90.2","","","","1"
"1998-11","Canada","2016A000011124","Food","2002=100","17","units","0","v41690974","2.3","91.2","","","","1"
"1998-12","Canada","2016A000011124","Food","2002=100","17","units","0","v41690974","2.3","91.2","","","","1"
"1999-01","Canada","2016A000011124","Food","2002=100","17","units","0","v41690974","2.3","92.3","","","","1"
"1999-02","Canada","2016A000011124","Food","2002=100","17","units","0","v41690974","2.3","91.8","","","","1"
"1999-03","Canada","2016A000011124","Food","2002=100","17","units","0","v41690974","2.3","92.0","","","","1"
"1999-04","Canada","2016A000011124","Food","2002=100","17","units","0","v41690974","2.3","92.2","","","","1"
"1999-05","Canada","2016A000011124","Food","2002=100","17","units","0","v41690974","2.3","92.4","","","","1"
"1999-06","Canada","2016A000011124","Food","2002=100","17","units","0","v41690974","2.3","92.7","","","","1"
"1999-07","Canada","2016A000011124","Food","2002=100","17","units","0","v41690974","2.3","92.5","","","","1"
"1999-08","Canada","2016A000011124","Food","2002=100","17","units","0","v41690974","2.3","91.8","","","","1"
"1999-09","Canada","2016A000011124","Food","2002=100","17","units","0","v41690974","2.3","91.2","","","","1"
"1999-10","Canada","2016A000011124","Food","2002=100","17","units","0","v41690974","2.3","91.4","","","","1"
"1999-11","Canada","2016A000011124","Food","2002=100","17","units","0","v41690974","2.3","92.0","","","","1"
"1999-12","Canada","2016A000011124","Food","2002=100","17","units","0","v41690974","2.3","92.2","","","","1"
"2000-01","Canada","2016A000011124","Food","2002=100","17","units","0","v41690974","2.3","92.1","","","","1"
"2000-02","Canada","2016A000011124","Food","2002=100","17","units","0","v41690974","2.3","91.9","","","","1"
"2000-03","Canada","2016A000011124","Food","2002=100","17","units","0","v41690974","2.3","92.3","","","","1"
"2000-04","Canada","2016A000011124","Food","2002=100","17","units","0","v41690974","2.3","92.5","","","","1"
"2000-05","Canada","2016A000011124","Food","2002=100","17","units","0","v41690974","2.3","93.2","","","","1"
"2000-06","Canada","2016A000011124","Food","2002=100","17","units","0","v41690974","2.3","93.8","","","","1"
"2000-07","Canada","2016A000011124","Food","2002=100","17","units","0","v41690974","2.3","94.3","","","","1"
"2000-08","Canada","2016A000011124","Food","2002=100","17","units","0","v41690974","2.3","94.0","","","","1"
"2000-09","Canada","2016A000011124","Food","2002=100","17","units","0","v41690974","2.3","93.3","","","","1"
"2000-10","Canada","2016A000011124","Food","2002=100","17","units","0","v41690974","2.3","93.1","","","","1"
"2000-11","Canada","2016A000011124","Food","2002=100","17","units","0","v41690974","2.3","93.9","","","","1"
"2000-12","Canada","2016A000011124","Food","2002=100","17","units","0","v41690974","2.3","95.1","","","","1"
"2001-01","Canada","2016A000011124","Food","2002=100","17","units","0","v41690974","2.3","95.3","","","","1"
"2001-02","Canada","2016A000011124","Food","2002=100","17","units","0","v41690974","2.3","96.1","","","","1"
"2001-03","Canada","2016A000011124","Food","2002=100","17","units","0","v41690974","2.3","96.9","","","","1"
"2001-04","Canada","2016A000011124","Food","2002=100","17","units","0","v41690974","2.3","97.2","","","","1"
"2001-05","Canada","2016A000011124","Food","2002=100","17","units","0","v41690974","2.3","98.0","","","","1"
"2001-06","Canada","2016A000011124","Food","2002=100","17","units","0","v41690974","2.3","98.2","","","","1"
"2001-07","Canada","2016A000011124","Food","2002=100","17","units","0","v41690974","2.3","98.6","","","","1"
"2001-08","Canada","2016A000011124","Food","2002=100","17","units","0","v41690974","2.3","97.9","","","","1"
"2001-09","Canada","2016A000011124","Food","2002=100","17","units","0","v41690974","2.3","97.2","","","","1"
"2001-10","Canada","2016A000011124","Food","2002=100","17","units","0","v41690974","2.3","97.0","","","","1"
"2001-11","Canada","2016A000011124","Food","2002=100","17","units","0","v41690974","2.3","97.5","","","","1"
"2001-12","Canada","2016A000011124","Food","2002=100","17","units","0","v41690974","2.3","98.6","","","","1"
"2002-01","Canada","2016A000011124","Food","2002=100","17","units","0","v41690974","2.3","99.7","","","","1"
"2002-02","Canada","2016A000011124","Food","2002=100","17","units","0","v41690974","2.3","100.3","","","","1"
"2002-03","Canada","2016A000011124","Food","2002=100","17","units","0","v41690974","2.3","100.1","","","","1"
"2002-04","Canada","2016A000011124","Food","2002=100","17","units","0","v41690974","2.3","100.5","","","","1"
"2002-05","Canada","2016A000011124","Food","2002=100","17","units","0","v41690974","2.3","100.1","","","","1"
"2002-06","Canada","2016A000011124","Food","2002=100","17","units","0","v41690974","2.3","100.5","","","","1"
"2002-07","Canada","2016A000011124","Food","2002=100","17","units","0","v41690974","2.3","100.5","","","","1"
"2002-08","Canada","2016A000011124","Food","2002=100","17","units","0","v41690974","2.3","99.9","","","","1"
"2002-09","Canada","2016A000011124","Food","2002=100","17","units","0","v41690974","2.3","99.0","","","","1"
"2002-10","Canada","2016A000011124","Food","2002=100","17","units","0","v41690974","2.3","98.5","","","","1"
"2002-11","Canada","2016A000011124","Food","2002=100","17","units","0","v41690974","2.3","100.1","","","","1"
"2002-12","Canada","2016A000011124","Food","2002=100","17","units","0","v41690974","2.3","100.8","","","","1"
"2003-01","Canada","2016A000011124","Food","2002=100","17","units","0","v41690974","2.3","101.6","","","","1"
"2003-02","Canada","2016A000011124","Food","2002=100","17","units","0","v41690974","2.3","101.5","","","","1"
"2003-03","Canada","2016A000011124","Food","2002=100","17","units","0","v41690974","2.3","101.7","","","","1"
"2003-04","Canada","2016A000011124","Food","2002=100","17","units","0","v41690974","2.3","101.8","","","","1"
"2003-05","Canada","2016A000011124","Food","2002=100","17","units","0","v41690974","2.3","102.1","","","","1"
"2003-06","Canada","2016A000011124","Food","2002=100","17","units","0","v41690974","2.3","102.4","","","","1"
"2003-07","Canada","2016A000011124","Food","2002=100","17","units","0","v41690974","2.3","102.4","","","","1"
"2003-08","Canada","2016A000011124","Food","2002=100","17","units","0","v41690974","2.3","101.5","","","","1"
"2003-09","Canada","2016A000011124","Food","2002=100","17","units","0","v41690974","2.3","100.8","","","","1"
"2003-10","Canada","2016A000011124","Food","2002=100","17","units","0","v41690974","2.3","100.7","","","","1"
"2003-11","Canada","2016A000011124","Food","2002=100","17","units","0","v41690974","2.3","101.7","","","","1"
"2003-12","Canada","2016A000011124","Food","2002=100","17","units","0","v41690974","2.3","102.6","","","","1"
"2004-01","Canada","2016A000011124","Food","2002=100","17","units","0","v41690974","2.3","102.8","","","","1"
"2004-02","Canada","2016A000011124","Food","2002=100","17","units","0","v41690974","2.3","102.6","","","","1"
"2004-03","Canada","2016A000011124","Food","2002=100","17","units","0","v41690974","2.3","102.7","","","","1"
"2004-04","Canada","2016A000011124","Food","2002=100","17","units","0","v41690974","2.3","102.5","","","","1"
"2004-05","Canada","2016A000011124","Food","2002=100","17","units","0","v41690974","2.3","103.4","","","","1"
"2004-06","Canada","2016A000011124","Food","2002=100","17","units","0","v41690974","2.3","104.4","","","","1"
"2004-07","Canada","2016A000011124","Food","2002=100","17","units","0","v41690974","2.3","104.4","","","","1"
"2004-08","Canada","2016A000011124","Food","2002=100","17","units","0","v41690974","2.3","104.1","","","","1"
"2004-09","Canada","2016A000011124","Food","2002=100","17","units","0","v41690974","2.3","103.7","","","","1"
"2004-10","Canada","2016A000011124","Food","2002=100","17","units","0","v41690974","2.3","104.2","","","","1"
"2004-11","Canada","2016A000011124","Food","2002=100","17","units","0","v41690974","2.3","105.2","","","","1"
"2004-12","Canada","2016A000011124","Food","2002=100","17","units","0","v41690974","2.3","105.7","","","","1"
"2005-01","Canada","2016A000011124","Food","2002=100","17","units","0","v41690974","2.3","105.4","","","","1"
"2005-02","Canada","2016A000011124","Food","2002=100","17","units","0","v41690974","2.3","105.2","","","","1"
"2005-03","Canada","2016A000011124","Food","2002=100","17","units","0","v41690974","2.3","105.6","","","","1"
"2005-04","Canada","2016A000011124","Food","2002=100","17","units","0","v41690974","2.3","106.6","","","","1"
"2005-05","Canada","2016A000011124","Food","2002=100","17","units","0","v41690974","2.3","106.8","","","","1"
"2005-06","Canada","2016A000011124","Food","2002=100","17","units","0","v41690974","2.3","107.2","","","","1"
"2005-07","Canada","2016A000011124","Food","2002=100","17","units","0","v41690974","2.3","106.9","","","","1"
"2005-08","Canada","2016A000011124","Food","2002=100","17","units","0","v41690974","2.3","106.8","","","","1"
"2005-09","Canada","2016A000011124","Food","2002=100","17","units","0","v41690974","2.3","105.8","","","","1"
"2005-10","Canada","2016A000011124","Food","2002=100","17","units","0","v41690974","2.3","106.2","","","","1"
"2005-11","Canada","2016A000011124","Food","2002=100","17","units","0","v41690974","2.3","106.7","","","","1"
"2005-12","Canada","2016A000011124","Food","2002=100","17","units","0","v41690974","2.3","107.5","","","","1"
"2006-01","Canada","2016A000011124","Food","2002=100","17","units","0","v41690974","2.3","108.4","","","","1"
"2006-02","Canada","2016A000011124","Food","2002=100","17","units","0","v41690974","2.3","108.2","","","","1"
"2006-03","Canada","2016A000011124","Food","2002=100","17","units","0","v41690974","2.3","108.2","","","","1"
"2006-04","Canada","2016A000011124","Food","2002=100","17","units","0","v41690974","2.3","108.1","","","","1"
"2006-05","Canada","2016A000011124","Food","2002=100","17","units","0","v41690974","2.3","108.7","","","","1"
"2006-06","Canada","2016A000011124","Food","2002=100","17","units","0","v41690974","2.3","109.2","","","","1"
"2006-07","Canada","2016A000011124","Food","2002=100","17","units","0","v41690974","2.3","109.2","","","","1"
"2006-08","Canada","2016A000011124","Food","2002=100","17","units","0","v41690974","2.3","109.2","","","","1"
"2006-09","Canada","2016A000011124","Food","2002=100","17","units","0","v41690974","2.3","108.8","","","","1"
"2006-10","Canada","2016A000011124","Food","2002=100","17","units","0","v41690974","2.3","109.2","","","","1"
"2006-11","Canada","2016A000011124","Food","2002=100","17","units","0","v41690974","2.3","110.1","","","","1"
"2006-12","Canada","2016A000011124","Food","2002=100","17","units","0","v41690974","2.3","109.9","","","","1"
"2007-01","Canada","2016A000011124","Food","2002=100","17","units","0","v41690974","2.3","110.9","","","","1"
"2007-02","Canada","2016A000011124","Food","2002=100","17","units","0","v41690974","2.3","112.6","","","","1"
"2007-03","Canada","2016A000011124","Food","2002=100","17","units","0","v41690974","2.3","112.2","","","","1"
"2007-04","Canada","2016A000011124","Food","2002=100","17","units","0","v41690974","2.3","112.2","","","","1"
"2007-05","Canada","2016A000011124","Food","2002=100","17","units","0","v41690974","2.3","112.5","","","","1"
"2007-06","Canada","2016A000011124","Food","2002=100","17","units","0","v41690974","2.3","112.6","","","","1"
"2007-07","Canada","2016A000011124","Food","2002=100","17","units","0","v41690974","2.3","112.3","","","","1"
"2007-08","Canada","2016A000011124","Food","2002=100","17","units","0","v41690974","2.3","111.8","","","","1"
"2007-09","Canada","2016A000011124","Food","2002=100","17","units","0","v41690974","2.3","110.9","","","","1"
"2007-10","Canada","2016A000011124","Food","2002=100","17","units","0","v41690974","2.3","110.7","","","","1"
"2007-11","Canada","2016A000011124","Food","2002=100","17","units","0","v41690974","2.3","111.3","","","","1"
"2007-12","Canada","2016A000011124","Food","2002=100","17","units","0","v41690974","2.3","111.7","","","","1"
"2008-01","Canada","2016A000011124","Food","2002=100","17","units","0","v41690974","2.3","112.4","","","","1"
"2008-02","Canada","2016A000011124","Food","2002=100","17","units","0","v41690974","2.3","112.8","","","","1"
"2008-03","Canada","2016A000011124","Food","2002=100","17","units","0","v41690974","2.3","112.6","","","","1"
"2008-04","Canada","2016A000011124","Food","2002=100","17","units","0","v41690974","2.3","113.5","","","","1"
"2008-05","Canada","2016A000011124","Food","2002=100","17","units","0","v41690974","2.3","114.6","","","","1"
"2008-06","Canada","2016A000011124","Food","2002=100","17","units","0","v41690974","2.3","115.8","","","","1"
"2008-07","Canada","2016A000011124","Food","2002=100","17","units","0","v41690974","2.3","116.5","","","","1"
"2008-08","Canada","2016A000011124","Food","2002=100","17","units","0","v41690974","2.3","116.8","","","","1"
"2008-09","Canada","2016A000011124","Food","2002=100","17","units","0","v41690974","2.3","117.1","","","","1"
"2008-10","Canada","2016A000011124","Food","2002=100","17","units","0","v41690974","2.3","117.4","","","","1"
"2008-11","Canada","2016A000011124","Food","2002=100","17","units","0","v41690974","2.3","119.5","","","","1"
"2008-12","Canada","2016A000011124","Food","2002=100","17","units","0","v41690974","2.3","119.8","","","","1"
"2009-01","Canada","2016A000011124","Food","2002=100","17","units","0","v41690974","2.3","120.6","","","","1"
"2009-02","Canada","2016A000011124","Food","2002=100","17","units","0","v41690974","2.3","121.2","","","","1"
"2009-03","Canada","2016A000011124","Food","2002=100","17","units","0","v41690974","2.3","121.5","","","","1"
"2009-04","Canada","2016A000011124","Food","2002=100","17","units","0","v41690974","2.3","121.6","","","","1"
"2009-05","Canada","2016A000011124","Food","2002=100","17","units","0","v41690974","2.3","121.9","","","","1"
"2009-06","Canada","2016A000011124","Food","2002=100","17","units","0","v41690974","2.3","122.2","","","","1"
"2009-07","Canada","2016A000011124","Food","2002=100","17","units","0","v41690974","2.3","122.3","","","","1"
"2009-08","Canada","2016A000011124","Food","2002=100","17","units","0","v41690974","2.3","121.5","","","","1"
"2009-09","Canada","2016A000011124","Food","2002=100","17","units","0","v41690974","2.3","120.4","","","","1"
"2009-10","Canada","2016A000011124","Food","2002=100","17","units","0","v41690974","2.3","120.1","","","","1"
"2009-11","Canada","2016A000011124","Food","2002=100","17","units","0","v41690974","2.3","121.5","","","","1"
"2009-12","Canada","2016A000011124","Food","2002=100","17","units","0","v41690974","2.3","121.8","","","","1"
"2010-01","Canada","2016A000011124","Food","2002=100","17","units","0","v41690974","2.3","122.3","","","","1"
"2010-02","Canada","2016A000011124","Food","2002=100","17","units","0","v41690974","2.3","122.7","","","","1"
"2010-03","Canada","2016A000011124","Food","2002=100","17","units","0","v41690974","2.3","123.1","","","","1"
"2010-04","Canada","2016A000011124","Food","2002=100","17","units","0","v41690974","2.3","122.8","","","","1"
"2010-05","Canada","2016A000011124","Food","2002=100","17","units","0","v41690974","2.3","122.9","","","","1"
"2010-06","Canada","2016A000011124","Food","2002=100","17","units","0","v41690974","2.3","123.0","","","","1"
"2010-07","Canada","2016A000011124","Food","2002=100","17","units","0","v41690974","2.3","123.7","","","","1"
"2010-08","Canada","2016A000011124","Food","2002=100","17","units","0","v41690974","2.3","123.5","","","","1"
"2010-09","Canada","2016A000011124","Food","2002=100","17","units","0","v41690974","2.3","122.9","","","","1"
"2010-10","Canada","2016A000011124","Food","2002=100","17","units","0","v41690974","2.3","122.7","","","","1"
"2010-11","Canada","2016A000011124","Food","2002=100","17","units","0","v41690974","2.3","123.3","","","","1"
"2010-12","Canada","2016A000011124","Food","2002=100","17","units","0","v41690974","2.3","123.9","","","","1"
"2011-01","Canada","2016A000011124","Food","2002=100","17","units","0","v41690974","2.3","124.9","","","","1"
"2011-02","Canada","2016A000011124","Food","2002=100","17","units","0","v41690974","2.3","125.3","","","","1"
"2011-03","Canada","2016A000011124","Food","2002=100","17","units","0","v41690974","2.3","127.2","","","","1"
"2011-04","Canada","2016A000011124","Food","2002=100","17","units","0","v41690974","2.3","126.9","","","","1"
"2011-05","Canada","2016A000011124","Food","2002=100","17","units","0","v41690974","2.3","127.7","","","","1"
"2011-06","Canada","2016A000011124","Food","2002=100","17","units","0","v41690974","2.3","128.3","","","","1"
"2011-07","Canada","2016A000011124","Food","2002=100","17","units","0","v41690974","2.3","129.0","","","","1"
"2011-08","Canada","2016A000011124","Food","2002=100","17","units","0","v41690974","2.3","128.9","","","","1"
"2011-09","Canada","2016A000011124","Food","2002=100","17","units","0","v41690974","2.3","128.2","","","","1"
"2011-10","Canada","2016A000011124","Food","2002=100","17","units","0","v41690974","2.3","128.0","","","","1"
"2011-11","Canada","2016A000011124","Food","2002=100","17","units","0","v41690974","2.3","129.2","","","","1"
"2011-12","Canada","2016A000011124","Food","2002=100","17","units","0","v41690974","2.3","129.3","","","","1"
"2012-01","Canada","2016A000011124","Food","2002=100","17","units","0","v41690974","2.3","130.2","","","","1"
"2012-02","Canada","2016A000011124","Food","2002=100","17","units","0","v41690974","2.3","130.4","","","","1"
"2012-03","Canada","2016A000011124","Food","2002=100","17","units","0","v41690974","2.3","130.0","","","","1"
"2012-04","Canada","2016A000011124","Food","2002=100","17","units","0","v41690974","2.3","130.1","","","","1"
"2012-05","Canada","2016A000011124","Food","2002=100","17","units","0","v41690974","2.3","130.9","","","","1"
"2012-06","Canada","2016A000011124","Food","2002=100","17","units","0","v41690974","2.3","130.9","","","","1"
"2012-07","Canada","2016A000011124","Food","2002=100","17","units","0","v41690974","2.3","131.7","","","","1"
"2012-08","Canada","2016A000011124","Food","2002=100","17","units","0","v41690974","2.3","131.7","","","","1"
"2012-09","Canada","2016A000011124","Food","2002=100","17","units","0","v41690974","2.3","130.3","","","","1"
"2012-10","Canada","2016A000011124","Food","2002=100","17","units","0","v41690974","2.3","130.5","","","","1"
"2012-11","Canada","2016A000011124","Food","2002=100","17","units","0","v41690974","2.3","131.4","","","","1"
"2012-12","Canada","2016A000011124","Food","2002=100","17","units","0","v41690974","2.3","131.2","","","","1"
"2013-01","Canada","2016A000011124","Food","2002=100","17","units","0","v41690974","2.3","131.6","","","","1"
"2013-02","Canada","2016A000011124","Food","2002=100","17","units","0","v41690974","2.3","132.9","","","","1"
"2013-03","Canada","2016A000011124","Food","2002=100","17","units","0","v41690974","2.3","132.4","","","","1"
"2013-04","Canada","2016A000011124","Food","2002=100","17","units","0","v41690974","2.3","132.1","","","","1"
"2013-05","Canada","2016A000011124","Food","2002=100","17","units","0","v41690974","2.3","132.6","","","","1"
"2013-06","Canada","2016A000011124","Food","2002=100","17","units","0","v41690974","2.3","132.5","","","","1"
"2013-07","Canada","2016A000011124","Food","2002=100","17","units","0","v41690974","2.3","132.7","","","","1"
"2013-08","Canada","2016A000011124","Food","2002=100","17","units","0","v41690974","2.3","133.0","","","","1"
"2013-09","Canada","2016A000011124","Food","2002=100","17","units","0","v41690974","2.3","131.9","","","","1"
"2013-10","Canada","2016A000011124","Food","2002=100","17","units","0","v41690974","2.3","131.7","","","","1"
"2013-11","Canada","2016A000011124","Food","2002=100","17","units","0","v41690974","2.3","132.8","","","","1"
"2013-12","Canada","2016A000011124","Food","2002=100","17","units","0","v41690974","2.3","132.5","","","","1"
"2014-01","Canada","2016A000011124","Food","2002=100","17","units","0","v41690974","2.3","133.0","","","","1"
"2014-02","Canada","2016A000011124","Food","2002=100","17","units","0","v41690974","2.3","134.3","","","","1"
"2014-03","Canada","2016A000011124","Food","2002=100","17","units","0","v41690974","2.3","134.4","","","","1"
"2014-04","Canada","2016A000011124","Food","2002=100","17","units","0","v41690974","2.3","134.6","","","","1"
"2014-05","Canada","2016A000011124","Food","2002=100","17","units","0","v41690974","2.3","135.7","","","","1"
"2014-06","Canada","2016A000011124","Food","2002=100","17","units","0","v41690974","2.3","136.4","","","","1"
"2014-07","Canada","2016A000011124","Food","2002=100","17","units","0","v41690974","2.3","136.5","","","","1"
"2014-08","Canada","2016A000011124","Food","2002=100","17","units","0","v41690974","2.3","135.9","","","","1"
"2014-09","Canada","2016A000011124","Food","2002=100","17","units","0","v41690974","2.3","135.5","","","","1"
"2014-10","Canada","2016A000011124","Food","2002=100","17","units","0","v41690974","2.3","135.4","","","","1"
"2014-11","Canada","2016A000011124","Food","2002=100","17","units","0","v41690974","2.3","136.9","","","","1"
"2014-12","Canada","2016A000011124","Food","2002=100","17","units","0","v41690974","2.3","137.4","","","","1"
"2015-01","Canada","2016A000011124","Food","2002=100","17","units","0","v41690974","2.3","139.1","","","","1"
"2015-02","Canada","2016A000011124","Food","2002=100","17","units","0","v41690974","2.3","139.5","","","","1"
"2015-03","Canada","2016A000011124","Food","2002=100","17","units","0","v41690974","2.3","139.5","","","","1"
"2015-04","Canada","2016A000011124","Food","2002=100","17","units","0","v41690974","2.3","139.4","","","","1"
"2015-05","Canada","2016A000011124","Food","2002=100","17","units","0","v41690974","2.3","140.8","","","","1"
"2015-06","Canada","2016A000011124","Food","2002=100","17","units","0","v41690974","2.3","141.0","","","","1"
"2015-07","Canada","2016A000011124","Food","2002=100","17","units","0","v41690974","2.3","140.9","","","","1"
"2015-08","Canada","2016A000011124","Food","2002=100","17","units","0","v41690974","2.3","140.8","","","","1"
"2015-09","Canada","2016A000011124","Food","2002=100","17","units","0","v41690974","2.3","140.3","","","","1"
"2015-10","Canada","2016A000011124","Food","2002=100","17","units","0","v41690974","2.3","140.9","","","","1"
"2015-11","Canada","2016A000011124","Food","2002=100","17","units","0","v41690974","2.3","141.6","","","","1"
"2015-12","Canada","2016A000011124","Food","2002=100","17","units","0","v41690974","2.3","142.5","","","","1"
"2016-01","Canada","2016A000011124","Food","2002=100","17","units","0","v41690974","2.3","144.6","","","","1"
"2016-02","Canada","2016A000011124","Food","2002=100","17","units","0","v41690974","2.3","145.0","","","","1"
"2016-03","Canada","2016A000011124","Food","2002=100","17","units","0","v41690974","2.3","144.5","","","","1"
"2016-04","Canada","2016A000011124","Food","2002=100","17","units","0","v41690974","2.3","143.8","","","","1"
"2016-05","Canada","2016A000011124","Food","2002=100","17","units","0","v41690974","2.3","143.3","","","","1"
"2016-06","Canada","2016A000011124","Food","2002=100","17","units","0","v41690974","2.3","142.8","","","","1"
"2016-07","Canada","2016A000011124","Food","2002=100","17","units","0","v41690974","2.3","143.2","","","","1"
"2016-08","Canada","2016A000011124","Food","2002=100","17","units","0","v41690974","2.3","142.3","","","","1"
"2016-09","Canada","2016A000011124","Food","2002=100","17","units","0","v41690974","2.3","140.4","","","","1"
"2016-10","Canada","2016A000011124","Food","2002=100","17","units","0","v41690974","2.3","139.9","","","","1"
"2016-11","Canada","2016A000011124","Food","2002=100","17","units","0","v41690974","2.3","140.6","","","","1"
"2016-12","Canada","2016A000011124","Food","2002=100","17","units","0","v41690974","2.3","140.6","","","","1"
"2017-01","Canada","2016A000011124","Food","2002=100","17","units","0","v41690974","2.3","141.5","","","","1"
"2017-02","Canada","2016A000011124","Food","2002=100","17","units","0","v41690974","2.3","141.7","","","","1"
"2017-03","Canada","2016A000011124","Food","2002=100","17","units","0","v41690974","2.3","141.8","","","","1"
"2017-04","Canada","2016A000011124","Food","2002=100","17","units","0","v41690974","2.3","142.2","","","","1"
"2017-05","Canada","2016A000011124","Food","2002=100","17","units","0","v41690974","2.3","143.1","","","","1"
"2017-06","Canada","2016A000011124","Food","2002=100","17","units","0","v41690974","2.3","143.6","","","","1"
"2017-07","Canada","2016A000011124","Food","2002=100","17","units","0","v41690974","2.3","144.1","","","","1"
"2017-08","Canada","2016A000011124","Food","2002=100","17","units","0","v41690974","2.3","143.6","","","","1"
"2017-09","Canada","2016A000011124","Food","2002=100","17","units","0","v41690974","2.3","142.4","","","","1"
"2017-10","Canada","2016A000011124","Food","2002=100","17","units","0","v41690974","2.3","141.7","","","","1"
"2017-11","Canada","2016A000011124","Food","2002=100","17","units","0","v41690974","2.3","142.9","","","","1"
"2017-12","Canada","2016A000011124","Food","2002=100","17","units","0","v41690974","2.3","143.4","","","","1"
"2018-01","Canada","2016A000011124","Food","2002=100","17","units","0","v41690974","2.3","144.7","","","","1"
"2018-02","Canada","2016A000011124","Food","2002=100","17","units","0","v41690974","2.3","144.7","","","","1"
"2018-03","Canada","2016A000011124","Food","2002=100","17","units","0","v41690974","2.3","144.2","","","","1"
"2018-04","Canada","2016A000011124","Food","2002=100","17","units","0","v41690974","2.3","144.8","","","","1"
"2018-05","Canada","2016A000011124","Food","2002=100","17","units","0","v41690974","2.3","144.6","","","","1"
"2018-06","Canada","2016A000011124","Food","2002=100","17","units","0","v41690974","2.3","145.6","","","","1"
"2018-07","Canada","2016A000011124","Food","2002=100","17","units","0","v41690974","2.3","146.1","","","","1"
"2018-08","Canada","2016A000011124","Food","2002=100","17","units","0","v41690974","2.3","145.9","","","","1"
"2018-09","Canada","2016A000011124","Food","2002=100","17","units","0","v41690974","2.3","144.9","","","","1"
"2018-10","Canada","2016A000011124","Food","2002=100","17","units","0","v41690974","2.3","144.6","","","","1"
"2018-11","Canada","2016A000011124","Food","2002=100","17","units","0","v41690974","2.3","146.1","","","","1"
"2018-12","Canada","2016A000011124","Food","2002=100","17","units","0","v41690974","2.3","147.5","","","","1"
"2019-01","Canada","2016A000011124","Food","2002=100","17","units","0","v41690974","2.3","148.7","","","","1"
"2019-02","Canada","2016A000011124","Food","2002=100","17","units","0","v41690974","2.3","149.3","","","","1"
"2019-03","Canada","2016A000011124","Food","2002=100","17","units","0","v41690974","2.3","149.4","","","","1"
"2019-04","Canada","2016A000011124","Food","2002=100","17","units","0","v41690974","2.3","149.0","","","","1"
"2019-05","Canada","2016A000011124","Food","2002=100","17","units","0","v41690974","2.3","149.7","","","","1"
"2019-06","Canada","2016A000011124","Food","2002=100","17","units","0","v41690974","2.3","150.7","","","","1"
"2019-07","Canada","2016A000011124","Food","2002=100","17","units","0","v41690974","2.3","151.6","","","","1"
"2019-08","Canada","2016A000011124","Food","2002=100","17","units","0","v41690974","2.3","151.1","","","","1"
"2019-09","Canada","2016A000011124","Food","2002=100","17","units","0","v41690974","2.3","150.2","","","","1"
"2019-10","Canada","2016A000011124","Food","2002=100","17","units","0","v41690974","2.3","149.9","","","","1"
"2019-11","Canada","2016A000011124","Food","2002=100","17","units","0","v41690974","2.3","151.1","","","","1"
"2019-12","Canada","2016A000011124","Food","2002=100","17","units","0","v41690974","2.3","151.9","","","","1"
"2020-01","Canada","2016A000011124","Food","2002=100","17","units","0","v41690974","2.3","153.5","","","","1"
"2020-02","Canada","2016A000011124","Food","2002=100","17","units","0","v41690974","2.3","152.9","","","","1"
"2020-03","Canada","2016A000011124","Food","2002=100","17","units","0","v41690974","2.3","152.8","","","","1"
"2020-04","Canada","2016A000011124","Food","2002=100","17","units","0","v41690974","2.3","154.0","","","","1"
"2020-05","Canada","2016A000011124","Food","2002=100","17","units","0","v41690974","2.3","154.3","","","","1"
"2020-06","Canada","2016A000011124","Food","2002=100","17","units","0","v41690974","2.3","154.8","","","","1"
"2020-07","Canada","2016A000011124","Food","2002=100","17","units","0","v41690974","2.3","155.0","","","","1"
"2020-08","Canada","2016A000011124","Food","2002=100","17","units","0","v41690974","2.3","153.8","","","","1"
"2020-09","Canada","2016A000011124","Food","2002=100","17","units","0","v41690974","2.3","152.6","","","","1"
"2020-10","Canada","2016A000011124","Food","2002=100","17","units","0","v41690974","2.3","153.3","","","","1"
"2020-11","Canada","2016A000011124","Food","2002=100","17","units","0","v41690974","2.3","153.9","","","","1"
"2020-12","Canada","2016A000011124","Food","2002=100","17","units","0","v41690974","2.3","153.6","","","","1"
"2021-01","Canada","2016A000011124","Food","2002=100","17","units","0","v41690974","2.3","155.0","","","","1"
"2021-02","Canada","2016A000011124","Food","2002=100","17","units","0","v41690974","2.3","155.6","","","","1"
"2021-03","Canada","2016A000011124","Food","2002=100","17","units","0","v41690974","2.3","155.5","","","","1"
"2021-04","Canada","2016A000011124","Food","2002=100","17","units","0","v41690974","2.3","155.4","","","","1"
"2021-05","Canada","2016A000011124","Food","2002=100","17","units","0","v41690974","2.3","156.6","","","","1"
"2021-06","Canada","2016A000011124","Food","2002=100","17","units","0","v41690974","2.3","156.8","","","","1"
"2021-07","Canada","2016A000011124","Food","2002=100","17","units","0","v41690974","2.3","157.6","","","","1"
"2021-08","Canada","2016A000011124","Food","2002=100","17","units","0","v41690974","2.3","158.0","","","","1"
"2021-09","Canada","2016A000011124","Food","2002=100","17","units","0","v41690974","2.3","158.5","","","","1"
"2021-10","Canada","2016A000011124","Food","2002=100","17","units","0","v41690974","2.3","159.2","","","","1"
"2021-11","Canada","2016A000011124","Food","2002=100","17","units","0","v41690974","2.3","160.7","","","","1"
"2021-12","Canada","2016A000011124","Food","2002=100","17","units","0","v41690974","2.3","161.6","","","","1"
"2022-01","Canada","2016A000011124","Food","2002=100","17","units","0","v41690974","2.3","163.9","","","","1"
"2022-02","Canada","2016A000011124","Food","2002=100","17","units","0","v41690974","2.3","166.0","","","","1"
"2022-03","Canada","2016A000011124","Food","2002=100","17","units","0","v41690974","2.3","167.5","","","","1"
"2022-04","Canada","2016A000011124","Food","2002=100","17","units","0","v41690974","2.3","169.0","","","","1"
"2022-05","Canada","2016A000011124","Food","2002=100","17","units","0","v41690974","2.3","170.4","","","","1"
"2022-06","Canada","2016A000011124","Food","2002=100","17","units","0","v41690974","2.3","170.6","","","","1"
"2022-07","Canada","2016A000011124","Food","2002=100","17","units","0","v41690974","2.3","172.1","","","","1"
"2022-08","Canada","2016A000011124","Food","2002=100","17","units","0","v41690974","2.3","173.5","","","","1"
"2022-09","Canada","2016A000011124","Food","2002=100","17","units","0","v41690974","2.3","174.8","","","","1"
"2022-10","Canada","2016A000011124","Food","2002=100","17","units","0","v41690974","2.3","175.2","","","","1"
"2022-11","Canada","2016A000011124","Food","2002=100","17","units","0","v41690974","2.3","177.3","","","","1"
"2022-12","Canada","2016A000011124","Food","2002=100","17","units","0","v41690974","2.3","177.9","","","","1"
"2023-01","Canada","2016A000011124","Food","2002=100","17","units","0","v41690974","2.3","181.0","","","","1"
"2023-02","Canada","2016A000011124","Food","2002=100","17","units","0","v41690974","2.3","182.1","","","","1"
"2023-03","Canada","2016A000011124","Food","2002=100","17","units","0","v41690974","2.3","182.4","","","","1"
"2023-04","Canada","2016A000011124","Food","2002=100","17","units","0","v41690974","2.3","183.1","","","","1"
"2023-05","Canada","2016A000011124","Food","2002=100","17","units","0","v41690974","2.3","184.6","","","","1"
"2023-06","Canada","2016A000011124","Food","2002=100","17","units","0","v41690974","2.3","184.8","","","","1"
"2023-07","Canada","2016A000011124","Food","2002=100","17","units","0","v41690974","2.3","185.5","","","","1"
"2023-08","Canada","2016A000011124","Food","2002=100","17","units","0","v41690974","2.3","185.3","","","","1"
"2023-09","Canada","2016A000011124","Food","2002=100","17","units","0","v41690974","2.3","185.2","","","","1"
"2023-10","Canada","2016A000011124","Food","2002=100","17","units","0","v41690974","2.3","185.0","","","","1"
"2023-11","Canada","2016A000011124","Food","2002=100","17","units","0","v41690974","2.3","186.2","","","","1"
"2023-12","Canada","2016A000011124","Food","2002=100","17","units","0","v41690974","2.3","186.8","","","","1"
"2024-01","Canada","2016A000011124","Food","2002=100","17","units","0","v41690974","2.3","188.1","","","","1"
"2024-02","Canada","2016A000011124","Food","2002=100","17","units","0","v41690974","2.3","188.1","","","","1"
"2024-03","Canada","2016A000011124","Food","2002=100","17","units","0","v41690974","2.3","187.8","","","","1"
"2024-04","Canada","2016A000011124","Food","2002=100","17","units","0","v41690974","2.3","187.4","","","","1"
"2024-05","Canada","2016A000011124","Food","2002=100","17","units","0","v41690974","2.3","189.0","","","","1"
"2024-06","Canada","2016A000011124","Food","2002=100","17","units","0","v41690974","2.3","190.0","","","","1"
"2024-07","Canada","2016A000011124","Food","2002=100","17","units","0","v41690974","2.3","190.5","","","","1"
"2024-08","Canada","2016A000011124","Food","2002=100","17","units","0","v41690974","2.3","190.3","","","","1"
"2024-09","Canada","2016A000011124","Food","2002=100","17","units","0","v41690974","2.3","190.3","","","","1"
"2024-10","Canada","2016A000011124","Food","2002=100","17","units","0","v41690974","2.3","190.5","","","","1"
"2024-11","Canada","2016A000011124","Food","2002=100","17","units","0","v41690974","2.3","191.5","","","","1"
"2024-12","Canada","2016A000011124","Food","2002=100","17","units","0","v41690974","2.3","188.0","","","","1"
"2025-01","Canada","2016A000011124","Food","2002=100","17","units","0","v41690974","2.3","187.0","","","","1"
"2025-02","Canada","2016A000011124","Food","2002=100","17","units","0","v41690974","2.3","190.5","","","","1"
"2025-03","Canada","2016A000011124","Food","2002=100","17","units","0","v41690974","2.3","193.8","","","","1"
"2025-04","Canada","2016A000011124","Food","2002=100","17","units","0","v41690974","2.3","194.5","","","","1"
"2025-05","Canada","2016A000011124","Food","2002=100","17","units","0","v41690974","2.3","195.4","","","","1"
"2025-06","Canada","2016A000011124","Food","2002=100","17","units","0","v41690974","2.3","195.6","","","","1"
"2025-07","Canada","2016A000011124","Food","2002=100","17","units","0","v41690974","2.3","196.8","","","","1"
"2025-08","Canada","2016A000011124","Food","2002=100","17","units","0","v41690974","2.3","196.8","","","","1"
"2025-09","Canada","2016A000011124","Food","2002=100","17","units","0","v41690974","2.3","197.5","","","","1"
"2025-10","Canada","2016A000011124","Food","2002=100","17","units","0","v41690974","2.3","196.9","","","","1"
"2025-11","Canada","2016A000011124","Food","2002=100","17","units","0","v41690974","2.3","199.5","","","","1"
"1990-01","Canada","2016A000011124","Shelter","2002=100","17","units","0","v41691050","2.79","80.9","","","","1"
"1990-02","Canada","2016A000011124","Shelter","2002=100","17","units","0","v41691050","2.79","81.3","","","","1"
"1990-03","Canada","2016A000011124","Shelter","2002=100","17","units","0","v41691050","2.79","81.5","","","","1"
"1990-04","Canada","2016A000011124","Shelter","2002=100","17","units","0","v41691050","2.79","81.9","","","","1"
"1990-05","Canada","2016A000011124","Shelter","2002=100","17","units","0","v41691050","2.79","82.2","","","","1"
"1990-06","Canada","2016A000011124","Shelter","2002=100","17","units","0","v41691050","2.79","82.2","","","","1"
"1990-07","Canada","2016A000011124","Shelter","2002=100","17","units","0","v41691050","2.79","82.2","","","","1"
"1990-08","Canada","2016A000011124","Shelter","2002=100","17","units","0","v41691050","2.79","82.5","","","","1"
"1990-09","Canada","2016A000011124","Shelter","2002=100","17","units","0","v41691050","2.79","82.8","","","","1"
"1990-10","Canada","2016A000011124","Shelter","2002=100","17","units","0","v41691050","2.79","83.8","","","","1"
"1990-11","Canada","2016A000011124","Shelter","2002=100","17","units","0","v41691050","2.79","84.2","","","","1"
"1990-12","Canada","2016A000011124","Shelter","2002=100","17","units","0","v41691050","2.79","84.3","","","","1"
"1991-01","Canada","2016A000011124","Shelter","2002=100","17","units","0","v41691050","2.79","85.8","","","","1"
"1991-02","Canada","2016A000011124","Shelter","2002=100","17","units","0","v41691050","2.79","85.8","","","","1"
"1991-03","Canada","2016A000011124","Shelter","2002=100","17","units","0","v41691050","2.79","85.6","","","","1"
"1991-04","Canada","2016A000011124","Shelter","2002=100","17","units","0","v41691050","2.79","85.7","","","","1"
"1991-05","Canada","2016A000011124","Shelter","2002=100","17","units","0","v41691050","2.79","85.8","","","","1"
"1991-06","Canada","2016A000011124","Shelter","2002=100","17","units","0","v41691050","2.79","86.0","","","","1"
"1991-07","Canada","2016A000011124","Shelter","2002=100","17","units","0","v41691050","2.79","86.3","","","","1"
"1991-08","Canada","2016A000011124","Shelter","2002=100","17","units","0","v41691050","2.79","86.5","","","","1"
"1991-09","Canada","2016A000011124","Shelter","2002=100","17","units","0","v41691050","2.79","86.5","","","","1"
"1991-10","Canada","2016A000011124","Shelter","2002=100","17","units","0","v41691050","2.79","87.2","","","","1"
"1991-11","Canada","2016A000011124","Shelter","2002=100","17","units","0","v41691050","2.79","87.2","","","","1"
"1991-12","Canada","2016A000011124","Shelter","2002=100","17","units","0","v41691050","2.79","87.2","","","","1"
"1992-01","Canada","2016A000011124","Shelter","2002=100","17","units","0","v41691050","2.79","87.6","","","","1"
"1992-02","Canada","2016A000011124","Shelter","2002=100","17","units","0","v41691050","2.79","87.6","","","","1"
"1992-03","Canada","2016A000011124","Shelter","2002=100","17","units","0","v41691050","2.79","87.5","","","","1"
"1992-04","Canada","2016A000011124","Shelter","2002=100","17","units","0","v41691050","2.79","87.4","","","","1"
"1992-05","Canada","2016A000011124","Shelter","2002=100","17","units","0","v41691050","2.79","87.6","","","","1"
"1992-06","Canada","2016A000011124","Shelter","2002=100","17","units","0","v41691050","2.79","87.5","","","","1"
"1992-07","Canada","2016A000011124","Shelter","2002=100","17","units","0","v41691050","2.79","87.7","","","","1"
"1992-08","Canada","2016A000011124","Shelter","2002=100","17","units","0","v41691050","2.79","87.9","","","","1"
"1992-09","Canada","2016A000011124","Shelter","2002=100","17","units","0","v41691050","2.79","87.7","","","","1"
"1992-10","Canada","2016A000011124","Shelter","2002=100","17","units","0","v41691050","2.79","88.4","","","","1"
"1992-11","Canada","2016A000011124","Shelter","2002=100","17","units","0","v41691050","2.79","88.6","","","","1"
"1992-12","Canada","2016A000011124","Shelter","2002=100","17","units","0","v41691050","2.79","88.7","","","","1"
"1993-01","Canada","2016A000011124","Shelter","2002=100","17","units","0","v41691050","2.79","88.9","","","","1"
"1993-02","Canada","2016A000011124","Shelter","2002=100","17","units","0","v41691050","2.79","88.9","","","","1"
"1993-03","Canada","2016A000011124","Shelter","2002=100","17","units","0","v41691050","2.79","88.9","","","","1"
"1993-04","Canada","2016A000011124","Shelter","2002=100","17","units","0","v41691050","2.79","89.0","","","","1"
"1993-05","Canada","2016A000011124","Shelter","2002=100","17","units","0","v41691050","2.79","88.9","","","","1"
"1993-06","Canada","2016A000011124","Shelter","2002=100","17","units","0","v41691050","2.79","88.9","","","","1"
"1993-07","Canada","2016A000011124","Shelter","2002=100","17","units","0","v41691050","2.79","88.9","","","","1"
"1993-08","Canada","2016A000011124","Shelter","2002=100","17","units","0","v41691050","2.79","89.0","","","","1"
"1993-09","Canada","2016A000011124","Shelter","2002=100","17","units","0","v41691050","2.79","89.0","","","","1"
"1993-10","Canada","2016A000011124","Shelter","2002=100","17","units","0","v41691050","2.79","89.4","","","","1"
"1993-11","Canada","2016A000011124","Shelter","2002=100","17","units","0","v41691050","2.79","89.5","","","","1"
"1993-12","Canada","2016A000011124","Shelter","2002=100","17","units","0","v41691050","2.79","89.6","","","","1"
"1994-01","Canada","2016A000011124","Shelter","2002=100","17","units","0","v41691050","2.79","89.5","","","","1"
"1994-02","Canada","2016A000011124","Shelter","2002=100","17","units","0","v41691050","2.79","89.5","","","","1"
"1994-03","Canada","2016A000011124","Shelter","2002=100","17","units","0","v41691050","2.79","89.4","","","","1"
"1994-04","Canada","2016A000011124","Shelter","2002=100","17","units","0","v41691050","2.79","88.9","","","","1"
"1994-05","Canada","2016A000011124","Shelter","2002=100","17","units","0","v41691050","2.79","89.0","","","","1"
"1994-06","Canada","2016A000011124","Shelter","2002=100","17","units","0","v41691050","2.79","89.2","","","","1"
"1994-07","Canada","2016A000011124","Shelter","2002=100","17","units","0","v41691050","2.79","89.2","","","","1"
"1994-08","Canada","2016A000011124","Shelter","2002=100","17","units","0","v41691050","2.79","89.4","","","","1"
"1994-09","Canada","2016A000011124","Shelter","2002=100","17","units","0","v41691050","2.79","89.4","","","","1"
"1994-10","Canada","2016A000011124","Shelter","2002=100","17","units","0","v41691050","2.79","89.7","","","","1"
"1994-11","Canada","2016A000011124","Shelter","2002=100","17","units","0","v41691050","2.79","89.8","","","","1"
"1994-12","Canada","2016A000011124","Shelter","2002=100","17","units","0","v41691050","2.79","90.1","","","","1"
"1995-01","Canada","2016A000011124","Shelter","2002=100","17","units","0","v41691050","2.79","90.2","","","","1"
"1995-02","Canada","2016A000011124","Shelter","2002=100","17","units","0","v41691050","2.79","90.2","","","","1"
"1995-03","Canada","2016A000011124","Shelter","2002=100","17","units","0","v41691050","2.79","90.3","","","","1"
"1995-04","Canada","2016A000011124","Shelter","2002=100","17","units","0","v41691050","2.79","90.1","","","","1"
"1995-05","Canada","2016A000011124","Shelter","2002=100","17","units","0","v41691050","2.79","90.3","","","","1"
"1995-06","Canada","2016A000011124","Shelter","2002=100","17","units","0","v41691050","2.79","90.5","","","","1"
"1995-07","Canada","2016A000011124","Shelter","2002=100","17","units","0","v41691050","2.79","90.5","","","","1"
"1995-08","Canada","2016A000011124","Shelter","2002=100","17","units","0","v41691050","2.79","90.5","","","","1"
"1995-09","Canada","2016A000011124","Shelter","2002=100","17","units","0","v41691050","2.79","90.5","","","","1"
"1995-10","Canada","2016A000011124","Shelter","2002=100","17","units","0","v41691050","2.79","90.4","","","","1"
"1995-11","Canada","2016A000011124","Shelter","2002=100","17","units","0","v41691050","2.79","90.6","","","","1"
"1995-12","Canada","2016A000011124","Shelter","2002=100","17","units","0","v41691050","2.79","90.6","","","","1"
"1996-01","Canada","2016A000011124","Shelter","2002=100","17","units","0","v41691050","2.79","90.6","","","","1"
"1996-02","Canada","2016A000011124","Shelter","2002=100","17","units","0","v41691050","2.79","90.6","","","","1"
"1996-03","Canada","2016A000011124","Shelter","2002=100","17","units","0","v41691050","2.79","90.6","","","","1"
"1996-04","Canada","2016A000011124","Shelter","2002=100","17","units","0","v41691050","2.79","90.5","","","","1"
"1996-05","Canada","2016A000011124","Shelter","2002=100","17","units","0","v41691050","2.79","90.6","","","","1"
"1996-06","Canada","2016A000011124","Shelter","2002=100","17","units","0","v41691050","2.79","90.4","","","","1"
"1996-07","Canada","2016A000011124","Shelter","2002=100","17","units","0","v41691050","2.79","90.5","","","","1"
"1996-08","Canada","2016A000011124","Shelter","2002=100","17","units","0","v41691050","2.79","90.3","","","","1"
"1996-09","Canada","2016A000011124","Shelter","2002=100","17","units","0","v41691050","2.79","90.5","","","","1"
"1996-10","Canada","2016A000011124","Shelter","2002=100","17","units","0","v41691050","2.79","90.9","","","","1"
"1996-11","Canada","2016A000011124","Shelter","2002=100","17","units","0","v41691050","2.79","90.6","","","","1"
"1996-12","Canada","2016A000011124","Shelter","2002=100","17","units","0","v41691050","2.79","90.8","","","","1"
"1997-01","Canada","2016A000011124","Shelter","2002=100","17","units","0","v41691050","2.79","90.9","","","","1"
"1997-02","Canada","2016A000011124","Shelter","2002=100","17","units","0","v41691050","2.79","90.9","","","","1"
"1997-03","Canada","2016A000011124","Shelter","2002=100","17","units","0","v41691050","2.79","90.9","","","","1"
"1997-04","Canada","2016A000011124","Shelter","2002=100","17","units","0","v41691050","2.79","90.9","","","","1"
"1997-05","Canada","2016A000011124","Shelter","2002=100","17","units","0","v41691050","2.79","90.7","","","","1"
"1997-06","Canada","2016A000011124","Shelter","2002=100","17","units","0","v41691050","2.79","90.8","","","","1"
"1997-07","Canada","2016A000011124","Shelter","2002=100","17","units","0","v41691050","2.79","90.8","","","","1"
"1997-08","Canada","2016A000011124","Shelter","2002=100","17","units","0","v41691050","2.79","90.6","","","","1"
"1997-09","Canada","2016A000011124","Shelter","2002=100","17","units","0","v41691050","2.79","90.6","","","","1"
"1997-10","Canada","2016A000011124","Shelter","2002=100","17","units","0","v41691050","2.79","90.7","","","","1"
"1997-11","Canada","2016A000011124","Shelter","2002=100","17","units","0","v41691050","2.79","90.7","","","","1"
"1997-12","Canada","2016A000011124","Shelter","2002=100","17","units","0","v41691050","2.79","90.8","","","","1"
"1998-01","Canada","2016A000011124","Shelter","2002=100","17","units","0","v41691050","2.79","90.8","","","","1"
"1998-02","Canada","2016A000011124","Shelter","2002=100","17","units","0","v41691050","2.79","90.7","","","","1"
"1998-03","Canada","2016A000011124","Shelter","2002=100","17","units","0","v41691050","2.79","90.8","","","","1"
"1998-04","Canada","2016A000011124","Shelter","2002=100","17","units","0","v41691050","2.79","90.9","","","","1"
"1998-05","Canada","2016A000011124","Shelter","2002=100","17","units","0","v41691050","2.79","91.0","","","","1"
"1998-06","Canada","2016A000011124","Shelter","2002=100","17","units","0","v41691050","2.79","90.9","","","","1"
"1998-07","Canada","2016A000011124","Shelter","2002=100","17","units","0","v41691050","2.79","91.0","","","","1"
"1998-08","Canada","2016A000011124","Shelter","2002=100","17","units","0","v41691050","2.79","91.1","","","","1"
"1998-09","Canada","2016A000011124","Shelter","2002=100","17","units","0","v41691050","2.79","91.0","","","","1"
"1998-10","Canada","2016A000011124","Shelter","2002=100","17","units","0","v41691050","2.79","91.6","","","","1"
"1998-11","Canada","2016A000011124","Shelter","2002=100","17","units","0","v41691050","2.79","91.5","","","","1"
"1998-12","Canada","2016A000011124","Shelter","2002=100","17","units","0","v41691050","2.79","91.8","","","","1"
"1999-01","Canada","2016A000011124","Shelter","2002=100","17","units","0","v41691050","2.79","91.8","","","","1"
"1999-02","Canada","2016A000011124","Shelter","2002=100","17","units","0","v41691050","2.79","91.8","","","","1"
"1999-03","Canada","2016A000011124","Shelter","2002=100","17","units","0","v41691050","2.79","91.8","","","","1"
"1999-04","Canada","2016A000011124","Shelter","2002=100","17","units","0","v41691050","2.79","92.0","","","","1"
"1999-05","Canada","2016A000011124","Shelter","2002=100","17","units","0","v41691050","2.79","91.9","","","","1"
"1999-06","Canada","2016A000011124","Shelter","2002=100","17","units","0","v41691050","2.79","92.0","","","","1"
"1999-07","Canada","2016A000011124","Shelter","2002=100","17","units","0","v41691050","2.79","92.1","","","","1"
"1999-08","Canada","2016A000011124","Shelter","2002=100","17","units","0","v41691050","2.79","92.3","","","","1"
"1999-09","Canada","2016A000011124","Shelter","2002=100","17","units","0","v41691050","2.79","92.8","","","","1"
"1999-10","Canada","2016A000011124","Shelter","2002=100","17","units","0","v41691050","2.79","92.9","","","","1"
"1999-11","Canada","2016A000011124","Shelter","2002=100","17","units","0","v41691050","2.79","93.1","","","","1"
"1999-12","Canada","2016A000011124","Shelter","2002=100","17","units","0","v41691050","2.79","93.4","","","","1"
"2000-01","Canada","2016A000011124","Shelter","2002=100","17","units","0","v41691050","2.79","93.7","","","","1"
"2000-02","Canada","2016A000011124","Shelter","2002=100","17","units","0","v41691050","2.79","94.4","","","","1"
"2000-03","Canada","2016A000011124","Shelter","2002=100","17","units","0","v41691050","2.79","94.5","","","","1"
"2000-04","Canada","2016A000011124","Shelter","2002=100","17","units","0","v41691050","2.79","94.5","","","","1"
"2000-05","Canada","2016A000011124","Shelter","2002=100","17","units","0","v41691050","2.79","94.7","","","","1"
"2000-06","Canada","2016A000011124","Shelter","2002=100","17","units","0","v41691050","2.79","95.0","","","","1"
"2000-07","Canada","2016A000011124","Shelter","2002=100","17","units","0","v41691050","2.79","95.5","","","","1"
"2000-08","Canada","2016A000011124","Shelter","2002=100","17","units","0","v41691050","2.79","95.7","","","","1"
"2000-09","Canada","2016A000011124","Shelter","2002=100","17","units","0","v41691050","2.79","96.3","","","","1"
"2000-10","Canada","2016A000011124","Shelter","2002=100","17","units","0","v41691050","2.79","97.2","","","","1"
"2000-11","Canada","2016A000011124","Shelter","2002=100","17","units","0","v41691050","2.79","97.7","","","","1"
"2000-12","Canada","2016A000011124","Shelter","2002=100","17","units","0","v41691050","2.79","98.1","","","","1"
"2001-01","Canada","2016A000011124","Shelter","2002=100","17","units","0","v41691050","2.79","97.5","","","","1"
"2001-02","Canada","2016A000011124","Shelter","2002=100","17","units","0","v41691050","2.79","97.3","","","","1"
"2001-03","Canada","2016A000011124","Shelter","2002=100","17","units","0","v41691050","2.79","98.4","","","","1"
"2001-04","Canada","2016A000011124","Shelter","2002=100","17","units","0","v41691050","2.79","98.9","","","","1"
"2001-05","Canada","2016A000011124","Shelter","2002=100","17","units","0","v41691050","2.79","100.0","","","","1"
"2001-06","Canada","2016A000011124","Shelter","2002=100","17","units","0","v41691050","2.79","100.3","","","","1"
"2001-07","Canada","2016A000011124","Shelter","2002=100","17","units","0","v41691050","2.79","99.9","","","","1"
"2001-08","Canada","2016A000011124","Shelter","2002=100","17","units","0","v41691050","2.79","99.9","","","","1"
"2001-09","Canada","2016A000011124","Shelter","2002=100","17","units","0","v41691050","2.79","99.6","","","","1"
"2001-10","Canada","2016A000011124","Shelter","2002=100","17","units","0","v41691050","2.79","99.8","","","","1"
"2001-11","Canada","2016A000011124","Shelter","2002=100","17","units","0","v41691050","2.79","98.4","","","","1"
"2001-12","Canada","2016A000011124","Shelter","2002=100","17","units","0","v41691050","2.79","98.9","","","","1"
"2002-01","Canada","2016A000011124","Shelter","2002=100","17","units","0","v41691050","2.79","99.3","","","","1"
"2002-02","Canada","2016A000011124","Shelter","2002=100","17","units","0","v41691050","2.79","99.4","","","","1"
"2002-03","Canada","2016A000011124","Shelter","2002=100","17","units","0","v41691050","2.79","99.4","","","","1"
"2002-04","Canada","2016A000011124","Shelter","2002=100","17","units","0","v41691050","2.79","99.1","","","","1"
"2002-05","Canada","2016A000011124","Shelter","2002=100","17","units","0","v41691050","2.79","99.4","","","","1"
"2002-06","Canada","2016A000011124","Shelter","2002=100","17","units","0","v41691050","2.79","99.3","","","","1"
"2002-07","Canada","2016A000011124","Shelter","2002=100","17","units","0","v41691050","2.79","99.5","","","","1"
"2002-08","Canada","2016A000011124","Shelter","2002=100","17","units","0","v41691050","2.79","100.3","","","","1"
"2002-09","Canada","2016A000011124","Shelter","2002=100","17","units","0","v41691050","2.79","100.7","","","","1"
"2002-10","Canada","2016A000011124","Shelter","2002=100","17","units","0","v41691050","2.79","101.7","","","","1"
"2002-11","Canada","2016A000011124","Shelter","2002=100","17","units","0","v41691050","2.79","101.7","","","","1"
"2002-12","Canada","2016A000011124","Shelter","2002=100","17","units","0","v41691050","2.79","100.1","","","","1"
"2003-01","Canada","2016A000011124","Shelter","2002=100","17","units","0","v41691050","2.79","102.1","","","","1"
"2003-02","Canada","2016A000011124","Shelter","2002=100","17","units","0","v41691050","2.79","102.5","","","","1"
"2003-03","Canada","2016A000011124","Shelter","2002=100","17","units","0","v41691050","2.79","103.2","","","","1"
"2003-04","Canada","2016A000011124","Shelter","2002=100","17","units","0","v41691050","2.79","102.3","","","","1"
"2003-05","Canada","2016A000011124","Shelter","2002=100","17","units","0","v41691050","2.79","102.9","","","","1"
"2003-06","Canada","2016A000011124","Shelter","2002=100","17","units","0","v41691050","2.79","103.4","","","","1"
"2003-07","Canada","2016A000011124","Shelter","2002=100","17","units","0","v41691050","2.79","103.3","","","","1"
"2003-08","Canada","2016A000011124","Shelter","2002=100","17","units","0","v41691050","2.79","103.4","","","","1"
"2003-09","Canada","2016A000011124","Shelter","2002=100","17","units","0","v41691050","2.79","103.6","","","","1"
"2003-10","Canada","2016A000011124","Shelter","2002=100","17","units","0","v41691050","2.79","103.8","","","","1"
"2003-11","Canada","2016A000011124","Shelter","2002=100","17","units","0","v41691050","2.79","104.0","","","","1"
"2003-12","Canada","2016A000011124","Shelter","2002=100","17","units","0","v41691050","2.79","104.4","","","","1"
"2004-01","Canada","2016A000011124","Shelter","2002=100","17","units","0","v41691050","2.79","104.3","","","","1"
"2004-02","Canada","2016A000011124","Shelter","2002=100","17","units","0","v41691050","2.79","104.5","","","","1"
"2004-03","Canada","2016A000011124","Shelter","2002=100","17","units","0","v41691050","2.79","104.6","","","","1"
"2004-04","Canada","2016A000011124","Shelter","2002=100","17","units","0","v41691050","2.79","105.1","","","","1"
"2004-05","Canada","2016A000011124","Shelter","2002=100","17","units","0","v41691050","2.79","105.3","","","","1"
"2004-06","Canada","2016A000011124","Shelter","2002=100","17","units","0","v41691050","2.79","105.7","","","","1"
"2004-07","Canada","2016A000011124","Shelter","2002=100","17","units","0","v41691050","2.79","106.0","","","","1"
"2004-08","Canada","2016A000011124","Shelter","2002=100","17","units","0","v41691050","2.79","106.2","","","","1"
"2004-09","Canada","2016A000011124","Shelter","2002=100","17","units","0","v41691050","2.79","106.5","","","","1"
"2004-10","Canada","2016A000011124","Shelter","2002=100","17","units","0","v41691050","2.79","107.0","","","","1"
"2004-11","Canada","2016A000011124","Shelter","2002=100","17","units","0","v41691050","2.79","107.4","","","","1"
"2004-12","Canada","2016A000011124","Shelter","2002=100","17","units","0","v41691050","2.79","107.4","","","","1"
"2005-01","Canada","2016A000011124","Shelter","2002=100","17","units","0","v41691050","2.79","107.5","","","","1"
"2005-02","Canada","2016A000011124","Shelter","2002=100","17","units","0","v41691050","2.79","107.7","","","","1"
"2005-03","Canada","2016A000011124","Shelter","2002=100","17","units","0","v41691050","2.79","108.1","","","","1"
"2005-04","Canada","2016A000011124","Shelter","2002=100","17","units","0","v41691050","2.79","108.4","","","","1"
"2005-05","Canada","2016A000011124","Shelter","2002=100","17","units","0","v41691050","2.79","108.6","","","","1"
"2005-06","Canada","2016A000011124","Shelter","2002=100","17","units","0","v41691050","2.79","108.8","","","","1"
"2005-07","Canada","2016A000011124","Shelter","2002=100","17","units","0","v41691050","2.79","109.4","","","","1"
"2005-08","Canada","2016A000011124","Shelter","2002=100","17","units","0","v41691050","2.79","109.3","","","","1"
"2005-09","Canada","2016A000011124","Shelter","2002=100","17","units","0","v41691050","2.79","110.0","","","","1"
"2005-10","Canada","2016A000011124","Shelter","2002=100","17","units","0","v41691050","2.79","110.7","","","","1"
"2005-11","Canada","2016A000011124","Shelter","2002=100","17","units","0","v41691050","2.79","110.8","","","","1"
"2005-12","Canada","2016A000011124","Shelter","2002=100","17","units","0","v41691050","2.79","110.5","","","","1"
"2006-01","Canada","2016A000011124","Shelter","2002=100","17","units","0","v41691050","2.79","111.8","","","","1"
"2006-02","Canada","2016A000011124","Shelter","2002=100","17","units","0","v41691050","2.79","111.7","","","","1"
"2006-03","Canada","2016A000011124","Shelter","2002=100","17","units","0","v41691050","2.79","111.9","","","","1"
"2006-04","Canada","2016A000011124","Shelter","2002=100","17","units","0","v41691050","2.79","112.2","","","","1"
"2006-05","Canada","2016A000011124","Shelter","2002=100","17","units","0","v41691050","2.79","113.0","","","","1"
"2006-06","Canada","2016A000011124","Shelter","2002=100","17","units","0","v41691050","2.79","112.8","","","","1"
"2006-07","Canada","2016A000011124","Shelter","2002=100","17","units","0","v41691050","2.79","113.2","","","","1"
"2006-08","Canada","2016A000011124","Shelter","2002=100","17","units","0","v41691050","2.79","113.5","","","","1"
"2006-09","Canada","2016A000011124","Shelter","2002=100","17","units","0","v41691050","2.79","114.0","","","","1"
"2006-10","Canada","2016A000011124","Shelter","2002=100","17","units","0","v41691050","2.79","114.1","","","","1"
"2006-11","Canada","2016A000011124","Shelter","2002=100","17","units","0","v41691050","2.79","114.1","","","","1"
"2006-12","Canada","2016A000011124","Shelter","2002=100","17","units","0","v41691050","2.79","114.6","","","","1"
"2007-01","Canada","2016A000011124","Shelter","2002=100","17","units","0","v41691050","2.79","114.8","","","","1"
"2007-02","Canada","2016A000011124","Shelter","2002=100","17","units","0","v41691050","2.79","114.9","","","","1"
"2007-03","Canada","2016A000011124","Shelter","2002=100","17","units","0","v41691050","2.79","115.4","","","","1"
"2007-04","Canada","2016A000011124","Shelter","2002=100","17","units","0","v41691050","2.79","116.2","","","","1"
"2007-05","Canada","2016A000011124","Shelter","2002=100","17","units","0","v41691050","2.79","116.0","","","","1"
"2007-06","Canada","2016A000011124","Shelter","2002=100","17","units","0","v41691050","2.79","116.8","","","","1"
"2007-07","Canada","2016A000011124","Shelter","2002=100","17","units","0","v41691050","2.79","117.0","","","","1"
"2007-08","Canada","2016A000011124","Shelter","2002=100","17","units","0","v41691050","2.79","117.6","","","","1"
"2007-09","Canada","2016A000011124","Shelter","2002=100","17","units","0","v41691050","2.79","117.8","","","","1"
"2007-10","Canada","2016A000011124","Shelter","2002=100","17","units","0","v41691050","2.79","118.7","","","","1"
"2007-11","Canada","2016A000011124","Shelter","2002=100","17","units","0","v41691050","2.79","118.8","","","","1"
"2007-12","Canada","2016A000011124","Shelter","2002=100","17","units","0","v41691050","2.79","119.2","","","","1"
"2008-01","Canada","2016A000011124","Shelter","2002=100","17","units","0","v41691050","2.79","119.2","","","","1"
"2008-02","Canada","2016A000011124","Shelter","2002=100","17","units","0","v41691050","2.79","119.6","","","","1"
"2008-03","Canada","2016A000011124","Shelter","2002=100","17","units","0","v41691050","2.79","120.1","","","","1"
"2008-04","Canada","2016A000011124","Shelter","2002=100","17","units","0","v41691050","2.79","121.2","","","","1"
"2008-05","Canada","2016A000011124","Shelter","2002=100","17","units","0","v41691050","2.79","121.6","","","","1"
"2008-06","Canada","2016A000011124","Shelter","2002=100","17","units","0","v41691050","2.79","122.3","","","","1"
"2008-07","Canada","2016A000011124","Shelter","2002=100","17","units","0","v41691050","2.79","123.3","","","","1"
"2008-08","Canada","2016A000011124","Shelter","2002=100","17","units","0","v41691050","2.79","123.8","","","","1"
"2008-09","Canada","2016A000011124","Shelter","2002=100","17","units","0","v41691050","2.79","123.1","","","","1"
"2008-10","Canada","2016A000011124","Shelter","2002=100","17","units","0","v41691050","2.79","123.2","","","","1"
"2008-11","Canada","2016A000011124","Shelter","2002=100","17","units","0","v41691050","2.79","123.4","","","","1"
"2008-12","Canada","2016A000011124","Shelter","2002=100","17","units","0","v41691050","2.79","123.4","","","","1"
"2009-01","Canada","2016A000011124","Shelter","2002=100","17","units","0","v41691050","2.79","123.1","","","","1"
"2009-02","Canada","2016A000011124","Shelter","2002=100","17","units","0","v41691050","2.79","123.2","","","","1"
"2009-03","Canada","2016A000011124","Shelter","2002=100","17","units","0","v41691050","2.79","122.6","","","","1"
"2009-04","Canada","2016A000011124","Shelter","2002=100","17","units","0","v41691050","2.79","121.4","","","","1"
"2009-05","Canada","2016A000011124","Shelter","2002=100","17","units","0","v41691050","2.79","121.4","","","","1"
"2009-06","Canada","2016A000011124","Shelter","2002=100","17","units","0","v41691050","2.79","121.3","","","","1"
"2009-07","Canada","2016A000011124","Shelter","2002=100","17","units","0","v41691050","2.79","120.8","","","","1"
"2009-08","Canada","2016A000011124","Shelter","2002=100","17","units","0","v41691050","2.79","121.1","","","","1"
"2009-09","Canada","2016A000011124","Shelter","2002=100","17","units","0","v41691050","2.79","120.9","","","","1"
"2009-10","Canada","2016A000011124","Shelter","2002=100","17","units","0","v41691050","2.79","121.2","","","","1"
"2009-11","Canada","2016A000011124","Shelter","2002=100","17","units","0","v41691050","2.79","121.3","","","","1"
"2009-12","Canada","2016A000011124","Shelter","2002=100","17","units","0","v41691050","2.79","121.3","","","","1"
"2010-01","Canada","2016A000011124","Shelter","2002=100","17","units","0","v41691050","2.79","121.8","","","","1"
"2010-02","Canada","2016A000011124","Shelter","2002=100","17","units","0","v41691050","2.79","121.8","","","","1"
"2010-03","Canada","2016A000011124","Shelter","2002=100","17","units","0","v41691050","2.79","121.7","","","","1"
"2010-04","Canada","2016A000011124","Shelter","2002=100","17","units","0","v41691050","2.79","122.4","","","","1"
"2010-05","Canada","2016A000011124","Shelter","2002=100","17","units","0","v41691050","2.79","123.0","","","","1"
"2010-06","Canada","2016A000011124","Shelter","2002=100","17","units","0","v41691050","2.79","123.3","","","","1"
"2010-07","Canada","2016A000011124","Shelter","2002=100","17","units","0","v41691050","2.79","124.3","","","","1"
"2010-08","Canada","2016A000011124","Shelter","2002=100","17","units","0","v41691050","2.79","124.0","","","","1"
"2010-09","Canada","2016A000011124","Shelter","2002=100","17","units","0","v41691050","2.79","123.9","","","","1"
"2010-10","Canada","2016A000011124","Shelter","2002=100","17","units","0","v41691050","2.79","124.6","","","","1"
"2010-11","Canada","2016A000011124","Shelter","2002=100","17","units","0","v41691050","2.79","124.4","","","","1"
"2010-12","Canada","2016A000011124","Shelter","2002=100","17","units","0","v41691050","2.79","124.6","","","","1"
"2011-01","Canada","2016A000011124","Shelter","2002=100","17","units","0","v41691050","2.79","124.5","","","","1"
"2011-02","Canada","2016A000011124","Shelter","2002=100","17","units","0","v41691050","2.79","124.5","","","","1"
"2011-03","Canada","2016A000011124","Shelter","2002=100","17","units","0","v41691050","2.79","124.6","","","","1"
"2011-04","Canada","2016A000011124","Shelter","2002=100","17","units","0","v41691050","2.79","125.2","","","","1"
"2011-05","Canada","2016A000011124","Shelter","2002=100","17","units","0","v41691050","2.79","125.2","","","","1"
"2011-06","Canada","2016A000011124","Shelter","2002=100","17","units","0","v41691050","2.79","125.4","","","","1"
"2011-07","Canada","2016A000011124","Shelter","2002=100","17","units","0","v41691050","2.79","125.9","","","","1"
"2011-08","Canada","2016A000011124","Shelter","2002=100","17","units","0","v41691050","2.79","126.2","","","","1"
"2011-09","Canada","2016A000011124","Shelter","2002=100","17","units","0","v41691050","2.79","125.7","","","","1"
"2011-10","Canada","2016A000011124","Shelter","2002=100","17","units","0","v41691050","2.79","126.5","","","","1"
"2011-11","Canada","2016A000011124","Shelter","2002=100","17","units","0","v41691050","2.79","126.3","","","","1"
"2011-12","Canada","2016A000011124","Shelter","2002=100","17","units","0","v41691050","2.79","126.8","","","","1"
"2012-01","Canada","2016A000011124","Shelter","2002=100","17","units","0","v41691050","2.79","127.1","","","","1"
"2012-02","Canada","2016A000011124","Shelter","2002=100","17","units","0","v41691050","2.79","126.9","","","","1"
"2012-03","Canada","2016A000011124","Shelter","2002=100","17","units","0","v41691050","2.79","126.6","","","","1"
"2012-04","Canada","2016A000011124","Shelter","2002=100","17","units","0","v41691050","2.79","126.6","","","","1"
"2012-05","Canada","2016A000011124","Shelter","2002=100","17","units","0","v41691050","2.79","126.7","","","","1"
"2012-06","Canada","2016A000011124","Shelter","2002=100","17","units","0","v41691050","2.79","127.0","","","","1"
"2012-07","Canada","2016A000011124","Shelter","2002=100","17","units","0","v41691050","2.79","127.2","","","","1"
"2012-08","Canada","2016A000011124","Shelter","2002=100","17","units","0","v41691050","2.79","127.4","","","","1"
"2012-09","Canada","2016A000011124","Shelter","2002=100","17","units","0","v41691050","2.79","127.2","","","","1"
"2012-10","Canada","2016A000011124","Shelter","2002=100","17","units","0","v41691050","2.79","127.6","","","","1"
"2012-11","Canada","2016A000011124","Shelter","2002=100","17","units","0","v41691050","2.79","127.5","","","","1"
"2012-12","Canada","2016A000011124","Shelter","2002=100","17","units","0","v41691050","2.79","127.5","","","","1"
"2013-01","Canada","2016A000011124","Shelter","2002=100","17","units","0","v41691050","2.79","127.8","","","","1"
"2013-02","Canada","2016A000011124","Shelter","2002=100","17","units","0","v41691050","2.79","127.9","","","","1"
"2013-03","Canada","2016A000011124","Shelter","2002=100","17","units","0","v41691050","2.79","128.0","","","","1"
"2013-04","Canada","2016A000011124","Shelter","2002=100","17","units","0","v41691050","2.79","128.2","","","","1"
"2013-05","Canada","2016A000011124","Shelter","2002=100","17","units","0","v41691050","2.79","128.3","","","","1"
"2013-06","Canada","2016A000011124","Shelter","2002=100","17","units","0","v41691050","2.79","128.5","","","","1"
"2013-07","Canada","2016A000011124","Shelter","2002=100","17","units","0","v41691050","2.79","128.8","","","","1"
"2013-08","Canada","2016A000011124","Shelter","2002=100","17","units","0","v41691050","2.79","128.8","","","","1"
"2013-09","Canada","2016A000011124","Shelter","2002=100","17","units","0","v41691050","2.79","129.0","","","","1"
"2013-10","Canada","2016A000011124","Shelter","2002=100","17","units","0","v41691050","2.79","129.2","","","","1"
"2013-11","Canada","2016A000011124","Shelter","2002=100","17","units","0","v41691050","2.79","129.8","","","","1"
"2013-12","Canada","2016A000011124","Shelter","2002=100","17","units","0","v41691050","2.79","129.9","","","","1"
"2014-01","Canada","2016A000011124","Shelter","2002=100","17","units","0","v41691050","2.79","130.5","","","","1"
"2014-02","Canada","2016A000011124","Shelter","2002=100","17","units","0","v41691050","2.79","130.7","","","","1"
"2014-03","Canada","2016A000011124","Shelter","2002=100","17","units","0","v41691050","2.79","131.4","","","","1"
"2014-04","Canada","2016A000011124","Shelter","2002=100","17","units","0","v41691050","2.79","132.4","","","","1"
"2014-05","Canada","2016A000011124","Shelter","2002=100","17","units","0","v41691050","2.79","132.6","","","","1"
"2014-06","Canada","2016A000011124","Shelter","2002=100","17","units","0","v41691050","2.79","132.2","","","","1"
"2014-07","Canada","2016A000011124","Shelter","2002=100","17","units","0","v41691050","2.79","132.6","","","","1"
"2014-08","Canada","2016A000011124","Shelter","2002=100","17","units","0","v41691050","2.79","132.4","","","","1"
"2014-09","Canada","2016A000011124","Shelter","2002=100","17","units","0","v41691050","2.79","132.5","","","","1"
"2014-10","Canada","2016A000011124","Shelter","2002=100","17","units","0","v41691050","2.79","132.8","","","","1"
"2014-11","Canada","2016A000011124","Shelter","2002=100","17","units","0","v41691050","2.79","132.8","","","","1"
"2014-12","Canada","2016A000011124","Shelter","2002=100","17","units","0","v41691050","2.79","133.0","","","","1"
"2015-01","Canada","2016A000011124","Shelter","2002=100","17","units","0","v41691050","2.79","133.1","","","","1"
"2015-02","Canada","2016A000011124","Shelter","2002=100","17","units","0","v41691050","2.79","133.1","","","","1"
"2015-03","Canada","2016A000011124","Shelter","2002=100","17","units","0","v41691050","2.79","133.3","","","","1"
"2015-04","Canada","2016A000011124","Shelter","2002=100","17","units","0","v41691050","2.79","133.1","","","","1"
"2015-05","Canada","2016A000011124","Shelter","2002=100","17","units","0","v41691050","2.79","133.2","","","","1"
"2015-06","Canada","2016A000011124","Shelter","2002=100","17","units","0","v41691050","2.79","133.5","","","","1"
"2015-07","Canada","2016A000011124","Shelter","2002=100","17","units","0","v41691050","2.79","133.8","","","","1"
"2015-08","Canada","2016A000011124","Shelter","2002=100","17","units","0","v41691050","2.79","133.9","","","","1"
"2015-09","Canada","2016A000011124","Shelter","2002=100","17","units","0","v41691050","2.79","133.9","","","","1"
"2015-10","Canada","2016A000011124","Shelter","2002=100","17","units","0","v41691050","2.79","134.3","","","","1"
"2015-11","Canada","2016A000011124","Shelter","2002=100","17","units","0","v41691050","2.79","134.4","","","","1"
"2015-12","Canada","2016A000011124","Shelter","2002=100","17","units","0","v41691050","2.79","134.5","","","","1"
"2016-01","Canada","2016A000011124","Shelter","2002=100","17","units","0","v41691050","2.79","134.6","","","","1"
"2016-02","Canada","2016A000011124","Shelter","2002=100","17","units","0","v41691050","2.79","134.7","","","","1"
"2016-03","Canada","2016A000011124","Shelter","2002=100","17","units","0","v41691050","2.79","134.8","","","","1"
"2016-04","Canada","2016A000011124","Shelter","2002=100","17","units","0","v41691050","2.79","134.9","","","","1"
"2016-05","Canada","2016A000011124","Shelter","2002=100","17","units","0","v41691050","2.79","135.1","","","","1"
"2016-06","Canada","2016A000011124","Shelter","2002=100","17","units","0","v41691050","2.79","135.6","","","","1"
"2016-07","Canada","2016A000011124","Shelter","2002=100","17","units","0","v41691050","2.79","136.0","","","","1"
"2016-08","Canada","2016A000011124","Shelter","2002=100","17","units","0","v41691050","2.79","136.2","","","","1"
"2016-09","Canada","2016A000011124","Shelter","2002=100","17","units","0","v41691050","2.79","136.2","","","","1"
"2016-10","Canada","2016A000011124","Shelter","2002=100","17","units","0","v41691050","2.79","136.9","","","","1"
"2016-11","Canada","2016A000011124","Shelter","2002=100","17","units","0","v41691050","2.79","137.2","","","","1"
"2016-12","Canada","2016A000011124","Shelter","2002=100","17","units","0","v41691050","2.79","137.3","","","","1"
"2017-01","Canada","2016A000011124","Shelter","2002=100","17","units","0","v41691050","2.79","137.8","","","","1"
"2017-02","Canada","2016A000011124","Shelter","2002=100","17","units","0","v41691050","2.79","137.6","","","","1"
"2017-03","Canada","2016A000011124","Shelter","2002=100","17","units","0","v41691050","2.79","137.7","","","","1"
"2017-04","Canada","2016A000011124","Shelter","2002=100","17","units","0","v41691050","2.79","137.9","","","","1"
"2017-05","Canada","2016A000011124","Shelter","2002=100","17","units","0","v41691050","2.79","137.7","","","","1"
"2017-06","Canada","2016A000011124","Shelter","2002=100","17","units","0","v41691050","2.79","137.8","","","","1"
"2017-07","Canada","2016A000011124","Shelter","2002=100","17","units","0","v41691050","2.79","137.7","","","","1"
"2017-08","Canada","2016A000011124","Shelter","2002=100","17","units","0","v41691050","2.79","138.0","","","","1"
"2017-09","Canada","2016A000011124","Shelter","2002=100","17","units","0","v41691050","2.79","138.1","","","","1"
"2017-10","Canada","2016A000011124","Shelter","2002=100","17","units","0","v41691050","2.79","138.6","","","","1"
"2017-11","Canada","2016A000011124","Shelter","2002=100","17","units","0","v41691050","2.79","138.9","","","","1"
"2017-12","Canada","2016A000011124","Shelter","2002=100","17","units","0","v41691050","2.79","139.2","","","","1"
"2018-01","Canada","2016A000011124","Shelter","2002=100","17","units","0","v41691050","2.79","139.7","","","","1"
"2018-02","Canada","2016A000011124","Shelter","2002=100","17","units","0","v41691050","2.79","140.0","","","","1"
"2018-03","Canada","2016A000011124","Shelter","2002=100","17","units","0","v41691050","2.79","140.0","","","","1"
"2018-04","Canada","2016A000011124","Shelter","2002=100","17","units","0","v41691050","2.79","140.3","","","","1"
"2018-05","Canada","2016A000011124","Shelter","2002=100","17","units","0","v41691050","2.79","140.4","","","","1"
"2018-06","Canada","2016A000011124","Shelter","2002=100","17","units","0","v41691050","2.79","140.5","","","","1"
"2018-07","Canada","2016A000011124","Shelter","2002=100","17","units","0","v41691050","2.79","141.0","","","","1"
"2018-08","Canada","2016A000011124","Shelter","2002=100","17","units","0","v41691050","2.79","141.2","","","","1"
"2018-09","Canada","2016A000011124","Shelter","2002=100","17","units","0","v41691050","2.79","141.5","","","","1"
"2018-10","Canada","2016A000011124","Shelter","2002=100","17","units","0","v41691050","2.79","142.0","","","","1"
"2018-11","Canada","2016A000011124","Shelter","2002=100","17","units","0","v41691050","2.79","142.3","","","","1"
"2018-12","Canada","2016A000011124","Shelter","2002=100","17","units","0","v41691050","2.79","142.3","","","","1"
"2019-01","Canada","2016A000011124","Shelter","2002=100","17","units","0","v41691050","2.79","143.0","","","","1"
"2019-02","Canada","2016A000011124","Shelter","2002=100","17","units","0","v41691050","2.79","143.4","","","","1"
"2019-03","Canada","2016A000011124","Shelter","2002=100","17","units","0","v41691050","2.79","143.8","","","","1"
"2019-04","Canada","2016A000011124","Shelter","2002=100","17","units","0","v41691050","2.79","144.1","","","","1"
"2019-05","Canada","2016A000011124","Shelter","2002=100","17","units","0","v41691050","2.79","144.2","","","","1"
"2019-06","Canada","2016A000011124","Shelter","2002=100","17","units","0","v41691050","2.79","144.0","","","","1"
"2019-07","Canada","2016A000011124","Shelter","2002=100","17","units","0","v41691050","2.79","144.3","","","","1"
"2019-08","Canada","2016A000011124","Shelter","2002=100","17","units","0","v41691050","2.79","144.6","","","","1"
"2019-09","Canada","2016A000011124","Shelter","2002=100","17","units","0","v41691050","2.79","144.8","","","","1"
"2019-10","Canada","2016A000011124","Shelter","2002=100","17","units","0","v41691050","2.79","145.7","","","","1"
"2019-11","Canada","2016A000011124","Shelter","2002=100","17","units","0","v41691050","2.79","145.9","","","","1"
"2019-12","Canada","2016A000011124","Shelter","2002=100","17","units","0","v41691050","2.79","146.3","","","","1"
"2020-01","Canada","2016A000011124","Shelter","2002=100","17","units","0","v41691050","2.79","146.4","","","","1"
"2020-02","Canada","2016A000011124","Shelter","2002=100","17","units","0","v41691050","2.79","146.7","","","","1"
"2020-03","Canada","2016A000011124","Shelter","2002=100","17","units","0","v41691050","2.79","146.5","","","","1"
"2020-04","Canada","2016A000011124","Shelter","2002=100","17","units","0","v41691050","2.79","146.0","","","","1"
"2020-05","Canada","2016A000011124","Shelter","2002=100","17","units","0","v41691050","2.79","145.6","","","","1"
"2020-06","Canada","2016A000011124","Shelter","2002=100","17","units","0","v41691050","2.79","146.4","","","","1"
"2020-07","Canada","2016A000011124","Shelter","2002=100","17","units","0","v41691050","2.79","146.4","","","","1"
"2020-08","Canada","2016A000011124","Shelter","2002=100","17","units","0","v41691050","2.79","146.8","","","","1"
"2020-09","Canada","2016A000011124","Shelter","2002=100","17","units","0","v41691050","2.79","147.3","","","","1"
"2020-10","Canada","2016A000011124","Shelter","2002=100","17","units","0","v41691050","2.79","148.3","","","","1"
"2020-11","Canada","2016A000011124","Shelter","2002=100","17","units","0","v41691050","2.79","148.7","","","","1"
"2020-12","Canada","2016A000011124","Shelter","2002=100","17","units","0","v41691050","2.79","148.7","","","","1"
"2021-01","Canada","2016A000011124","Shelter","2002=100","17","units","0","v41691050","2.79","148.4","","","","1"
"2021-02","Canada","2016A000011124","Shelter","2002=100","17","units","0","v41691050","2.79","148.8","","","","1"
"2021-03","Canada","2016A000011124","Shelter","2002=100","17","units","0","v41691050","2.79","150.0","","","","1"
"2021-04","Canada","2016A000011124","Shelter","2002=100","17","units","0","v41691050","2.79","150.7","","","","1"
"2021-05","Canada","2016A000011124","Shelter","2002=100","17","units","0","v41691050","2.79","151.7","","","","1"
"2021-06","Canada","2016A000011124","Shelter","2002=100","17","units","0","v41691050","2.79","152.8","","","","1"
"2021-07","Canada","2016A000011124","Shelter","2002=100","17","units","0","v41691050","2.79","153.5","","","","1"
"2021-08","Canada","2016A000011124","Shelter","2002=100","17","units","0","v41691050","2.79","153.9","","","","1"
"2021-09","Canada","2016A000011124","Shelter","2002=100","17","units","0","v41691050","2.79","154.4","","","","1"
"2021-10","Canada","2016A000011124","Shelter","2002=100","17","units","0","v41691050","2.79","155.4","","","","1"
"2021-11","Canada","2016A000011124","Shelter","2002=100","17","units","0","v41691050","2.79","155.9","","","","1"
"2021-12","Canada","2016A000011124","Shelter","2002=100","17","units","0","v41691050","2.79","156.8","","","","1"
"2022-01","Canada","2016A000011124","Shelter","2002=100","17","units","0","v41691050","2.79","157.6","","","","1"
"2022-02","Canada","2016A000011124","Shelter","2002=100","17","units","0","v41691050","2.79","158.6","","","","1"
"2022-03","Canada","2016A000011124","Shelter","2002=100","17","units","0","v41691050","2.79","160.2","","","","1"
"2022-04","Canada","2016A000011124","Shelter","2002=100","17","units","0","v41691050","2.79","161.9","","","","1"
"2022-05","Canada","2016A000011124","Shelter","2002=100","17","units","0","v41691050","2.79","163.0","","","","1"
"2022-06","Canada","2016A000011124","Shelter","2002=100","17","units","0","v41691050","2.79","163.6","","","","1"
"2022-07","Canada","2016A000011124","Shelter","2002=100","17","units","0","v41691050","2.79","164.2","","","","1"
"2022-08","Canada","2016A000011124","Shelter","2002=100","17","units","0","v41691050","2.79","164.1","","","","1"
"2022-09","Canada","2016A000011124","Shelter","2002=100","17","units","0","v41691050","2.79","164.9","","","","1"
"2022-10","Canada","2016A000011124","Shelter","2002=100","17","units","0","v41691050","2.79","166.2","","","","1"
"2022-11","Canada","2016A000011124","Shelter","2002=100","17","units","0","v41691050","2.79","167.2","","","","1"
"2022-12","Canada","2016A000011124","Shelter","2002=100","17","units","0","v41691050","2.79","167.8","","","","1"
"2023-01","Canada","2016A000011124","Shelter","2002=100","17","units","0","v41691050","2.79","168.0","","","","1"
"2023-02","Canada","2016A000011124","Shelter","2002=100","17","units","0","v41691050","2.79","168.3","","","","1"
"2023-03","Canada","2016A000011124","Shelter","2002=100","17","units","0","v41691050","2.79","168.9","","","","1"
"2023-04","Canada","2016A000011124","Shelter","2002=100","17","units","0","v41691050","2.79","169.9","","","","1"
"2023-05","Canada","2016A000011124","Shelter","2002=100","17","units","0","v41691050","2.79","170.6","","","","1"
"2023-06","Canada","2016A000011124","Shelter","2002=100","17","units","0","v41691050","2.79","171.4","","","","1"
"2023-07","Canada","2016A000011124","Shelter","2002=100","17","units","0","v41691050","2.79","172.6","","","","1"
"2023-08","Canada","2016A000011124","Shelter","2002=100","17","units","0","v41691050","2.79","174.0","","","","1"
"2023-09","Canada","2016A000011124","Shelter","2002=100","17","units","0","v41691050","2.79","174.8","","","","1"
"2023-10","Canada","2016A000011124","Shelter","2002=100","17","units","0","v41691050","2.79","176.3","","","","1"
"2023-11","Canada","2016A000011124","Shelter","2002=100","17","units","0","v41691050","2.79","177.1","","","","1"
"2023-12","Canada","2016A000011124","Shelter","2002=100","17","units","0","v41691050","2.79","177.8","","","","1"
"2024-01","Canada","2016A000011124","Shelter","2002=100","17","units","0","v41691050","2.79","178.4","","","","1"
"2024-02","Canada","2016A000011124","Shelter","2002=100","17","units","0","v41691050","2.79","179.2","","","","1"
"2024-03","Canada","2016A000011124","Shelter","2002=100","17","units","0","v41691050","2.79","179.9","","","","1"
"2024-04","Canada","2016A000011124","Shelter","2002=100","17","units","0","v41691050","2.79","180.8","","","","1"
"2024-05","Canada","2016A000011124","Shelter","2002=100","17","units","0","v41691050","2.79","181.5","","","","1"
"2024-06","Canada","2016A000011124","Shelter","2002=100","17","units","0","v41691050","2.79","182.1","","","","1"
"2024-07","Canada","2016A000011124","Shelter","2002=100","17","units","0","v41691050","2.79","182.5","","","","1"
"2024-08","Canada","2016A000011124","Shelter","2002=100","17","units","0","v41691050","2.79","183.3","","","","1"
"2024-09","Canada","2016A000011124","Shelter","2002=100","17","units","0","v41691050","2.79","183.5","","","","1"
"2024-10","Canada","2016A000011124","Shelter","2002=100","17","units","0","v41691050","2.79","184.8","","","","1"
"2024-11","Canada","2016A000011124","Shelter","2002=100","17","units","0","v41691050","2.79","185.3","","","","1"
"2024-12","Canada","2016A000011124","Shelter","2002=100","17","units","0","v41691050","2.79","185.8","","","","1"
"2025-01","Canada","2016A000011124","Shelter","2002=100","17","units","0","v41691050","2.79","186.4","","","","1"
"2025-02","Canada","2016A000011124","Shelter","2002=100","17","units","0","v41691050","2.79","186.7","","","","1"
"2025-03","Canada","2016A000011124","Shelter","2002=100","17","units","0","v41691050","2.79","187.0","","","","1"
"2025-04","Canada","2016A000011124","Shelter","2002=100","17","units","0","v41691050","2.79","186.9","","","","1"
"2025-05","Canada","2016A000011124","Shelter","2002=100","17","units","0","v41691050","2.79","186.9","","","","1"
"2025-06","Canada","2016A000011124","Shelter","2002=100","17","units","0","v41691050","2.79","187.3","","","","1"
"2025-07","Canada","2016A000011124","Shelter","2002=100","17","units","0","v41691050","2.79","187.9","","","","1"
"2025-08","Canada","2016A000011124","Shelter","2002=100","17","units","0","v41691050","2.79","188.0","","","","1"
"2025-09","Canada","2016A000011124","Shelter","2002=100","17","units","0","v41691050","2.79","188.2","","","","1"
"2025-10","Canada","2016A000011124","Shelter","2002=100","17","units","0","v41691050","2.79","189.4","","","","1"
"2025-11","Canada","2016A000011124","Shelter","2002=100","17","units","0","v41691050","2.79","189.6","","","","1"
"1990-01","Canada","2016A000011124","Household operations, furnishings and equipment","2002=100","17","units","0","v41691067","2.96","83.7","","","","1"
"1990-02","Canada","2016A000011124","Household operations, furnishings and equipment","2002=100","17","units","0","v41691067","2.96","83.2","","","","1"
"1990-03","Canada","2016A000011124","Household operations, furnishings and equipment","2002=100","17","units","0","v41691067","2.96","83.4","","","","1"
"1990-04","Canada","2016A000011124","Household operations, furnishings and equipment","2002=100","17","units","0","v41691067","2.96","83.7","","","","1"
"1990-05","Canada","2016A000011124","Household operations, furnishings and equipment","2002=100","17","units","0","v41691067","2.96","83.9","","","","1"
"1990-06","Canada","2016A000011124","Household operations, furnishings and equipment","2002=100","17","units","0","v41691067","2.96","84.0","","","","1"
"1990-07","Canada","2016A000011124","Household operations, furnishings and equipment","2002=100","17","units","0","v41691067","2.96","84.2","","","","1"
"1990-08","Canada","2016A000011124","Household operations, furnishings and equipment","2002=100","17","units","0","v41691067","2.96","84.2","","","","1"
"1990-09","Canada","2016A000011124","Household operations, furnishings and equipment","2002=100","17","units","0","v41691067","2.96","84.7","","","","1"
"1990-10","Canada","2016A000011124","Household operations, furnishings and equipment","2002=100","17","units","0","v41691067","2.96","85.2","","","","1"
"1990-11","Canada","2016A000011124","Household operations, furnishings and equipment","2002=100","17","units","0","v41691067","2.96","85.2","","","","1"
"1990-12","Canada","2016A000011124","Household operations, furnishings and equipment","2002=100","17","units","0","v41691067","2.96","84.8","","","","1"
"1991-01","Canada","2016A000011124","Household operations, furnishings and equipment","2002=100","17","units","0","v41691067","2.96","87.1","","","","1"
"1991-02","Canada","2016A000011124","Household operations, furnishings and equipment","2002=100","17","units","0","v41691067","2.96","86.9","","","","1"
"1991-03","Canada","2016A000011124","Household operations, furnishings and equipment","2002=100","17","units","0","v41691067","2.96","86.8","","","","1"
"1991-04","Canada","2016A000011124","Household operations, furnishings and equipment","2002=100","17","units","0","v41691067","2.96","87.2","","","","1"
"1991-05","Canada","2016A000011124","Household operations, furnishings and equipment","2002=100","17","units","0","v41691067","2.96","87.4","","","","1"
"1991-06","Canada","2016A000011124","Household operations, furnishings and equipment","2002=100","17","units","0","v41691067","2.96","87.6","","","","1"
"1991-07","Canada","2016A000011124","Household operations, furnishings and equipment","2002=100","17","units","0","v41691067","2.96","87.6","","","","1"
"1991-08","Canada","2016A000011124","Household operations, furnishings and equipment","2002=100","17","units","0","v41691067","2.96","87.6","","","","1"
"1991-09","Canada","2016A000011124","Household operations, furnishings and equipment","2002=100","17","units","0","v41691067","2.96","88.1","","","","1"
"1991-10","Canada","2016A000011124","Household operations, furnishings and equipment","2002=100","17","units","0","v41691067","2.96","87.6","","","","1"
"1991-11","Canada","2016A000011124","Household operations, furnishings and equipment","2002=100","17","units","0","v41691067","2.96","87.7","","","","1"
"1991-12","Canada","2016A000011124","Household operations, furnishings and equipment","2002=100","17","units","0","v41691067","2.96","87.5","","","","1"
"1992-01","Canada","2016A000011124","Household operations, furnishings and equipment","2002=100","17","units","0","v41691067","2.96","87.6","","","","1"
"1992-02","Canada","2016A000011124","Household operations, furnishings and equipment","2002=100","17","units","0","v41691067","2.96","88.0","","","","1"
"1992-03","Canada","2016A000011124","Household operations, furnishings and equipment","2002=100","17","units","0","v41691067","2.96","87.9","","","","1"
"1992-04","Canada","2016A000011124","Household operations, furnishings and equipment","2002=100","17","units","0","v41691067","2.96","87.8","","","","1"
"1992-05","Canada","2016A000011124","Household operations, furnishings and equipment","2002=100","17","units","0","v41691067","2.96","87.7","","","","1"
"1992-06","Canada","2016A000011124","Household operations, furnishings and equipment","2002=100","17","units","0","v41691067","2.96","87.5","","","","1"
"1992-07","Canada","2016A000011124","Household operations, furnishings and equipment","2002=100","17","units","0","v41691067","2.96","87.9","","","","1"
"1992-08","Canada","2016A000011124","Household operations, furnishings and equipment","2002=100","17","units","0","v41691067","2.96","87.8","","","","1"
"1992-09","Canada","2016A000011124","Household operations, furnishings and equipment","2002=100","17","units","0","v41691067","2.96","88.1","","","","1"
"1992-10","Canada","2016A000011124","Household operations, furnishings and equipment","2002=100","17","units","0","v41691067","2.96","87.8","","","","1"
"1992-11","Canada","2016A000011124","Household operations, furnishings and equipment","2002=100","17","units","0","v41691067","2.96","88.1","","","","1"
"1992-12","Canada","2016A000011124","Household operations, furnishings and equipment","2002=100","17","units","0","v41691067","2.96","88.1","","","","1"
"1993-01","Canada","2016A000011124","Household operations, furnishings and equipment","2002=100","17","units","0","v41691067","2.96","88.2","","","","1"
"1993-02","Canada","2016A000011124","Household operations, furnishings and equipment","2002=100","17","units","0","v41691067","2.96","88.6","","","","1"
"1993-03","Canada","2016A000011124","Household operations, furnishings and equipment","2002=100","17","units","0","v41691067","2.96","88.2","","","","1"
"1993-04","Canada","2016A000011124","Household operations, furnishings and equipment","2002=100","17","units","0","v41691067","2.96","88.7","","","","1"
"1993-05","Canada","2016A000011124","Household operations, furnishings and equipment","2002=100","17","units","0","v41691067","2.96","88.6","","","","1"
"1993-06","Canada","2016A000011124","Household operations, furnishings and equipment","2002=100","17","units","0","v41691067","2.96","88.6","","","","1"
"1993-07","Canada","2016A000011124","Household operations, furnishings and equipment","2002=100","17","units","0","v41691067","2.96","88.8","","","","1"
"1993-08","Canada","2016A000011124","Household operations, furnishings and equipment","2002=100","17","units","0","v41691067","2.96","88.6","","","","1"
"1993-09","Canada","2016A000011124","Household operations, furnishings and equipment","2002=100","17","units","0","v41691067","2.96","89.2","","","","1"
"1993-10","Canada","2016A000011124","Household operations, furnishings and equipment","2002=100","17","units","0","v41691067","2.96","89.2","","","","1"
"1993-11","Canada","2016A000011124","Household operations, furnishings and equipment","2002=100","17","units","0","v41691067","2.96","89.0","","","","1"
"1993-12","Canada","2016A000011124","Household operations, furnishings and equipment","2002=100","17","units","0","v41691067","2.96","88.8","","","","1"
"1994-01","Canada","2016A000011124","Household operations, furnishings and equipment","2002=100","17","units","0","v41691067","2.96","88.8","","","","1"
"1994-02","Canada","2016A000011124","Household operations, furnishings and equipment","2002=100","17","units","0","v41691067","2.96","89.3","","","","1"
"1994-03","Canada","2016A000011124","Household operations, furnishings and equipment","2002=100","17","units","0","v41691067","2.96","89.1","","","","1"
"1994-04","Canada","2016A000011124","Household operations, furnishings and equipment","2002=100","17","units","0","v41691067","2.96","89.2","","","","1"
"1994-05","Canada","2016A000011124","Household operations, furnishings and equipment","2002=100","17","units","0","v41691067","2.96","88.5","","","","1"
"1994-06","Canada","2016A000011124","Household operations, furnishings and equipment","2002=100","17","units","0","v41691067","2.96","88.6","","","","1"
"1994-07","Canada","2016A000011124","Household operations, furnishings and equipment","2002=100","17","units","0","v41691067","2.96","88.6","","","","1"
"1994-08","Canada","2016A000011124","Household operations, furnishings and equipment","2002=100","17","units","0","v41691067","2.96","88.4","","","","1"
"1994-09","Canada","2016A000011124","Household operations, furnishings and equipment","2002=100","17","units","0","v41691067","2.96","89.1","","","","1"
"1994-10","Canada","2016A000011124","Household operations, furnishings and equipment","2002=100","17","units","0","v41691067","2.96","88.9","","","","1"
"1994-11","Canada","2016A000011124","Household operations, furnishings and equipment","2002=100","17","units","0","v41691067","2.96","88.9","","","","1"
"1994-12","Canada","2016A000011124","Household operations, furnishings and equipment","2002=100","17","units","0","v41691067","2.96","89.3","","","","1"
"1995-01","Canada","2016A000011124","Household operations, furnishings and equipment","2002=100","17","units","0","v41691067","2.96","89.6","","","","1"
"1995-02","Canada","2016A000011124","Household operations, furnishings and equipment","2002=100","17","units","0","v41691067","2.96","90.0","","","","1"
"1995-03","Canada","2016A000011124","Household operations, furnishings and equipment","2002=100","17","units","0","v41691067","2.96","90.3","","","","1"
"1995-04","Canada","2016A000011124","Household operations, furnishings and equipment","2002=100","17","units","0","v41691067","2.96","90.5","","","","1"
"1995-05","Canada","2016A000011124","Household operations, furnishings and equipment","2002=100","17","units","0","v41691067","2.96","90.6","","","","1"
"1995-06","Canada","2016A000011124","Household operations, furnishings and equipment","2002=100","17","units","0","v41691067","2.96","90.4","","","","1"
"1995-07","Canada","2016A000011124","Household operations, furnishings and equipment","2002=100","17","units","0","v41691067","2.96","90.6","","","","1"
"1995-08","Canada","2016A000011124","Household operations, furnishings and equipment","2002=100","17","units","0","v41691067","2.96","90.7","","","","1"
"1995-09","Canada","2016A000011124","Household operations, furnishings and equipment","2002=100","17","units","0","v41691067","2.96","91.0","","","","1"
"1995-10","Canada","2016A000011124","Household operations, furnishings and equipment","2002=100","17","units","0","v41691067","2.96","91.2","","","","1"
"1995-11","Canada","2016A000011124","Household operations, furnishings and equipment","2002=100","17","units","0","v41691067","2.96","91.0","","","","1"
"1995-12","Canada","2016A000011124","Household operations, furnishings and equipment","2002=100","17","units","0","v41691067","2.96","91.0","","","","1"
"1996-01","Canada","2016A000011124","Household operations, furnishings and equipment","2002=100","17","units","0","v41691067","2.96","91.8","","","","1"
"1996-02","Canada","2016A000011124","Household operations, furnishings and equipment","2002=100","17","units","0","v41691067","2.96","92.0","","","","1"
"1996-03","Canada","2016A000011124","Household operations, furnishings and equipment","2002=100","17","units","0","v41691067","2.96","92.4","","","","1"
"1996-04","Canada","2016A000011124","Household operations, furnishings and equipment","2002=100","17","units","0","v41691067","2.96","92.4","","","","1"
"1996-05","Canada","2016A000011124","Household operations, furnishings and equipment","2002=100","17","units","0","v41691067","2.96","92.4","","","","1"
"1996-06","Canada","2016A000011124","Household operations, furnishings and equipment","2002=100","17","units","0","v41691067","2.96","92.8","","","","1"
"1996-07","Canada","2016A000011124","Household operations, furnishings and equipment","2002=100","17","units","0","v41691067","2.96","92.8","","","","1"
"1996-08","Canada","2016A000011124","Household operations, furnishings and equipment","2002=100","17","units","0","v41691067","2.96","93.0","","","","1"
"1996-09","Canada","2016A000011124","Household operations, furnishings and equipment","2002=100","17","units","0","v41691067","2.96","93.1","","","","1"
"1996-10","Canada","2016A000011124","Household operations, furnishings and equipment","2002=100","17","units","0","v41691067","2.96","92.6","","","","1"
"1996-11","Canada","2016A000011124","Household operations, furnishings and equipment","2002=100","17","units","0","v41691067","2.96","92.5","","","","1"
"1996-12","Canada","2016A000011124","Household operations, furnishings and equipment","2002=100","17","units","0","v41691067","2.96","92.5","","","","1"
"1997-01","Canada","2016A000011124","Household operations, furnishings and equipment","2002=100","17","units","0","v41691067","2.96","93.5","","","","1"
"1997-02","Canada","2016A000011124","Household operations, furnishings and equipment","2002=100","17","units","0","v41691067","2.96","93.5","","","","1"
"1997-03","Canada","2016A000011124","Household operations, furnishings and equipment","2002=100","17","units","0","v41691067","2.96","93.9","","","","1"
"1997-04","Canada","2016A000011124","Household operations, furnishings and equipment","2002=100","17","units","0","v41691067","2.96","93.9","","","","1"
"1997-05","Canada","2016A000011124","Household operations, furnishings and equipment","2002=100","17","units","0","v41691067","2.96","93.7","","","","1"
"1997-06","Canada","2016A000011124","Household operations, furnishings and equipment","2002=100","17","units","0","v41691067","2.96","93.5","","","","1"
"1997-07","Canada","2016A000011124","Household operations, furnishings and equipment","2002=100","17","units","0","v41691067","2.96","93.5","","","","1"
"1997-08","Canada","2016A000011124","Household operations, furnishings and equipment","2002=100","17","units","0","v41691067","2.96","93.5","","","","1"
"1997-09","Canada","2016A000011124","Household operations, furnishings and equipment","2002=100","17","units","0","v41691067","2.96","93.9","","","","1"
"1997-10","Canada","2016A000011124","Household operations, furnishings and equipment","2002=100","17","units","0","v41691067","2.96","94.0","","","","1"
"1997-11","Canada","2016A000011124","Household operations, furnishings and equipment","2002=100","17","units","0","v41691067","2.96","93.6","","","","1"
"1997-12","Canada","2016A000011124","Household operations, furnishings and equipment","2002=100","17","units","0","v41691067","2.96","93.9","","","","1"
"1998-01","Canada","2016A000011124","Household operations, furnishings and equipment","2002=100","17","units","0","v41691067","2.96","95.3","","","","1"
"1998-02","Canada","2016A000011124","Household operations, furnishings and equipment","2002=100","17","units","0","v41691067","2.96","95.5","","","","1"
"1998-03","Canada","2016A000011124","Household operations, furnishings and equipment","2002=100","17","units","0","v41691067","2.96","95.4","","","","1"
"1998-04","Canada","2016A000011124","Household operations, furnishings and equipment","2002=100","17","units","0","v41691067","2.96","95.3","","","","1"
"1998-05","Canada","2016A000011124","Household operations, furnishings and equipment","2002=100","17","units","0","v41691067","2.96","95.2","","","","1"
"1998-06","Canada","2016A000011124","Household operations, furnishings and equipment","2002=100","17","units","0","v41691067","2.96","94.9","","","","1"
"1998-07","Canada","2016A000011124","Household operations, furnishings and equipment","2002=100","17","units","0","v41691067","2.96","94.9","","","","1"
"1998-08","Canada","2016A000011124","Household operations, furnishings and equipment","2002=100","17","units","0","v41691067","2.96","94.8","","","","1"
"1998-09","Canada","2016A000011124","Household operations, furnishings and equipment","2002=100","17","units","0","v41691067","2.96","95.4","","","","1"
"1998-10","Canada","2016A000011124","Household operations, furnishings and equipment","2002=100","17","units","0","v41691067","2.96","94.9","","","","1"
"1998-11","Canada","2016A000011124","Household operations, furnishings and equipment","2002=100","17","units","0","v41691067","2.96","94.8","","","","1"
"1998-12","Canada","2016A000011124","Household operations, furnishings and equipment","2002=100","17","units","0","v41691067","2.96","94.7","","","","1"
"1999-01","Canada","2016A000011124","Household operations, furnishings and equipment","2002=100","17","units","0","v41691067","2.96","94.8","","","","1"
"1999-02","Canada","2016A000011124","Household operations, furnishings and equipment","2002=100","17","units","0","v41691067","2.96","95.3","","","","1"
"1999-03","Canada","2016A000011124","Household operations, furnishings and equipment","2002=100","17","units","0","v41691067","2.96","95.5","","","","1"
"1999-04","Canada","2016A000011124","Household operations, furnishings and equipment","2002=100","17","units","0","v41691067","2.96","95.7","","","","1"
"1999-05","Canada","2016A000011124","Household operations, furnishings and equipment","2002=100","17","units","0","v41691067","2.96","95.9","","","","1"
"1999-06","Canada","2016A000011124","Household operations, furnishings and equipment","2002=100","17","units","0","v41691067","2.96","96.0","","","","1"
"1999-07","Canada","2016A000011124","Household operations, furnishings and equipment","2002=100","17","units","0","v41691067","2.96","95.9","","","","1"
"1999-08","Canada","2016A000011124","Household operations, furnishings and equipment","2002=100","17","units","0","v41691067","2.96","95.9","","","","1"
"1999-09","Canada","2016A000011124","Household operations, furnishings and equipment","2002=100","17","units","0","v41691067","2.96","96.2","","","","1"
"1999-10","Canada","2016A000011124","Household operations, furnishings and equipment","2002=100","17","units","0","v41691067","2.96","96.3","","","","1"
"1999-11","Canada","2016A000011124","Household operations, furnishings and equipment","2002=100","17","units","0","v41691067","2.96","96.2","","","","1"
"1999-12","Canada","2016A000011124","Household operations, furnishings and equipment","2002=100","17","units","0","v41691067","2.96","95.9","","","","1"
"2000-01","Canada","2016A000011124","Household operations, furnishings and equipment","2002=100","17","units","0","v41691067","2.96","95.5","","","","1"
"2000-02","Canada","2016A000011124","Household operations, furnishings and equipment","2002=100","17","units","0","v41691067","2.96","96.1","","","","1"
"2000-03","Canada","2016A000011124","Household operations, furnishings and equipment","2002=100","17","units","0","v41691067","2.96","96.4","","","","1"
"2000-04","Canada","2016A000011124","Household operations, furnishings and equipment","2002=100","17","units","0","v41691067","2.96","96.3","","","","1"
"2000-05","Canada","2016A000011124","Household operations, furnishings and equipment","2002=100","17","units","0","v41691067","2.96","96.4","","","","1"
"2000-06","Canada","2016A000011124","Household operations, furnishings and equipment","2002=100","17","units","0","v41691067","2.96","96.6","","","","1"
"2000-07","Canada","2016A000011124","Household operations, furnishings and equipment","2002=100","17","units","0","v41691067","2.96","97.1","","","","1"
"2000-08","Canada","2016A000011124","Household operations, furnishings and equipment","2002=100","17","units","0","v41691067","2.96","97.2","","","","1"
"2000-09","Canada","2016A000011124","Household operations, furnishings and equipment","2002=100","17","units","0","v41691067","2.96","97.1","","","","1"
"2000-10","Canada","2016A000011124","Household operations, furnishings and equipment","2002=100","17","units","0","v41691067","2.96","97.3","","","","1"
"2000-11","Canada","2016A000011124","Household operations, furnishings and equipment","2002=100","17","units","0","v41691067","2.96","97.3","","","","1"
"2000-12","Canada","2016A000011124","Household operations, furnishings and equipment","2002=100","17","units","0","v41691067","2.96","97.1","","","","1"
"2001-01","Canada","2016A000011124","Household operations, furnishings and equipment","2002=100","17","units","0","v41691067","2.96","97.1","","","","1"
"2001-02","Canada","2016A000011124","Household operations, furnishings and equipment","2002=100","17","units","0","v41691067","2.96","97.6","","","","1"
"2001-03","Canada","2016A000011124","Household operations, furnishings and equipment","2002=100","17","units","0","v41691067","2.96","97.8","","","","1"
"2001-04","Canada","2016A000011124","Household operations, furnishings and equipment","2002=100","17","units","0","v41691067","2.96","98.4","","","","1"
"2001-05","Canada","2016A000011124","Household operations, furnishings and equipment","2002=100","17","units","0","v41691067","2.96","98.6","","","","1"
"2001-06","Canada","2016A000011124","Household operations, furnishings and equipment","2002=100","17","units","0","v41691067","2.96","98.8","","","","1"
"2001-07","Canada","2016A000011124","Household operations, furnishings and equipment","2002=100","17","units","0","v41691067","2.96","98.8","","","","1"
"2001-08","Canada","2016A000011124","Household operations, furnishings and equipment","2002=100","17","units","0","v41691067","2.96","98.9","","","","1"
"2001-09","Canada","2016A000011124","Household operations, furnishings and equipment","2002=100","17","units","0","v41691067","2.96","99.5","","","","1"
"2001-10","Canada","2016A000011124","Household operations, furnishings and equipment","2002=100","17","units","0","v41691067","2.96","99.3","","","","1"
"2001-11","Canada","2016A000011124","Household operations, furnishings and equipment","2002=100","17","units","0","v41691067","2.96","99.0","","","","1"
"2001-12","Canada","2016A000011124","Household operations, furnishings and equipment","2002=100","17","units","0","v41691067","2.96","99.3","","","","1"
"2002-01","Canada","2016A000011124","Household operations, furnishings and equipment","2002=100","17","units","0","v41691067","2.96","99.2","","","","1"
"2002-02","Canada","2016A000011124","Household operations, furnishings and equipment","2002=100","17","units","0","v41691067","2.96","99.4","","","","1"
"2002-03","Canada","2016A000011124","Household operations, furnishings and equipment","2002=100","17","units","0","v41691067","2.96","99.9","","","","1"
"2002-04","Canada","2016A000011124","Household operations, furnishings and equipment","2002=100","17","units","0","v41691067","2.96","100.1","","","","1"
"2002-05","Canada","2016A000011124","Household operations, furnishings and equipment","2002=100","17","units","0","v41691067","2.96","100.0","","","","1"
"2002-06","Canada","2016A000011124","Household operations, furnishings and equipment","2002=100","17","units","0","v41691067","2.96","100.2","","","","1"
"2002-07","Canada","2016A000011124","Household operations, furnishings and equipment","2002=100","17","units","0","v41691067","2.96","100.3","","","","1"
"2002-08","Canada","2016A000011124","Household operations, furnishings and equipment","2002=100","17","units","0","v41691067","2.96","100.4","","","","1"
"2002-09","Canada","2016A000011124","Household operations, furnishings and equipment","2002=100","17","units","0","v41691067","2.96","100.0","","","","1"
"2002-10","Canada","2016A000011124","Household operations, furnishings and equipment","2002=100","17","units","0","v41691067","2.96","100.1","","","","1"
"2002-11","Canada","2016A000011124","Household operations, furnishings and equipment","2002=100","17","units","0","v41691067","2.96","100.2","","","","1"
"2002-12","Canada","2016A000011124","Household operations, furnishings and equipment","2002=100","17","units","0","v41691067","2.96","100.2","","","","1"
"2003-01","Canada","2016A000011124","Household operations, furnishings and equipment","2002=100","17","units","0","v41691067","2.96","100.1","","","","1"
"2003-02","Canada","2016A000011124","Household operations, furnishings and equipment","2002=100","17","units","0","v41691067","2.96","100.6","","","","1"
"2003-03","Canada","2016A000011124","Household operations, furnishings and equipment","2002=100","17","units","0","v41691067","2.96","100.6","","","","1"
"2003-04","Canada","2016A000011124","Household operations, furnishings and equipment","2002=100","17","units","0","v41691067","2.96","100.7","","","","1"
"2003-05","Canada","2016A000011124","Household operations, furnishings and equipment","2002=100","17","units","0","v41691067","2.96","100.6","","","","1"
"2003-06","Canada","2016A000011124","Household operations, furnishings and equipment","2002=100","17","units","0","v41691067","2.96","100.6","","","","1"
"2003-07","Canada","2016A000011124","Household operations, furnishings and equipment","2002=100","17","units","0","v41691067","2.96","100.7","","","","1"
"2003-08","Canada","2016A000011124","Household operations, furnishings and equipment","2002=100","17","units","0","v41691067","2.96","100.8","","","","1"
"2003-09","Canada","2016A000011124","Household operations, furnishings and equipment","2002=100","17","units","0","v41691067","2.96","101.1","","","","1"
"2003-10","Canada","2016A000011124","Household operations, furnishings and equipment","2002=100","17","units","0","v41691067","2.96","101.1","","","","1"
"2003-11","Canada","2016A000011124","Household operations, furnishings and equipment","2002=100","17","units","0","v41691067","2.96","101.0","","","","1"
"2003-12","Canada","2016A000011124","Household operations, furnishings and equipment","2002=100","17","units","0","v41691067","2.96","101.0","","","","1"
"2004-01","Canada","2016A000011124","Household operations, furnishings and equipment","2002=100","17","units","0","v41691067","2.96","100.9","","","","1"
"2004-02","Canada","2016A000011124","Household operations, furnishings and equipment","2002=100","17","units","0","v41691067","2.96","101.2","","","","1"
"2004-03","Canada","2016A000011124","Household operations, furnishings and equipment","2002=100","17","units","0","v41691067","2.96","101.3","","","","1"
"2004-04","Canada","2016A000011124","Household operations, furnishings and equipment","2002=100","17","units","0","v41691067","2.96","101.6","","","","1"
"2004-05","Canada","2016A000011124","Household operations, furnishings and equipment","2002=100","17","units","0","v41691067","2.96","101.4","","","","1"
"2004-06","Canada","2016A000011124","Household operations, furnishings and equipment","2002=100","17","units","0","v41691067","2.96","101.1","","","","1"
"2004-07","Canada","2016A000011124","Household operations, furnishings and equipment","2002=100","17","units","0","v41691067","2.96","101.0","","","","1"
"2004-08","Canada","2016A000011124","Household operations, furnishings and equipment","2002=100","17","units","0","v41691067","2.96","101.1","","","","1"
"2004-09","Canada","2016A000011124","Household operations, furnishings and equipment","2002=100","17","units","0","v41691067","2.96","101.4","","","","1"
"2004-10","Canada","2016A000011124","Household operations, furnishings and equipment","2002=100","17","units","0","v41691067","2.96","101.1","","","","1"
"2004-11","Canada","2016A000011124","Household operations, furnishings and equipment","2002=100","17","units","0","v41691067","2.96","101.2","","","","1"
"2004-12","Canada","2016A000011124","Household operations, furnishings and equipment","2002=100","17","units","0","v41691067","2.96","101.3","","","","1"
"2005-01","Canada","2016A000011124","Household operations, furnishings and equipment","2002=100","17","units","0","v41691067","2.96","101.3","","","","1"
"2005-02","Canada","2016A000011124","Household operations, furnishings and equipment","2002=100","17","units","0","v41691067","2.96","101.5","","","","1"
"2005-03","Canada","2016A000011124","Household operations, furnishings and equipment","2002=100","17","units","0","v41691067","2.96","101.7","","","","1"
"2005-04","Canada","2016A000011124","Household operations, furnishings and equipment","2002=100","17","units","0","v41691067","2.96","101.5","","","","1"
"2005-05","Canada","2016A000011124","Household operations, furnishings and equipment","2002=100","17","units","0","v41691067","2.96","101.6","","","","1"
"2005-06","Canada","2016A000011124","Household operations, furnishings and equipment","2002=100","17","units","0","v41691067","2.96","101.7","","","","1"
"2005-07","Canada","2016A000011124","Household operations, furnishings and equipment","2002=100","17","units","0","v41691067","2.96","101.7","","","","1"
"2005-08","Canada","2016A000011124","Household operations, furnishings and equipment","2002=100","17","units","0","v41691067","2.96","101.8","","","","1"
"2005-09","Canada","2016A000011124","Household operations, furnishings and equipment","2002=100","17","units","0","v41691067","2.96","102.1","","","","1"
"2005-10","Canada","2016A000011124","Household operations, furnishings and equipment","2002=100","17","units","0","v41691067","2.96","101.7","","","","1"
"2005-11","Canada","2016A000011124","Household operations, furnishings and equipment","2002=100","17","units","0","v41691067","2.96","102.1","","","","1"
"2005-12","Canada","2016A000011124","Household operations, furnishings and equipment","2002=100","17","units","0","v41691067","2.96","102.2","","","","1"
"2006-01","Canada","2016A000011124","Household operations, furnishings and equipment","2002=100","17","units","0","v41691067","2.96","102.3","","","","1"
"2006-02","Canada","2016A000011124","Household operations, furnishings and equipment","2002=100","17","units","0","v41691067","2.96","102.5","","","","1"
"2006-03","Canada","2016A000011124","Household operations, furnishings and equipment","2002=100","17","units","0","v41691067","2.96","102.4","","","","1"
"2006-04","Canada","2016A000011124","Household operations, furnishings and equipment","2002=100","17","units","0","v41691067","2.96","102.3","","","","1"
"2006-05","Canada","2016A000011124","Household operations, furnishings and equipment","2002=100","17","units","0","v41691067","2.96","102.4","","","","1"
"2006-06","Canada","2016A000011124","Household operations, furnishings and equipment","2002=100","17","units","0","v41691067","2.96","102.1","","","","1"
"2006-07","Canada","2016A000011124","Household operations, furnishings and equipment","2002=100","17","units","0","v41691067","2.96","101.4","","","","1"
"2006-08","Canada","2016A000011124","Household operations, furnishings and equipment","2002=100","17","units","0","v41691067","2.96","101.7","","","","1"
"2006-09","Canada","2016A000011124","Household operations, furnishings and equipment","2002=100","17","units","0","v41691067","2.96","102.1","","","","1"
"2006-10","Canada","2016A000011124","Household operations, furnishings and equipment","2002=100","17","units","0","v41691067","2.96","102.2","","","","1"
"2006-11","Canada","2016A000011124","Household operations, furnishings and equipment","2002=100","17","units","0","v41691067","2.96","102.2","","","","1"
"2006-12","Canada","2016A000011124","Household operations, furnishings and equipment","2002=100","17","units","0","v41691067","2.96","102.2","","","","1"
"2007-01","Canada","2016A000011124","Household operations, furnishings and equipment","2002=100","17","units","0","v41691067","2.96","102.4","","","","1"
"2007-02","Canada","2016A000011124","Household operations, furnishings and equipment","2002=100","17","units","0","v41691067","2.96","103.0","","","","1"
"2007-03","Canada","2016A000011124","Household operations, furnishings and equipment","2002=100","17","units","0","v41691067","2.96","103.2","","","","1"
"2007-04","Canada","2016A000011124","Household operations, furnishings and equipment","2002=100","17","units","0","v41691067","2.96","103.3","","","","1"
"2007-05","Canada","2016A000011124","Household operations, furnishings and equipment","2002=100","17","units","0","v41691067","2.96","103.0","","","","1"
"2007-06","Canada","2016A000011124","Household operations, furnishings and equipment","2002=100","17","units","0","v41691067","2.96","103.0","","","","1"
"2007-07","Canada","2016A000011124","Household operations, furnishings and equipment","2002=100","17","units","0","v41691067","2.96","103.2","","","","1"
"2007-08","Canada","2016A000011124","Household operations, furnishings and equipment","2002=100","17","units","0","v41691067","2.96","103.5","","","","1"
"2007-09","Canada","2016A000011124","Household operations, furnishings and equipment","2002=100","17","units","0","v41691067","2.96","103.7","","","","1"
"2007-10","Canada","2016A000011124","Household operations, furnishings and equipment","2002=100","17","units","0","v41691067","2.96","103.4","","","","1"
"2007-11","Canada","2016A000011124","Household operations, furnishings and equipment","2002=100","17","units","0","v41691067","2.96","103.3","","","","1"
"2007-12","Canada","2016A000011124","Household operations, furnishings and equipment","2002=100","17","units","0","v41691067","2.96","103.5","","","","1"
"2008-01","Canada","2016A000011124","Household operations, furnishings and equipment","2002=100","17","units","0","v41691067","2.96","103.3","","","","1"
"2008-02","Canada","2016A000011124","Household operations, furnishings and equipment","2002=100","17","units","0","v41691067","2.96","104.1","","","","1"
"2008-03","Canada","2016A000011124","Household operations, furnishings and equipment","2002=100","17","units","0","v41691067","2.96","104.1","","","","1"
"2008-04","Canada","2016A000011124","Household operations, furnishings and equipment","2002=100","17","units","0","v41691067","2.96","104.4","","","","1"
"2008-05","Canada","2016A000011124","Household operations, furnishings and equipment","2002=100","17","units","0","v41691067","2.96","104.3","","","","1"
"2008-06","Canada","2016A000011124","Household operations, furnishings and equipment","2002=100","17","units","0","v41691067","2.96","104.3","","","","1"
"2008-07","Canada","2016A000011124","Household operations, furnishings and equipment","2002=100","17","units","0","v41691067","2.96","104.4","","","","1"
"2008-08","Canada","2016A000011124","Household operations, furnishings and equipment","2002=100","17","units","0","v41691067","2.96","104.4","","","","1"
"2008-09","Canada","2016A000011124","Household operations, furnishings and equipment","2002=100","17","units","0","v41691067","2.96","105.6","","","","1"
"2008-10","Canada","2016A000011124","Household operations, furnishings and equipment","2002=100","17","units","0","v41691067","2.96","105.2","","","","1"
"2008-11","Canada","2016A000011124","Household operations, furnishings and equipment","2002=100","17","units","0","v41691067","2.96","105.5","","","","1"
"2008-12","Canada","2016A000011124","Household operations, furnishings and equipment","2002=100","17","units","0","v41691067","2.96","105.5","","","","1"
"2009-01","Canada","2016A000011124","Household operations, furnishings and equipment","2002=100","17","units","0","v41691067","2.96","105.7","","","","1"
"2009-02","Canada","2016A000011124","Household operations, furnishings and equipment","2002=100","17","units","0","v41691067","2.96","106.4","","","","1"
"2009-03","Canada","2016A000011124","Household operations, furnishings and equipment","2002=100","17","units","0","v41691067","2.96","106.8","","","","1"
"2009-04","Canada","2016A000011124","Household operations, furnishings and equipment","2002=100","17","units","0","v41691067","2.96","107.3","","","","1"
"2009-05","Canada","2016A000011124","Household operations, furnishings and equipment","2002=100","17","units","0","v41691067","2.96","107.6","","","","1"
"2009-06","Canada","2016A000011124","Household operations, furnishings and equipment","2002=100","17","units","0","v41691067","2.96","107.3","","","","1"
"2009-07","Canada","2016A000011124","Household operations, furnishings and equipment","2002=100","17","units","0","v41691067","2.96","107.1","","","","1"
"2009-08","Canada","2016A000011124","Household operations, furnishings and equipment","2002=100","17","units","0","v41691067","2.96","107.0","","","","1"
"2009-09","Canada","2016A000011124","Household operations, furnishings and equipment","2002=100","17","units","0","v41691067","2.96","107.9","","","","1"
"2009-10","Canada","2016A000011124","Household operations, furnishings and equipment","2002=100","17","units","0","v41691067","2.96","107.9","","","","1"
"2009-11","Canada","2016A000011124","Household operations, furnishings and equipment","2002=100","17","units","0","v41691067","2.96","108.5","","","","1"
"2009-12","Canada","2016A000011124","Household operations, furnishings and equipment","2002=100","17","units","0","v41691067","2.96","107.5","","","","1"
"2010-01","Canada","2016A000011124","Household operations, furnishings and equipment","2002=100","17","units","0","v41691067","2.96","107.9","","","","1"
"2010-02","Canada","2016A000011124","Household operations, furnishings and equipment","2002=100","17","units","0","v41691067","2.96","108.3","","","","1"
"2010-03","Canada","2016A000011124","Household operations, furnishings and equipment","2002=100","17","units","0","v41691067","2.96","108.3","","","","1"
"2010-04","Canada","2016A000011124","Household operations, furnishings and equipment","2002=100","17","units","0","v41691067","2.96","108.5","","","","1"
"2010-05","Canada","2016A000011124","Household operations, furnishings and equipment","2002=100","17","units","0","v41691067","2.96","108.6","","","","1"
"2010-06","Canada","2016A000011124","Household operations, furnishings and equipment","2002=100","17","units","0","v41691067","2.96","108.6","","","","1"
"2010-07","Canada","2016A000011124","Household operations, furnishings and equipment","2002=100","17","units","0","v41691067","2.96","109.2","","","","1"
"2010-08","Canada","2016A000011124","Household operations, furnishings and equipment","2002=100","17","units","0","v41691067","2.96","109.0","","","","1"
"2010-09","Canada","2016A000011124","Household operations, furnishings and equipment","2002=100","17","units","0","v41691067","2.96","109.4","","","","1"
"2010-10","Canada","2016A000011124","Household operations, furnishings and equipment","2002=100","17","units","0","v41691067","2.96","109.3","","","","1"
"2010-11","Canada","2016A000011124","Household operations, furnishings and equipment","2002=100","17","units","0","v41691067","2.96","109.5","","","","1"
"2010-12","Canada","2016A000011124","Household operations, furnishings and equipment","2002=100","17","units","0","v41691067","2.96","109.3","","","","1"
"2011-01","Canada","2016A000011124","Household operations, furnishings and equipment","2002=100","17","units","0","v41691067","2.96","109.6","","","","1"
"2011-02","Canada","2016A000011124","Household operations, furnishings and equipment","2002=100","17","units","0","v41691067","2.96","110.1","","","","1"
"2011-03","Canada","2016A000011124","Household operations, furnishings and equipment","2002=100","17","units","0","v41691067","2.96","110.4","","","","1"
"2011-04","Canada","2016A000011124","Household operations, furnishings and equipment","2002=100","17","units","0","v41691067","2.96","109.8","","","","1"
"2011-05","Canada","2016A000011124","Household operations, furnishings and equipment","2002=100","17","units","0","v41691067","2.96","110.4","","","","1"
"2011-06","Canada","2016A000011124","Household operations, furnishings and equipment","2002=100","17","units","0","v41691067","2.96","110.7","","","","1"
"2011-07","Canada","2016A000011124","Household operations, furnishings and equipment","2002=100","17","units","0","v41691067","2.96","110.7","","","","1"
"2011-08","Canada","2016A000011124","Household operations, furnishings and equipment","2002=100","17","units","0","v41691067","2.96","111.2","","","","1"
"2011-09","Canada","2016A000011124","Household operations, furnishings and equipment","2002=100","17","units","0","v41691067","2.96","111.6","","","","1"
"2011-10","Canada","2016A000011124","Household operations, furnishings and equipment","2002=100","17","units","0","v41691067","2.96","111.9","","","","1"
"2011-11","Canada","2016A000011124","Household operations, furnishings and equipment","2002=100","17","units","0","v41691067","2.96","112.1","","","","1"
"2011-12","Canada","2016A000011124","Household operations, furnishings and equipment","2002=100","17","units","0","v41691067","2.96","111.8","","","","1"
"2012-01","Canada","2016A000011124","Household operations, furnishings and equipment","2002=100","17","units","0","v41691067","2.96","112.2","","","","1"
"2012-02","Canada","2016A000011124","Household operations, furnishings and equipment","2002=100","17","units","0","v41691067","2.96","112.8","","","","1"
"2012-03","Canada","2016A000011124","Household operations, furnishings and equipment","2002=100","17","units","0","v41691067","2.96","112.7","","","","1"
"2012-04","Canada","2016A000011124","Household operations, furnishings and equipment","2002=100","17","units","0","v41691067","2.96","112.6","","","","1"
"2012-05","Canada","2016A000011124","Household operations, furnishings and equipment","2002=100","17","units","0","v41691067","2.96","112.8","","","","1"
"2012-06","Canada","2016A000011124","Household operations, furnishings and equipment","2002=100","17","units","0","v41691067","2.96","113.1","","","","1"
"2012-07","Canada","2016A000011124","Household operations, furnishings and equipment","2002=100","17","units","0","v41691067","2.96","113.0","","","","1"
"2012-08","Canada","2016A000011124","Household operations, furnishings and equipment","2002=100","17","units","0","v41691067","2.96","112.7","","","","1"
"2012-09","Canada","2016A000011124","Household operations, furnishings and equipment","2002=100","17","units","0","v41691067","2.96","113.2","","","","1"
"2012-10","Canada","2016A000011124","Household operations, furnishings and equipment","2002=100","17","units","0","v41691067","2.96","113.5","","","","1"
"2012-11","Canada","2016A000011124","Household operations, furnishings and equipment","2002=100","17","units","0","v41691067","2.96","113.7","","","","1"
"2012-12","Canada","2016A000011124","Household operations, furnishings and equipment","2002=100","17","units","0","v41691067","2.96","113.2","","","","1"
"2013-01","Canada","2016A000011124","Household operations, furnishings and equipment","2002=100","17","units","0","v41691067","2.96","113.5","","","","1"
"2013-02","Canada","2016A000011124","Household operations, furnishings and equipment","2002=100","17","units","0","v41691067","2.96","114.3","","","","1"
"2013-03","Canada","2016A000011124","Household operations, furnishings and equipment","2002=100","17","units","0","v41691067","2.96","114.7","","","","1"
"2013-04","Canada","2016A000011124","Household operations, furnishings and equipment","2002=100","17","units","0","v41691067","2.96","114.3","","","","1"
"2013-05","Canada","2016A000011124","Household operations, furnishings and equipment","2002=100","17","units","0","v41691067","2.96","114.0","","","","1"
"2013-06","Canada","2016A000011124","Household operations, furnishings and equipment","2002=100","17","units","0","v41691067","2.96","114.2","","","","1"
"2013-07","Canada","2016A000011124","Household operations, furnishings and equipment","2002=100","17","units","0","v41691067","2.96","114.5","","","","1"
"2013-08","Canada","2016A000011124","Household operations, furnishings and equipment","2002=100","17","units","0","v41691067","2.96","114.1","","","","1"
"2013-09","Canada","2016A000011124","Household operations, furnishings and equipment","2002=100","17","units","0","v41691067","2.96","114.5","","","","1"
"2013-10","Canada","2016A000011124","Household operations, furnishings and equipment","2002=100","17","units","0","v41691067","2.96","114.7","","","","1"
"2013-11","Canada","2016A000011124","Household operations, furnishings and equipment","2002=100","17","units","0","v41691067","2.96","114.8","","","","1"
"2013-12","Canada","2016A000011124","Household operations, furnishings and equipment","2002=100","17","units","0","v41691067","2.96","114.7","","","","1"
"2014-01","Canada","2016A000011124","Household operations, furnishings and equipment","2002=100","17","units","0","v41691067","2.96","114.7","","","","1"
"2014-02","Canada","2016A000011124","Household operations, furnishings and equipment","2002=100","17","units","0","v41691067","2.96","115.3","","","","1"
"2014-03","Canada","2016A000011124","Household operations, furnishings and equipment","2002=100","17","units","0","v41691067","2.96","115.7","","","","1"
"2014-04","Canada","2016A000011124","Household operations, furnishings and equipment","2002=100","17","units","0","v41691067","2.96","115.5","","","","1"
"2014-05","Canada","2016A000011124","Household operations, furnishings and equipment","2002=100","17","units","0","v41691067","2.96","115.8","","","","1"
"2014-06","Canada","2016A000011124","Household operations, furnishings and equipment","2002=100","17","units","0","v41691067","2.96","116.4","","","","1"
"2014-07","Canada","2016A000011124","Household operations, furnishings and equipment","2002=100","17","units","0","v41691067","2.96","116.3","","","","1"
"2014-08","Canada","2016A000011124","Household operations, furnishings and equipment","2002=100","17","units","0","v41691067","2.96","117.5","","","","1"
"2014-09","Canada","2016A000011124","Household operations, furnishings and equipment","2002=100","17","units","0","v41691067","2.96","117.6","","","","1"
"2014-10","Canada","2016A000011124","Household operations, furnishings and equipment","2002=100","17","units","0","v41691067","2.96","118.1","","","","1"
"2014-11","Canada","2016A000011124","Household operations, furnishings and equipment","2002=100","17","units","0","v41691067","2.96","118.2","","","","1"
"2014-12","Canada","2016A000011124","Household operations, furnishings and equipment","2002=100","17","units","0","v41691067","2.96","117.8","","","","1"
"2015-01","Canada","2016A000011124","Household operations, furnishings and equipment","2002=100","17","units","0","v41691067","2.96","118.0","","","","1"
"2015-02","Canada","2016A000011124","Household operations, furnishings and equipment","2002=100","17","units","0","v41691067","2.96","118.9","","","","1"
"2015-03","Canada","2016A000011124","Household operations, furnishings and equipment","2002=100","17","units","0","v41691067","2.96","119.4","","","","1"
"2015-04","Canada","2016A000011124","Household operations, furnishings and equipment","2002=100","17","units","0","v41691067","2.96","119.7","","","","1"
"2015-05","Canada","2016A000011124","Household operations, furnishings and equipment","2002=100","17","units","0","v41691067","2.96","119.7","","","","1"
"2015-06","Canada","2016A000011124","Household operations, furnishings and equipment","2002=100","17","units","0","v41691067","2.96","120.0","","","","1"
"2015-07","Canada","2016A000011124","Household operations, furnishings and equipment","2002=100","17","units","0","v41691067","2.96","120.1","","","","1"
"2015-08","Canada","2016A000011124","Household operations, furnishings and equipment","2002=100","17","units","0","v41691067","2.96","120.4","","","","1"
"2015-09","Canada","2016A000011124","Household operations, furnishings and equipment","2002=100","17","units","0","v41691067","2.96","120.5","","","","1"
"2015-10","Canada","2016A000011124","Household operations, furnishings and equipment","2002=100","17","units","0","v41691067","2.96","120.6","","","","1"
"2015-11","Canada","2016A000011124","Household operations, furnishings and equipment","2002=100","17","units","0","v41691067","2.96","119.8","","","","1"
"2015-12","Canada","2016A000011124","Household operations, furnishings and equipment","2002=100","17","units","0","v41691067","2.96","119.6","","","","1"
"2016-01","Canada","2016A000011124","Household operations, furnishings and equipment","2002=100","17","units","0","v41691067","2.96","120.0","","","","1"
"2016-02","Canada","2016A000011124","Household operations, furnishings and equipment","2002=100","17","units","0","v41691067","2.96","121.0","","","","1"
"2016-03","Canada","2016A000011124","Household operations, furnishings and equipment","2002=100","17","units","0","v41691067","2.96","121.4","","","","1"
"2016-04","Canada","2016A000011124","Household operations, furnishings and equipment","2002=100","17","units","0","v41691067","2.96","121.6","","","","1"
"2016-05","Canada","2016A000011124","Household operations, furnishings and equipment","2002=100","17","units","0","v41691067","2.96","122.1","","","","1"
"2016-06","Canada","2016A000011124","Household operations, furnishings and equipment","2002=100","17","units","0","v41691067","2.96","122.4","","","","1"
"2016-07","Canada","2016A000011124","Household operations, furnishings and equipment","2002=100","17","units","0","v41691067","2.96","122.3","","","","1"
"2016-08","Canada","2016A000011124","Household operations, furnishings and equipment","2002=100","17","units","0","v41691067","2.96","122.2","","","","1"
"2016-09","Canada","2016A000011124","Household operations, furnishings and equipment","2002=100","17","units","0","v41691067","2.96","121.9","","","","1"
"2016-10","Canada","2016A000011124","Household operations, furnishings and equipment","2002=100","17","units","0","v41691067","2.96","122.1","","","","1"
"2016-11","Canada","2016A000011124","Household operations, furnishings and equipment","2002=100","17","units","0","v41691067","2.96","121.6","","","","1"
"2016-12","Canada","2016A000011124","Household operations, furnishings and equipment","2002=100","17","units","0","v41691067","2.96","121.3","","","","1"
"2017-01","Canada","2016A000011124","Household operations, furnishings and equipment","2002=100","17","units","0","v41691067","2.96","121.4","","","","1"
"2017-02","Canada","2016A000011124","Household operations, furnishings and equipment","2002=100","17","units","0","v41691067","2.96","121.7","","","","1"
"2017-03","Canada","2016A000011124","Household operations, furnishings and equipment","2002=100","17","units","0","v41691067","2.96","121.4","","","","1"
"2017-04","Canada","2016A000011124","Household operations, furnishings and equipment","2002=100","17","units","0","v41691067","2.96","122.2","","","","1"
"2017-05","Canada","2016A000011124","Household operations, furnishings and equipment","2002=100","17","units","0","v41691067","2.96","122.4","","","","1"
"2017-06","Canada","2016A000011124","Household operations, furnishings and equipment","2002=100","17","units","0","v41691067","2.96","122.7","","","","1"
"2017-07","Canada","2016A000011124","Household operations, furnishings and equipment","2002=100","17","units","0","v41691067","2.96","122.2","","","","1"
"2017-08","Canada","2016A000011124","Household operations, furnishings and equipment","2002=100","17","units","0","v41691067","2.96","121.9","","","","1"
"2017-09","Canada","2016A000011124","Household operations, furnishings and equipment","2002=100","17","units","0","v41691067","2.96","121.4","","","","1"
"2017-10","Canada","2016A000011124","Household operations, furnishings and equipment","2002=100","17","units","0","v41691067","2.96","122.3","","","","1"
"2017-11","Canada","2016A000011124","Household operations, furnishings and equipment","2002=100","17","units","0","v41691067","2.96","122.7","","","","1"
"2017-12","Canada","2016A000011124","Household operations, furnishings and equipment","2002=100","17","units","0","v41691067","2.96","120.9","","","","1"
"2018-01","Canada","2016A000011124","Household operations, furnishings and equipment","2002=100","17","units","0","v41691067","2.96","122.4","","","","1"
"2018-02","Canada","2016A000011124","Household operations, furnishings and equipment","2002=100","17","units","0","v41691067","2.96","123.4","","","","1"
"2018-03","Canada","2016A000011124","Household operations, furnishings and equipment","2002=100","17","units","0","v41691067","2.96","122.9","","","","1"
"2018-04","Canada","2016A000011124","Household operations, furnishings and equipment","2002=100","17","units","0","v41691067","2.96","123.9","","","","1"
"2018-05","Canada","2016A000011124","Household operations, furnishings and equipment","2002=100","17","units","0","v41691067","2.96","122.8","","","","1"
"2018-06","Canada","2016A000011124","Household operations, furnishings and equipment","2002=100","17","units","0","v41691067","2.96","122.6","","","","1"
"2018-07","Canada","2016A000011124","Household operations, furnishings and equipment","2002=100","17","units","0","v41691067","2.96","123.1","","","","1"
"2018-08","Canada","2016A000011124","Household operations, furnishings and equipment","2002=100","17","units","0","v41691067","2.96","122.9","","","","1"
"2018-09","Canada","2016A000011124","Household operations, furnishings and equipment","2002=100","17","units","0","v41691067","2.96","123.0","","","","1"
"2018-10","Canada","2016A000011124","Household operations, furnishings and equipment","2002=100","17","units","0","v41691067","2.96","124.0","","","","1"
"2018-11","Canada","2016A000011124","Household operations, furnishings and equipment","2002=100","17","units","0","v41691067","2.96","123.8","","","","1"
"2018-12","Canada","2016A000011124","Household operations, furnishings and equipment","2002=100","17","units","0","v41691067","2.96","123.4","","","","1"
"2019-01","Canada","2016A000011124","Household operations, furnishings and equipment","2002=100","17","units","0","v41691067","2.96","123.3","","","","1"
"2019-02","Canada","2016A000011124","Household operations, furnishings and equipment","2002=100","17","units","0","v41691067","2.96","123.6","","","","1"
"2019-03","Canada","2016A000011124","Household operations, furnishings and equipment","2002=100","17","units","0","v41691067","2.96","123.5","","","","1"
"2019-04","Canada","2016A000011124","Household operations, furnishings and equipment","2002=100","17","units","0","v41691067","2.96","123.8","","","","1"
"2019-05","Canada","2016A000011124","Household operations, furnishings and equipment","2002=100","17","units","0","v41691067","2.96","123.9","","","","1"
"2019-06","Canada","2016A000011124","Household operations, furnishings and equipment","2002=100","17","units","0","v41691067","2.96","124.1","","","","1"
"2019-07","Canada","2016A000011124","Household operations, furnishings and equipment","2002=100","17","units","0","v41691067","2.96","123.5","","","","1"
"2019-08","Canada","2016A000011124","Household operations, furnishings and equipment","2002=100","17","units","0","v41691067","2.96","123.5","","","","1"
"2019-09","Canada","2016A000011124","Household operations, furnishings and equipment","2002=100","17","units","0","v41691067","2.96","123.6","","","","1"
"2019-10","Canada","2016A000011124","Household operations, furnishings and equipment","2002=100","17","units","0","v41691067","2.96","123.8","","","","1"
"2019-11","Canada","2016A000011124","Household operations, furnishings and equipment","2002=100","17","units","0","v41691067","2.96","123.6","","","","1"
"2019-12","Canada","2016A000011124","Household operations, furnishings and equipment","2002=100","17","units","0","v41691067","2.96","122.9","","","","1"
"2020-01","Canada","2016A000011124","Household operations, furnishings and equipment","2002=100","17","units","0","v41691067","2.96","122.6","","","","1"
"2020-02","Canada","2016A000011124","Household operations, furnishings and equipment","2002=100","17","units","0","v41691067","2.96","123.3","","","","1"
"2020-03","Canada","2016A000011124","Household operations, furnishings and equipment","2002=100","17","units","0","v41691067","2.96","123.7","","","","1"
"2020-04","Canada","2016A000011124","Household operations, furnishings and equipment","2002=100","17","units","0","v41691067","2.96","124.2","","","","1"
"2020-05","Canada","2016A000011124","Household operations, furnishings and equipment","2002=100","17","units","0","v41691067","2.96","123.6","","","","1"
"2020-06","Canada","2016A000011124","Household operations, furnishings and equipment","2002=100","17","units","0","v41691067","2.96","123.7","","","","1"
"2020-07","Canada","2016A000011124","Household operations, furnishings and equipment","2002=100","17","units","0","v41691067","2.96","124.2","","","","1"
"2020-08","Canada","2016A000011124","Household operations, furnishings and equipment","2002=100","17","units","0","v41691067","2.96","124.0","","","","1"
"2020-09","Canada","2016A000011124","Household operations, furnishings and equipment","2002=100","17","units","0","v41691067","2.96","124.0","","","","1"
"2020-10","Canada","2016A000011124","Household operations, furnishings and equipment","2002=100","17","units","0","v41691067","2.96","124.3","","","","1"
"2020-11","Canada","2016A000011124","Household operations, furnishings and equipment","2002=100","17","units","0","v41691067","2.96","124.3","","","","1"
"2020-12","Canada","2016A000011124","Household operations, furnishings and equipment","2002=100","17","units","0","v41691067","2.96","123.6","","","","1"
"2021-01","Canada","2016A000011124","Household operations, furnishings and equipment","2002=100","17","units","0","v41691067","2.96","124.3","","","","1"
"2021-02","Canada","2016A000011124","Household operations, furnishings and equipment","2002=100","17","units","0","v41691067","2.96","124.3","","","","1"
"2021-03","Canada","2016A000011124","Household operations, furnishings and equipment","2002=100","17","units","0","v41691067","2.96","123.5","","","","1"
"2021-04","Canada","2016A000011124","Household operations, furnishings and equipment","2002=100","17","units","0","v41691067","2.96","124.7","","","","1"
"2021-05","Canada","2016A000011124","Household operations, furnishings and equipment","2002=100","17","units","0","v41691067","2.96","124.7","","","","1"
"2021-06","Canada","2016A000011124","Household operations, furnishings and equipment","2002=100","17","units","0","v41691067","2.96","124.8","","","","1"
"2021-07","Canada","2016A000011124","Household operations, furnishings and equipment","2002=100","17","units","0","v41691067","2.96","125.6","","","","1"
"2021-08","Canada","2016A000011124","Household operations, furnishings and equipment","2002=100","17","units","0","v41691067","2.96","125.8","","","","1"
"2021-09","Canada","2016A000011124","Household operations, furnishings and equipment","2002=100","17","units","0","v41691067","2.96","125.9","","","","1"
"2021-10","Canada","2016A000011124","Household operations, furnishings and equipment","2002=100","17","units","0","v41691067","2.96","126.5","","","","1"
"2021-11","Canada","2016A000011124","Household operations, furnishings and equipment","2002=100","17","units","0","v41691067","2.96","126.3","","","","1"
"2021-12","Canada","2016A000011124","Household operations, furnishings and equipment","2002=100","17","units","0","v41691067","2.96","126.1","","","","1"
"2022-01","Canada","2016A000011124","Household operations, furnishings and equipment","2002=100","17","units","0","v41691067","2.96","126.7","","","","1"
"2022-02","Canada","2016A000011124","Household operations, furnishings and equipment","2002=100","17","units","0","v41691067","2.96","127.6","","","","1"
"2022-03","Canada","2016A000011124","Household operations, furnishings and equipment","2002=100","17","units","0","v41691067","2.96","129.1","","","","1"
"2022-04","Canada","2016A000011124","Household operations, furnishings and equipment","2002=100","17","units","0","v41691067","2.96","129.8","","","","1"
"2022-05","Canada","2016A000011124","Household operations, furnishings and equipment","2002=100","17","units","0","v41691067","2.96","131.5","","","","1"
"2022-06","Canada","2016A000011124","Household operations, furnishings and equipment","2002=100","17","units","0","v41691067","2.96","131.8","","","","1"
"2022-07","Canada","2016A000011124","Household operations, furnishings and equipment","2002=100","17","units","0","v41691067","2.96","131.9","","","","1"
"2022-08","Canada","2016A000011124","Household operations, furnishings and equipment","2002=100","17","units","0","v41691067","2.96","132.2","","","","1"
"2022-09","Canada","2016A000011124","Household operations, furnishings and equipment","2002=100","17","units","0","v41691067","2.96","132.7","","","","1"
"2022-10","Canada","2016A000011124","Household operations, furnishings and equipment","2002=100","17","units","0","v41691067","2.96","132.9","","","","1"
"2022-11","Canada","2016A000011124","Household operations, furnishings and equipment","2002=100","17","units","0","v41691067","2.96","132.9","","","","1"
"2022-12","Canada","2016A000011124","Household operations, furnishings and equipment","2002=100","17","units","0","v41691067","2.96","131.9","","","","1"
"2023-01","Canada","2016A000011124","Household operations, furnishings and equipment","2002=100","17","units","0","v41691067","2.96","131.4","","","","1"
"2023-02","Canada","2016A000011124","Household operations, furnishings and equipment","2002=100","17","units","0","v41691067","2.96","132.8","","","","1"
"2023-03","Canada","2016A000011124","Household operations, furnishings and equipment","2002=100","17","units","0","v41691067","2.96","133.3","","","","1"
"2023-04","Canada","2016A000011124","Household operations, furnishings and equipment","2002=100","17","units","0","v41691067","2.96","133.7","","","","1"
"2023-05","Canada","2016A000011124","Household operations, furnishings and equipment","2002=100","17","units","0","v41691067","2.96","133.0","","","","1"
"2023-06","Canada","2016A000011124","Household operations, furnishings and equipment","2002=100","17","units","0","v41691067","2.96","132.2","","","","1"
"2023-07","Canada","2016A000011124","Household operations, furnishings and equipment","2002=100","17","units","0","v41691067","2.96","131.8","","","","1"
"2023-08","Canada","2016A000011124","Household operations, furnishings and equipment","2002=100","17","units","0","v41691067","2.96","132.2","","","","1"
"2023-09","Canada","2016A000011124","Household operations, furnishings and equipment","2002=100","17","units","0","v41691067","2.96","131.3","","","","1"
"2023-10","Canada","2016A000011124","Household operations, furnishings and equipment","2002=100","17","units","0","v41691067","2.96","131.3","","","","1"
"2023-11","Canada","2016A000011124","Household operations, furnishings and equipment","2002=100","17","units","0","v41691067","2.96","130.9","","","","1"
"2023-12","Canada","2016A000011124","Household operations, furnishings and equipment","2002=100","17","units","0","v41691067","2.96","129.7","","","","1"
"2024-01","Canada","2016A000011124","Household operations, furnishings and equipment","2002=100","17","units","0","v41691067","2.96","130.8","","","","1"
"2024-02","Canada","2016A000011124","Household operations, furnishings and equipment","2002=100","17","units","0","v41691067","2.96","130.6","","","","1"
"2024-03","Canada","2016A000011124","Household operations, furnishings and equipment","2002=100","17","units","0","v41691067","2.96","130.2","","","","1"
"2024-04","Canada","2016A000011124","Household operations, furnishings and equipment","2002=100","17","units","0","v41691067","2.96","130.9","","","","1"
"2024-05","Canada","2016A000011124","Household operations, furnishings and equipment","2002=100","17","units","0","v41691067","2.96","131.0","","","","1"
"2024-06","Canada","2016A000011124","Household operations, furnishings and equipment","2002=100","17","units","0","v41691067","2.96","131.0","","","","1"
"2024-07","Canada","2016A000011124","Household operations, furnishings and equipment","2002=100","17","units","0","v41691067","2.96","131.7","","","","1"
"2024-08","Canada","2016A000011124","Household operations, furnishings and equipment","2002=100","17","units","0","v41691067","2.96","131.2","","","","1"
"2024-09","Canada","2016A000011124","Household operations, furnishings and equipment","2002=100","17","units","0","v41691067","2.96","131.0","","","","1"
"2024-10","Canada","2016A000011124","Household operations, furnishings and equipment","2002=100","17","units","0","v41691067","2.96","131.2","","","","1"
"2024-11","Canada","2016A000011124","Household operations, furnishings and equipment","2002=100","17","units","0","v41691067","2.96","130.0","","","","1"
"2024-12","Canada","2016A000011124","Household operations, furnishings and equipment","2002=100","17","units","0","v41691067","2.96","128.6","","","","1"
"2025-01","Canada","2016A000011124","Household operations, furnishings and equipment","2002=100","17","units","0","v41691067","2.96","130.5","","","","1"
"2025-02","Canada","2016A000011124","Household operations, furnishings and equipment","2002=100","17","units","0","v41691067","2.96","131.7","","","","1"
"2025-03","Canada","2016A000011124","Household operations, furnishings and equipment","2002=100","17","units","0","v41691067","2.96","131.3","","","","1"
"2025-04","Canada","2016A000011124","Household operations, furnishings and equipment","2002=100","17","units","0","v41691067","2.96","132.4","","","","1"
"2025-05","Canada","2016A000011124","Household operations, furnishings and equipment","2002=100","17","units","0","v41691067","2.96","133.1","","","","1"
"2025-06","Canada","2016A000011124","Household operations, furnishings and equipment","2002=100","17","units","0","v41691067","2.96","132.9","","","","1"
"2025-07","Canada","2016A000011124","Household operations, furnishings and equipment","2002=100","17","units","0","v41691067","2.96","133.5","","","","1"
"2025-08","Canada","2016A000011124","Household operations, furnishings and equipment","2002=100","17","units","0","v41691067","2.96","133.9","","","","1"
"2025-09","Canada","2016A000011124","Household operations, furnishings and equipment","2002=100","17","units","0","v41691067","2.96","134.1","","","","1"
"2025-10","Canada","2016A000011124","Household operations, furnishings and equipment","2002=100","17","units","0","v41691067","2.96","135.0","","","","1"
"2025-11","Canada","2016A000011124","Household operations, furnishings and equipment","2002=100","17","units","0","v41691067","2.96","134.3","","","","1"
"1990-01","Canada","2016A000011124","Clothing and footwear","2002=100","17","units","0","v41691108","2.139","84.2","","","","1"
"1990-02","Canada","2016A000011124","Clothing and footwear","2002=100","17","units","0","v41691108","2.139","85.3","","","","1"
"1990-03","Canada","2016A000011124","Clothing and footwear","2002=100","17","units","0","v41691108","2.139","86.1","","","","1"
"1990-04","Canada","2016A000011124","Clothing and footwear","2002=100","17","units","0","v41691108","2.139","86.2","","","","1"
"1990-05","Canada","2016A000011124","Clothing and footwear","2002=100","17","units","0","v41691108","2.139","85.7","","","","1"
"1990-06","Canada","2016A000011124","Clothing and footwear","2002=100","17","units","0","v41691108","2.139","86.2","","","","1"
"1990-07","Canada","2016A000011124","Clothing and footwear","2002=100","17","units","0","v41691108","2.139","86.1","","","","1"
"1990-08","Canada","2016A000011124","Clothing and footwear","2002=100","17","units","0","v41691108","2.139","87.3","","","","1"
"1990-09","Canada","2016A000011124","Clothing and footwear","2002=100","17","units","0","v41691108","2.139","86.9","","","","1"
"1990-10","Canada","2016A000011124","Clothing and footwear","2002=100","17","units","0","v41691108","2.139","87.0","","","","1"
"1990-11","Canada","2016A000011124","Clothing and footwear","2002=100","17","units","0","v41691108","2.139","86.6","","","","1"
"1990-12","Canada","2016A000011124","Clothing and footwear","2002=100","17","units","0","v41691108","2.139","86.1","","","","1"
"1991-01","Canada","2016A000011124","Clothing and footwear","2002=100","17","units","0","v41691108","2.139","91.4","","","","1"
"1991-02","Canada","2016A000011124","Clothing and footwear","2002=100","17","units","0","v41691108","2.139","93.8","","","","1"
"1991-03","Canada","2016A000011124","Clothing and footwear","2002=100","17","units","0","v41691108","2.139","94.9","","","","1"
"1991-04","Canada","2016A000011124","Clothing and footwear","2002=100","17","units","0","v41691108","2.139","94.9","","","","1"
"1991-05","Canada","2016A000011124","Clothing and footwear","2002=100","17","units","0","v41691108","2.139","94.6","","","","1"
"1991-06","Canada","2016A000011124","Clothing and footwear","2002=100","17","units","0","v41691108","2.139","94.4","","","","1"
"1991-07","Canada","2016A000011124","Clothing and footwear","2002=100","17","units","0","v41691108","2.139","94.7","","","","1"
"1991-08","Canada","2016A000011124","Clothing and footwear","2002=100","17","units","0","v41691108","2.139","95.6","","","","1"
"1991-09","Canada","2016A000011124","Clothing and footwear","2002=100","17","units","0","v41691108","2.139","94.9","","","","1"
"1991-10","Canada","2016A000011124","Clothing and footwear","2002=100","17","units","0","v41691108","2.139","94.6","","","","1"
"1991-11","Canada","2016A000011124","Clothing and footwear","2002=100","17","units","0","v41691108","2.139","94.2","","","","1"
"1991-12","Canada","2016A000011124","Clothing and footwear","2002=100","17","units","0","v41691108","2.139","93.3","","","","1"
"1992-01","Canada","2016A000011124","Clothing and footwear","2002=100","17","units","0","v41691108","2.139","93.7","","","","1"
"1992-02","Canada","2016A000011124","Clothing and footwear","2002=100","17","units","0","v41691108","2.139","95.8","","","","1"
"1992-03","Canada","2016A000011124","Clothing and footwear","2002=100","17","units","0","v41691108","2.139","95.8","","","","1"
"1992-04","Canada","2016A000011124","Clothing and footwear","2002=100","17","units","0","v41691108","2.139","95.6","","","","1"
"1992-05","Canada","2016A000011124","Clothing and footwear","2002=100","17","units","0","v41691108","2.139","95.3","","","","1"
"1992-06","Canada","2016A000011124","Clothing and footwear","2002=100","17","units","0","v41691108","2.139","94.9","","","","1"
"1992-07","Canada","2016A000011124","Clothing and footwear","2002=100","17","units","0","v41691108","2.139","94.3","","","","1"
"1992-08","Canada","2016A000011124","Clothing and footwear","2002=100","17","units","0","v41691108","2.139","95.8","","","","1"
"1992-09","Canada","2016A000011124","Clothing and footwear","2002=100","17","units","0","v41691108","2.139","95.3","","","","1"
"1992-10","Canada","2016A000011124","Clothing and footwear","2002=100","17","units","0","v41691108","2.139","95.8","","","","1"
"1992-11","Canada","2016A000011124","Clothing and footwear","2002=100","17","units","0","v41691108","2.139","94.6","","","","1"
"1992-12","Canada","2016A000011124","Clothing and footwear","2002=100","17","units","0","v41691108","2.139","94.0","","","","1"
"1993-01","Canada","2016A000011124","Clothing and footwear","2002=100","17","units","0","v41691108","2.139","95.3","","","","1"
"1993-02","Canada","2016A000011124","Clothing and footwear","2002=100","17","units","0","v41691108","2.139","96.3","","","","1"
"1993-03","Canada","2016A000011124","Clothing and footwear","2002=100","17","units","0","v41691108","2.139","96.6","","","","1"
"1993-04","Canada","2016A000011124","Clothing and footwear","2002=100","17","units","0","v41691108","2.139","96.6","","","","1"
"1993-05","Canada","2016A000011124","Clothing and footwear","2002=100","17","units","0","v41691108","2.139","95.7","","","","1"
"1993-06","Canada","2016A000011124","Clothing and footwear","2002=100","17","units","0","v41691108","2.139","96.1","","","","1"
"1993-07","Canada","2016A000011124","Clothing and footwear","2002=100","17","units","0","v41691108","2.139","95.8","","","","1"
"1993-08","Canada","2016A000011124","Clothing and footwear","2002=100","17","units","0","v41691108","2.139","96.2","","","","1"
"1993-09","Canada","2016A000011124","Clothing and footwear","2002=100","17","units","0","v41691108","2.139","96.4","","","","1"
"1993-10","Canada","2016A000011124","Clothing and footwear","2002=100","17","units","0","v41691108","2.139","96.2","","","","1"
"1993-11","Canada","2016A000011124","Clothing and footwear","2002=100","17","units","0","v41691108","2.139","95.8","","","","1"
"1993-12","Canada","2016A000011124","Clothing and footwear","2002=100","17","units","0","v41691108","2.139","95.0","","","","1"
"1994-01","Canada","2016A000011124","Clothing and footwear","2002=100","17","units","0","v41691108","2.139","95.9","","","","1"
"1994-02","Canada","2016A000011124","Clothing and footwear","2002=100","17","units","0","v41691108","2.139","97.6","","","","1"
"1994-03","Canada","2016A000011124","Clothing and footwear","2002=100","17","units","0","v41691108","2.139","98.1","","","","1"
"1994-04","Canada","2016A000011124","Clothing and footwear","2002=100","17","units","0","v41691108","2.139","97.9","","","","1"
"1994-05","Canada","2016A000011124","Clothing and footwear","2002=100","17","units","0","v41691108","2.139","96.1","","","","1"
"1994-06","Canada","2016A000011124","Clothing and footwear","2002=100","17","units","0","v41691108","2.139","96.6","","","","1"
"1994-07","Canada","2016A000011124","Clothing and footwear","2002=100","17","units","0","v41691108","2.139","96.7","","","","1"
"1994-08","Canada","2016A000011124","Clothing and footwear","2002=100","17","units","0","v41691108","2.139","96.9","","","","1"
"1994-09","Canada","2016A000011124","Clothing and footwear","2002=100","17","units","0","v41691108","2.139","96.7","","","","1"
"1994-10","Canada","2016A000011124","Clothing and footwear","2002=100","17","units","0","v41691108","2.139","96.5","","","","1"
"1994-11","Canada","2016A000011124","Clothing and footwear","2002=100","17","units","0","v41691108","2.139","96.1","","","","1"
"1994-12","Canada","2016A000011124","Clothing and footwear","2002=100","17","units","0","v41691108","2.139","96.2","","","","1"
"1995-01","Canada","2016A000011124","Clothing and footwear","2002=100","17","units","0","v41691108","2.139","96.5","","","","1"
"1995-02","Canada","2016A000011124","Clothing and footwear","2002=100","17","units","0","v41691108","2.139","97.8","","","","1"
"1995-03","Canada","2016A000011124","Clothing and footwear","2002=100","17","units","0","v41691108","2.139","97.4","","","","1"
"1995-04","Canada","2016A000011124","Clothing and footwear","2002=100","17","units","0","v41691108","2.139","97.9","","","","1"
"1995-05","Canada","2016A000011124","Clothing and footwear","2002=100","17","units","0","v41691108","2.139","96.7","","","","1"
"1995-06","Canada","2016A000011124","Clothing and footwear","2002=100","17","units","0","v41691108","2.139","96.0","","","","1"
"1995-07","Canada","2016A000011124","Clothing and footwear","2002=100","17","units","0","v41691108","2.139","95.6","","","","1"
"1995-08","Canada","2016A000011124","Clothing and footwear","2002=100","17","units","0","v41691108","2.139","96.5","","","","1"
"1995-09","Canada","2016A000011124","Clothing and footwear","2002=100","17","units","0","v41691108","2.139","97.5","","","","1"
"1995-10","Canada","2016A000011124","Clothing and footwear","2002=100","17","units","0","v41691108","2.139","97.2","","","","1"
"1995-11","Canada","2016A000011124","Clothing and footwear","2002=100","17","units","0","v41691108","2.139","97.1","","","","1"
"1995-12","Canada","2016A000011124","Clothing and footwear","2002=100","17","units","0","v41691108","2.139","94.7","","","","1"
"1996-01","Canada","2016A000011124","Clothing and footwear","2002=100","17","units","0","v41691108","2.139","95.6","","","","1"
"1996-02","Canada","2016A000011124","Clothing and footwear","2002=100","17","units","0","v41691108","2.139","96.9","","","","1"
"1996-03","Canada","2016A000011124","Clothing and footwear","2002=100","17","units","0","v41691108","2.139","97.5","","","","1"
"1996-04","Canada","2016A000011124","Clothing and footwear","2002=100","17","units","0","v41691108","2.139","96.9","","","","1"
"1996-05","Canada","2016A000011124","Clothing and footwear","2002=100","17","units","0","v41691108","2.139","96.5","","","","1"
"1996-06","Canada","2016A000011124","Clothing and footwear","2002=100","17","units","0","v41691108","2.139","95.0","","","","1"
"1996-07","Canada","2016A000011124","Clothing and footwear","2002=100","17","units","0","v41691108","2.139","95.1","","","","1"
"1996-08","Canada","2016A000011124","Clothing and footwear","2002=100","17","units","0","v41691108","2.139","96.2","","","","1"
"1996-09","Canada","2016A000011124","Clothing and footwear","2002=100","17","units","0","v41691108","2.139","97.1","","","","1"
"1996-10","Canada","2016A000011124","Clothing and footwear","2002=100","17","units","0","v41691108","2.139","97.7","","","","1"
"1996-11","Canada","2016A000011124","Clothing and footwear","2002=100","17","units","0","v41691108","2.139","96.6","","","","1"
"1996-12","Canada","2016A000011124","Clothing and footwear","2002=100","17","units","0","v41691108","2.139","95.5","","","","1"
"1997-01","Canada","2016A000011124","Clothing and footwear","2002=100","17","units","0","v41691108","2.139","95.6","","","","1"
"1997-02","Canada","2016A000011124","Clothing and footwear","2002=100","17","units","0","v41691108","2.139","96.6","","","","1"
"1997-03","Canada","2016A000011124","Clothing and footwear","2002=100","17","units","0","v41691108","2.139","97.8","","","","1"
"1997-04","Canada","2016A000011124","Clothing and footwear","2002=100","17","units","0","v41691108","2.139","98.8","","","","1"
"1997-05","Canada","2016A000011124","Clothing and footwear","2002=100","17","units","0","v41691108","2.139","98.0","","","","1"
"1997-06","Canada","2016A000011124","Clothing and footwear","2002=100","17","units","0","v41691108","2.139","97.5","","","","1"
"1997-07","Canada","2016A000011124","Clothing and footwear","2002=100","17","units","0","v41691108","2.139","96.5","","","","1"
"1997-08","Canada","2016A000011124","Clothing and footwear","2002=100","17","units","0","v41691108","2.139","98.5","","","","1"
"1997-09","Canada","2016A000011124","Clothing and footwear","2002=100","17","units","0","v41691108","2.139","98.3","","","","1"
"1997-10","Canada","2016A000011124","Clothing and footwear","2002=100","17","units","0","v41691108","2.139","99.6","","","","1"
"1997-11","Canada","2016A000011124","Clothing and footwear","2002=100","17","units","0","v41691108","2.139","98.0","","","","1"
"1997-12","Canada","2016A000011124","Clothing and footwear","2002=100","17","units","0","v41691108","2.139","96.7","","","","1"
"1998-01","Canada","2016A000011124","Clothing and footwear","2002=100","17","units","0","v41691108","2.139","97.9","","","","1"
"1998-02","Canada","2016A000011124","Clothing and footwear","2002=100","17","units","0","v41691108","2.139","98.8","","","","1"
"1998-03","Canada","2016A000011124","Clothing and footwear","2002=100","17","units","0","v41691108","2.139","99.5","","","","1"
"1998-04","Canada","2016A000011124","Clothing and footwear","2002=100","17","units","0","v41691108","2.139","98.7","","","","1"
"1998-05","Canada","2016A000011124","Clothing and footwear","2002=100","17","units","0","v41691108","2.139","98.0","","","","1"
"1998-06","Canada","2016A000011124","Clothing and footwear","2002=100","17","units","0","v41691108","2.139","98.1","","","","1"
"1998-07","Canada","2016A000011124","Clothing and footwear","2002=100","17","units","0","v41691108","2.139","97.6","","","","1"
"1998-08","Canada","2016A000011124","Clothing and footwear","2002=100","17","units","0","v41691108","2.139","99.5","","","","1"
"1998-09","Canada","2016A000011124","Clothing and footwear","2002=100","17","units","0","v41691108","2.139","99.3","","","","1"
"1998-10","Canada","2016A000011124","Clothing and footwear","2002=100","17","units","0","v41691108","2.139","100.9","","","","1"
"1998-11","Canada","2016A000011124","Clothing and footwear","2002=100","17","units","0","v41691108","2.139","99.3","","","","1"
"1998-12","Canada","2016A000011124","Clothing and footwear","2002=100","17","units","0","v41691108","2.139","97.5","","","","1"
"1999-01","Canada","2016A000011124","Clothing and footwear","2002=100","17","units","0","v41691108","2.139","98.6","","","","1"
"1999-02","Canada","2016A000011124","Clothing and footwear","2002=100","17","units","0","v41691108","2.139","99.3","","","","1"
"1999-03","Canada","2016A000011124","Clothing and footwear","2002=100","17","units","0","v41691108","2.139","101.0","","","","1"
"1999-04","Canada","2016A000011124","Clothing and footwear","2002=100","17","units","0","v41691108","2.139","100.6","","","","1"
"1999-05","Canada","2016A000011124","Clothing and footwear","2002=100","17","units","0","v41691108","2.139","99.7","","","","1"
"1999-06","Canada","2016A000011124","Clothing and footwear","2002=100","17","units","0","v41691108","2.139","99.4","","","","1"
"1999-07","Canada","2016A000011124","Clothing and footwear","2002=100","17","units","0","v41691108","2.139","99.3","","","","1"
"1999-08","Canada","2016A000011124","Clothing and footwear","2002=100","17","units","0","v41691108","2.139","101.1","","","","1"
"1999-09","Canada","2016A000011124","Clothing and footwear","2002=100","17","units","0","v41691108","2.139","102.0","","","","1"
"1999-10","Canada","2016A000011124","Clothing and footwear","2002=100","17","units","0","v41691108","2.139","102.0","","","","1"
"1999-11","Canada","2016A000011124","Clothing and footwear","2002=100","17","units","0","v41691108","2.139","100.2","","","","1"
"1999-12","Canada","2016A000011124","Clothing and footwear","2002=100","17","units","0","v41691108","2.139","98.4","","","","1"
"2000-01","Canada","2016A000011124","Clothing and footwear","2002=100","17","units","0","v41691108","2.139","99.2","","","","1"
"2000-02","Canada","2016A000011124","Clothing and footwear","2002=100","17","units","0","v41691108","2.139","100.2","","","","1"
"2000-03","Canada","2016A000011124","Clothing and footwear","2002=100","17","units","0","v41691108","2.139","101.2","","","","1"
"2000-04","Canada","2016A000011124","Clothing and footwear","2002=100","17","units","0","v41691108","2.139","100.0","","","","1"
"2000-05","Canada","2016A000011124","Clothing and footwear","2002=100","17","units","0","v41691108","2.139","99.5","","","","1"
"2000-06","Canada","2016A000011124","Clothing and footwear","2002=100","17","units","0","v41691108","2.139","99.5","","","","1"
"2000-07","Canada","2016A000011124","Clothing and footwear","2002=100","17","units","0","v41691108","2.139","99.5","","","","1"
"2000-08","Canada","2016A000011124","Clothing and footwear","2002=100","17","units","0","v41691108","2.139","100.2","","","","1"
"2000-09","Canada","2016A000011124","Clothing and footwear","2002=100","17","units","0","v41691108","2.139","102.1","","","","1"
"2000-10","Canada","2016A000011124","Clothing and footwear","2002=100","17","units","0","v41691108","2.139","102.3","","","","1"
"2000-11","Canada","2016A000011124","Clothing and footwear","2002=100","17","units","0","v41691108","2.139","100.3","","","","1"
"2000-12","Canada","2016A000011124","Clothing and footwear","2002=100","17","units","0","v41691108","2.139","100.0","","","","1"
"2001-01","Canada","2016A000011124","Clothing and footwear","2002=100","17","units","0","v41691108","2.139","99.6","","","","1"
"2001-02","Canada","2016A000011124","Clothing and footwear","2002=100","17","units","0","v41691108","2.139","101.3","","","","1"
"2001-03","Canada","2016A000011124","Clothing and footwear","2002=100","17","units","0","v41691108","2.139","102.6","","","","1"
"2001-04","Canada","2016A000011124","Clothing and footwear","2002=100","17","units","0","v41691108","2.139","101.2","","","","1"
"2001-05","Canada","2016A000011124","Clothing and footwear","2002=100","17","units","0","v41691108","2.139","99.7","","","","1"
"2001-06","Canada","2016A000011124","Clothing and footwear","2002=100","17","units","0","v41691108","2.139","99.3","","","","1"
"2001-07","Canada","2016A000011124","Clothing and footwear","2002=100","17","units","0","v41691108","2.139","100.6","","","","1"
"2001-08","Canada","2016A000011124","Clothing and footwear","2002=100","17","units","0","v41691108","2.139","101.3","","","","1"
"2001-09","Canada","2016A000011124","Clothing and footwear","2002=100","17","units","0","v41691108","2.139","102.6","","","","1"
"2001-10","Canada","2016A000011124","Clothing and footwear","2002=100","17","units","0","v41691108","2.139","101.9","","","","1"
"2001-11","Canada","2016A000011124","Clothing and footwear","2002=100","17","units","0","v41691108","2.139","100.0","","","","1"
"2001-12","Canada","2016A000011124","Clothing and footwear","2002=100","17","units","0","v41691108","2.139","98.7","","","","1"
"2002-01","Canada","2016A000011124","Clothing and footwear","2002=100","17","units","0","v41691108","2.139","97.2","","","","1"
"2002-02","Canada","2016A000011124","Clothing and footwear","2002=100","17","units","0","v41691108","2.139","100.2","","","","1"
"2002-03","Canada","2016A000011124","Clothing and footwear","2002=100","17","units","0","v41691108","2.139","101.9","","","","1"
"2002-04","Canada","2016A000011124","Clothing and footwear","2002=100","17","units","0","v41691108","2.139","101.4","","","","1"
"2002-05","Canada","2016A000011124","Clothing and footwear","2002=100","17","units","0","v41691108","2.139","99.5","","","","1"
"2002-06","Canada","2016A000011124","Clothing and footwear","2002=100","17","units","0","v41691108","2.139","99.1","","","","1"
"2002-07","Canada","2016A000011124","Clothing and footwear","2002=100","17","units","0","v41691108","2.139","99.8","","","","1"
"2002-08","Canada","2016A000011124","Clothing and footwear","2002=100","17","units","0","v41691108","2.139","99.9","","","","1"
"2002-09","Canada","2016A000011124","Clothing and footwear","2002=100","17","units","0","v41691108","2.139","102.0","","","","1"
"2002-10","Canada","2016A000011124","Clothing and footwear","2002=100","17","units","0","v41691108","2.139","101.8","","","","1"
"2002-11","Canada","2016A000011124","Clothing and footwear","2002=100","17","units","0","v41691108","2.139","100.0","","","","1"
"2002-12","Canada","2016A000011124","Clothing and footwear","2002=100","17","units","0","v41691108","2.139","97.2","","","","1"
"2003-01","Canada","2016A000011124","Clothing and footwear","2002=100","17","units","0","v41691108","2.139","96.6","","","","1"
"2003-02","Canada","2016A000011124","Clothing and footwear","2002=100","17","units","0","v41691108","2.139","98.7","","","","1"
"2003-03","Canada","2016A000011124","Clothing and footwear","2002=100","17","units","0","v41691108","2.139","100.3","","","","1"
"2003-04","Canada","2016A000011124","Clothing and footwear","2002=100","17","units","0","v41691108","2.139","98.7","","","","1"
"2003-05","Canada","2016A000011124","Clothing and footwear","2002=100","17","units","0","v41691108","2.139","98.3","","","","1"
"2003-06","Canada","2016A000011124","Clothing and footwear","2002=100","17","units","0","v41691108","2.139","96.0","","","","1"
"2003-07","Canada","2016A000011124","Clothing and footwear","2002=100","17","units","0","v41691108","2.139","96.6","","","","1"
"2003-08","Canada","2016A000011124","Clothing and footwear","2002=100","17","units","0","v41691108","2.139","96.8","","","","1"
"2003-09","Canada","2016A000011124","Clothing and footwear","2002=100","17","units","0","v41691108","2.139","99.8","","","","1"
"2003-10","Canada","2016A000011124","Clothing and footwear","2002=100","17","units","0","v41691108","2.139","99.9","","","","1"
"2003-11","Canada","2016A000011124","Clothing and footwear","2002=100","17","units","0","v41691108","2.139","99.1","","","","1"
"2003-12","Canada","2016A000011124","Clothing and footwear","2002=100","17","units","0","v41691108","2.139","97.5","","","","1"
"2004-01","Canada","2016A000011124","Clothing and footwear","2002=100","17","units","0","v41691108","2.139","97.2","","","","1"
"2004-02","Canada","2016A000011124","Clothing and footwear","2002=100","17","units","0","v41691108","2.139","98.8","","","","1"
"2004-03","Canada","2016A000011124","Clothing and footwear","2002=100","17","units","0","v41691108","2.139","100.1","","","","1"
"2004-04","Canada","2016A000011124","Clothing and footwear","2002=100","17","units","0","v41691108","2.139","98.7","","","","1"
"2004-05","Canada","2016A000011124","Clothing and footwear","2002=100","17","units","0","v41691108","2.139","97.7","","","","1"
"2004-06","Canada","2016A000011124","Clothing and footwear","2002=100","17","units","0","v41691108","2.139","96.9","","","","1"
"2004-07","Canada","2016A000011124","Clothing and footwear","2002=100","17","units","0","v41691108","2.139","96.0","","","","1"
"2004-08","Canada","2016A000011124","Clothing and footwear","2002=100","17","units","0","v41691108","2.139","96.8","","","","1"
"2004-09","Canada","2016A000011124","Clothing and footwear","2002=100","17","units","0","v41691108","2.139","99.7","","","","1"
"2004-10","Canada","2016A000011124","Clothing and footwear","2002=100","17","units","0","v41691108","2.139","100.2","","","","1"
"2004-11","Canada","2016A000011124","Clothing and footwear","2002=100","17","units","0","v41691108","2.139","98.2","","","","1"
"2004-12","Canada","2016A000011124","Clothing and footwear","2002=100","17","units","0","v41691108","2.139","95.8","","","","1"
"2005-01","Canada","2016A000011124","Clothing and footwear","2002=100","17","units","0","v41691108","2.139","95.1","","","","1"
"2005-02","Canada","2016A000011124","Clothing and footwear","2002=100","17","units","0","v41691108","2.139","97.9","","","","1"
"2005-03","Canada","2016A000011124","Clothing and footwear","2002=100","17","units","0","v41691108","2.139","100.8","","","","1"
"2005-04","Canada","2016A000011124","Clothing and footwear","2002=100","17","units","0","v41691108","2.139","97.8","","","","1"
"2005-05","Canada","2016A000011124","Clothing and footwear","2002=100","17","units","0","v41691108","2.139","97.3","","","","1"
"2005-06","Canada","2016A000011124","Clothing and footwear","2002=100","17","units","0","v41691108","2.139","96.3","","","","1"
"2005-07","Canada","2016A000011124","Clothing and footwear","2002=100","17","units","0","v41691108","2.139","96.0","","","","1"
"2005-08","Canada","2016A000011124","Clothing and footwear","2002=100","17","units","0","v41691108","2.139","97.2","","","","1"
"2005-09","Canada","2016A000011124","Clothing and footwear","2002=100","17","units","0","v41691108","2.139","100.6","","","","1"
"2005-10","Canada","2016A000011124","Clothing and footwear","2002=100","17","units","0","v41691108","2.139","99.3","","","","1"
"2005-11","Canada","2016A000011124","Clothing and footwear","2002=100","17","units","0","v41691108","2.139","96.8","","","","1"
"2005-12","Canada","2016A000011124","Clothing and footwear","2002=100","17","units","0","v41691108","2.139","95.5","","","","1"
"2006-01","Canada","2016A000011124","Clothing and footwear","2002=100","17","units","0","v41691108","2.139","94.2","","","","1"
"2006-02","Canada","2016A000011124","Clothing and footwear","2002=100","17","units","0","v41691108","2.139","95.5","","","","1"
"2006-03","Canada","2016A000011124","Clothing and footwear","2002=100","17","units","0","v41691108","2.139","98.3","","","","1"
"2006-04","Canada","2016A000011124","Clothing and footwear","2002=100","17","units","0","v41691108","2.139","95.8","","","","1"
"2006-05","Canada","2016A000011124","Clothing and footwear","2002=100","17","units","0","v41691108","2.139","96.1","","","","1"
"2006-06","Canada","2016A000011124","Clothing and footwear","2002=100","17","units","0","v41691108","2.139","94.1","","","","1"
"2006-07","Canada","2016A000011124","Clothing and footwear","2002=100","17","units","0","v41691108","2.139","93.5","","","","1"
"2006-08","Canada","2016A000011124","Clothing and footwear","2002=100","17","units","0","v41691108","2.139","95.4","","","","1"
"2006-09","Canada","2016A000011124","Clothing and footwear","2002=100","17","units","0","v41691108","2.139","98.5","","","","1"
"2006-10","Canada","2016A000011124","Clothing and footwear","2002=100","17","units","0","v41691108","2.139","97.7","","","","1"
"2006-11","Canada","2016A000011124","Clothing and footwear","2002=100","17","units","0","v41691108","2.139","97.0","","","","1"
"2006-12","Canada","2016A000011124","Clothing and footwear","2002=100","17","units","0","v41691108","2.139","93.5","","","","1"
"2007-01","Canada","2016A000011124","Clothing and footwear","2002=100","17","units","0","v41691108","2.139","94.2","","","","1"
"2007-02","Canada","2016A000011124","Clothing and footwear","2002=100","17","units","0","v41691108","2.139","95.4","","","","1"
"2007-03","Canada","2016A000011124","Clothing and footwear","2002=100","17","units","0","v41691108","2.139","97.5","","","","1"
"2007-04","Canada","2016A000011124","Clothing and footwear","2002=100","17","units","0","v41691108","2.139","97.7","","","","1"
"2007-05","Canada","2016A000011124","Clothing and footwear","2002=100","17","units","0","v41691108","2.139","96.0","","","","1"
"2007-06","Canada","2016A000011124","Clothing and footwear","2002=100","17","units","0","v41691108","2.139","93.1","","","","1"
"2007-07","Canada","2016A000011124","Clothing and footwear","2002=100","17","units","0","v41691108","2.139","94.6","","","","1"
"2007-08","Canada","2016A000011124","Clothing and footwear","2002=100","17","units","0","v41691108","2.139","95.4","","","","1"
"2007-09","Canada","2016A000011124","Clothing and footwear","2002=100","17","units","0","v41691108","2.139","97.4","","","","1"
"2007-10","Canada","2016A000011124","Clothing and footwear","2002=100","17","units","0","v41691108","2.139","97.1","","","","1"
"2007-11","Canada","2016A000011124","Clothing and footwear","2002=100","17","units","0","v41691108","2.139","96.4","","","","1"
"2007-12","Canada","2016A000011124","Clothing and footwear","2002=100","17","units","0","v41691108","2.139","93.7","","","","1"
"2008-01","Canada","2016A000011124","Clothing and footwear","2002=100","17","units","0","v41691108","2.139","92.2","","","","1"
"2008-02","Canada","2016A000011124","Clothing and footwear","2002=100","17","units","0","v41691108","2.139","94.1","","","","1"
"2008-03","Canada","2016A000011124","Clothing and footwear","2002=100","17","units","0","v41691108","2.139","96.0","","","","1"
"2008-04","Canada","2016A000011124","Clothing and footwear","2002=100","17","units","0","v41691108","2.139","94.3","","","","1"
"2008-05","Canada","2016A000011124","Clothing and footwear","2002=100","17","units","0","v41691108","2.139","93.0","","","","1"
"2008-06","Canada","2016A000011124","Clothing and footwear","2002=100","17","units","0","v41691108","2.139","92.5","","","","1"
"2008-07","Canada","2016A000011124","Clothing and footwear","2002=100","17","units","0","v41691108","2.139","93.3","","","","1"
"2008-08","Canada","2016A000011124","Clothing and footwear","2002=100","17","units","0","v41691108","2.139","93.7","","","","1"
"2008-09","Canada","2016A000011124","Clothing and footwear","2002=100","17","units","0","v41691108","2.139","96.1","","","","1"
"2008-10","Canada","2016A000011124","Clothing and footwear","2002=100","17","units","0","v41691108","2.139","94.4","","","","1"
"2008-11","Canada","2016A000011124","Clothing and footwear","2002=100","17","units","0","v41691108","2.139","94.1","","","","1"
"2008-12","Canada","2016A000011124","Clothing and footwear","2002=100","17","units","0","v41691108","2.139","91.3","","","","1"
"2009-01","Canada","2016A000011124","Clothing and footwear","2002=100","17","units","0","v41691108","2.139","91.8","","","","1"
"2009-02","Canada","2016A000011124","Clothing and footwear","2002=100","17","units","0","v41691108","2.139","93.6","","","","1"
"2009-03","Canada","2016A000011124","Clothing and footwear","2002=100","17","units","0","v41691108","2.139","95.7","","","","1"
"2009-04","Canada","2016A000011124","Clothing and footwear","2002=100","17","units","0","v41691108","2.139","95.1","","","","1"
"2009-05","Canada","2016A000011124","Clothing and footwear","2002=100","17","units","0","v41691108","2.139","93.9","","","","1"
"2009-06","Canada","2016A000011124","Clothing and footwear","2002=100","17","units","0","v41691108","2.139","91.3","","","","1"
"2009-07","Canada","2016A000011124","Clothing and footwear","2002=100","17","units","0","v41691108","2.139","91.3","","","","1"
"2009-08","Canada","2016A000011124","Clothing and footwear","2002=100","17","units","0","v41691108","2.139","92.1","","","","1"
"2009-09","Canada","2016A000011124","Clothing and footwear","2002=100","17","units","0","v41691108","2.139","94.9","","","","1"
"2009-10","Canada","2016A000011124","Clothing and footwear","2002=100","17","units","0","v41691108","2.139","95.0","","","","1"
"2009-11","Canada","2016A000011124","Clothing and footwear","2002=100","17","units","0","v41691108","2.139","95.1","","","","1"
"2009-12","Canada","2016A000011124","Clothing and footwear","2002=100","17","units","0","v41691108","2.139","90.6","","","","1"
"2010-01","Canada","2016A000011124","Clothing and footwear","2002=100","17","units","0","v41691108","2.139","90.1","","","","1"
"2010-02","Canada","2016A000011124","Clothing and footwear","2002=100","17","units","0","v41691108","2.139","91.2","","","","1"
"2010-03","Canada","2016A000011124","Clothing and footwear","2002=100","17","units","0","v41691108","2.139","93.6","","","","1"
"2010-04","Canada","2016A000011124","Clothing and footwear","2002=100","17","units","0","v41691108","2.139","94.1","","","","1"
"2010-05","Canada","2016A000011124","Clothing and footwear","2002=100","17","units","0","v41691108","2.139","92.7","","","","1"
"2010-06","Canada","2016A000011124","Clothing and footwear","2002=100","17","units","0","v41691108","2.139","89.7","","","","1"
"2010-07","Canada","2016A000011124","Clothing and footwear","2002=100","17","units","0","v41691108","2.139","88.8","","","","1"
"2010-08","Canada","2016A000011124","Clothing and footwear","2002=100","17","units","0","v41691108","2.139","90.1","","","","1"
"2010-09","Canada","2016A000011124","Clothing and footwear","2002=100","17","units","0","v41691108","2.139","92.8","","","","1"
"2010-10","Canada","2016A000011124","Clothing and footwear","2002=100","17","units","0","v41691108","2.139","94.9","","","","1"
"2010-11","Canada","2016A000011124","Clothing and footwear","2002=100","17","units","0","v41691108","2.139","92.1","","","","1"
"2010-12","Canada","2016A000011124","Clothing and footwear","2002=100","17","units","0","v41691108","2.139","88.8","","","","1"
"2011-01","Canada","2016A000011124","Clothing and footwear","2002=100","17","units","0","v41691108","2.139","87.9","","","","1"
"2011-02","Canada","2016A000011124","Clothing and footwear","2002=100","17","units","0","v41691108","2.139","89.4","","","","1"
"2011-03","Canada","2016A000011124","Clothing and footwear","2002=100","17","units","0","v41691108","2.139","94.4","","","","1"
"2011-04","Canada","2016A000011124","Clothing and footwear","2002=100","17","units","0","v41691108","2.139","93.1","","","","1"
"2011-05","Canada","2016A000011124","Clothing and footwear","2002=100","17","units","0","v41691108","2.139","93.7","","","","1"
"2011-06","Canada","2016A000011124","Clothing and footwear","2002=100","17","units","0","v41691108","2.139","90.4","","","","1"
"2011-07","Canada","2016A000011124","Clothing and footwear","2002=100","17","units","0","v41691108","2.139","89.7","","","","1"
"2011-08","Canada","2016A000011124","Clothing and footwear","2002=100","17","units","0","v41691108","2.139","90.6","","","","1"
"2011-09","Canada","2016A000011124","Clothing and footwear","2002=100","17","units","0","v41691108","2.139","95.0","","","","1"
"2011-10","Canada","2016A000011124","Clothing and footwear","2002=100","17","units","0","v41691108","2.139","96.1","","","","1"
"2011-11","Canada","2016A000011124","Clothing and footwear","2002=100","17","units","0","v41691108","2.139","93.1","","","","1"
"2011-12","Canada","2016A000011124","Clothing and footwear","2002=100","17","units","0","v41691108","2.139","89.1","","","","1"
"2012-01","Canada","2016A000011124","Clothing and footwear","2002=100","17","units","0","v41691108","2.139","89.3","","","","1"
"2012-02","Canada","2016A000011124","Clothing and footwear","2002=100","17","units","0","v41691108","2.139","91.9","","","","1"
"2012-03","Canada","2016A000011124","Clothing and footwear","2002=100","17","units","0","v41691108","2.139","94.8","","","","1"
"2012-04","Canada","2016A000011124","Clothing and footwear","2002=100","17","units","0","v41691108","2.139","95.3","","","","1"
"2012-05","Canada","2016A000011124","Clothing and footwear","2002=100","17","units","0","v41691108","2.139","93.4","","","","1"
"2012-06","Canada","2016A000011124","Clothing and footwear","2002=100","17","units","0","v41691108","2.139","90.5","","","","1"
"2012-07","Canada","2016A000011124","Clothing and footwear","2002=100","17","units","0","v41691108","2.139","89.1","","","","1"
"2012-08","Canada","2016A000011124","Clothing and footwear","2002=100","17","units","0","v41691108","2.139","89.5","","","","1"
"2012-09","Canada","2016A000011124","Clothing and footwear","2002=100","17","units","0","v41691108","2.139","93.3","","","","1"
"2012-10","Canada","2016A000011124","Clothing and footwear","2002=100","17","units","0","v41691108","2.139","94.7","","","","1"
"2012-11","Canada","2016A000011124","Clothing and footwear","2002=100","17","units","0","v41691108","2.139","92.5","","","","1"
"2012-12","Canada","2016A000011124","Clothing and footwear","2002=100","17","units","0","v41691108","2.139","89.2","","","","1"
"2013-01","Canada","2016A000011124","Clothing and footwear","2002=100","17","units","0","v41691108","2.139","87.9","","","","1"
"2013-02","Canada","2016A000011124","Clothing and footwear","2002=100","17","units","0","v41691108","2.139","91.4","","","","1"
"2013-03","Canada","2016A000011124","Clothing and footwear","2002=100","17","units","0","v41691108","2.139","95.3","","","","1"
"2013-04","Canada","2016A000011124","Clothing and footwear","2002=100","17","units","0","v41691108","2.139","94.7","","","","1"
"2013-05","Canada","2016A000011124","Clothing and footwear","2002=100","17","units","0","v41691108","2.139","93.9","","","","1"
"2013-06","Canada","2016A000011124","Clothing and footwear","2002=100","17","units","0","v41691108","2.139","91.2","","","","1"
"2013-07","Canada","2016A000011124","Clothing and footwear","2002=100","17","units","0","v41691108","2.139","90.4","","","","1"
"2013-08","Canada","2016A000011124","Clothing and footwear","2002=100","17","units","0","v41691108","2.139","91.6","","","","1"
"2013-09","Canada","2016A000011124","Clothing and footwear","2002=100","17","units","0","v41691108","2.139","93.7","","","","1"
"2013-10","Canada","2016A000011124","Clothing and footwear","2002=100","17","units","0","v41691108","2.139","94.0","","","","1"
"2013-11","Canada","2016A000011124","Clothing and footwear","2002=100","17","units","0","v41691108","2.139","92.1","","","","1"
"2013-12","Canada","2016A000011124","Clothing and footwear","2002=100","17","units","0","v41691108","2.139","89.4","","","","1"
"2014-01","Canada","2016A000011124","Clothing and footwear","2002=100","17","units","0","v41691108","2.139","89.2","","","","1"
"2014-02","Canada","2016A000011124","Clothing and footwear","2002=100","17","units","0","v41691108","2.139","91.0","","","","1"
"2014-03","Canada","2016A000011124","Clothing and footwear","2002=100","17","units","0","v41691108","2.139","94.0","","","","1"
"2014-04","Canada","2016A000011124","Clothing and footwear","2002=100","17","units","0","v41691108","2.139","95.0","","","","1"
"2014-05","Canada","2016A000011124","Clothing and footwear","2002=100","17","units","0","v41691108","2.139","94.5","","","","1"
"2014-06","Canada","2016A000011124","Clothing and footwear","2002=100","17","units","0","v41691108","2.139","92.7","","","","1"
"2014-07","Canada","2016A000011124","Clothing and footwear","2002=100","17","units","0","v41691108","2.139","91.8","","","","1"
"2014-08","Canada","2016A000011124","Clothing and footwear","2002=100","17","units","0","v41691108","2.139","92.1","","","","1"
"2014-09","Canada","2016A000011124","Clothing and footwear","2002=100","17","units","0","v41691108","2.139","95.6","","","","1"
"2014-10","Canada","2016A000011124","Clothing and footwear","2002=100","17","units","0","v41691108","2.139","96.9","","","","1"
"2014-11","Canada","2016A000011124","Clothing and footwear","2002=100","17","units","0","v41691108","2.139","94.7","","","","1"
"2014-12","Canada","2016A000011124","Clothing and footwear","2002=100","17","units","0","v41691108","2.139","91.1","","","","1"
"2015-01","Canada","2016A000011124","Clothing and footwear","2002=100","17","units","0","v41691108","2.139","91.1","","","","1"
"2015-02","Canada","2016A000011124","Clothing and footwear","2002=100","17","units","0","v41691108","2.139","93.3","","","","1"
"2015-03","Canada","2016A000011124","Clothing and footwear","2002=100","17","units","0","v41691108","2.139","96.4","","","","1"
"2015-04","Canada","2016A000011124","Clothing and footwear","2002=100","17","units","0","v41691108","2.139","96.2","","","","1"
"2015-05","Canada","2016A000011124","Clothing and footwear","2002=100","17","units","0","v41691108","2.139","95.0","","","","1"
"2015-06","Canada","2016A000011124","Clothing and footwear","2002=100","17","units","0","v41691108","2.139","93.0","","","","1"
"2015-07","Canada","2016A000011124","Clothing and footwear","2002=100","17","units","0","v41691108","2.139","93.0","","","","1"
"2015-08","Canada","2016A000011124","Clothing and footwear","2002=100","17","units","0","v41691108","2.139","94.0","","","","1"
"2015-09","Canada","2016A000011124","Clothing and footwear","2002=100","17","units","0","v41691108","2.139","96.7","","","","1"
"2015-10","Canada","2016A000011124","Clothing and footwear","2002=100","17","units","0","v41691108","2.139","97.7","","","","1"
"2015-11","Canada","2016A000011124","Clothing and footwear","2002=100","17","units","0","v41691108","2.139","96.7","","","","1"
"2015-12","Canada","2016A000011124","Clothing and footwear","2002=100","17","units","0","v41691108","2.139","91.7","","","","1"
"2016-01","Canada","2016A000011124","Clothing and footwear","2002=100","17","units","0","v41691108","2.139","90.8","","","","1"
"2016-02","Canada","2016A000011124","Clothing and footwear","2002=100","17","units","0","v41691108","2.139","92.1","","","","1"
"2016-03","Canada","2016A000011124","Clothing and footwear","2002=100","17","units","0","v41691108","2.139","96.0","","","","1"
"2016-04","Canada","2016A000011124","Clothing and footwear","2002=100","17","units","0","v41691108","2.139","96.0","","","","1"
"2016-05","Canada","2016A000011124","Clothing and footwear","2002=100","17","units","0","v41691108","2.139","96.0","","","","1"
"2016-06","Canada","2016A000011124","Clothing and footwear","2002=100","17","units","0","v41691108","2.139","94.1","","","","1"
"2016-07","Canada","2016A000011124","Clothing and footwear","2002=100","17","units","0","v41691108","2.139","92.6","","","","1"
"2016-08","Canada","2016A000011124","Clothing and footwear","2002=100","17","units","0","v41691108","2.139","93.6","","","","1"
"2016-09","Canada","2016A000011124","Clothing and footwear","2002=100","17","units","0","v41691108","2.139","96.8","","","","1"
"2016-10","Canada","2016A000011124","Clothing and footwear","2002=100","17","units","0","v41691108","2.139","97.5","","","","1"
"2016-11","Canada","2016A000011124","Clothing and footwear","2002=100","17","units","0","v41691108","2.139","95.5","","","","1"
"2016-12","Canada","2016A000011124","Clothing and footwear","2002=100","17","units","0","v41691108","2.139","91.9","","","","1"
"2017-01","Canada","2016A000011124","Clothing and footwear","2002=100","17","units","0","v41691108","2.139","91.1","","","","1"
"2017-02","Canada","2016A000011124","Clothing and footwear","2002=100","17","units","0","v41691108","2.139","92.9","","","","1"
"2017-03","Canada","2016A000011124","Clothing and footwear","2002=100","17","units","0","v41691108","2.139","95.1","","","","1"
"2017-04","Canada","2016A000011124","Clothing and footwear","2002=100","17","units","0","v41691108","2.139","94.1","","","","1"
"2017-05","Canada","2016A000011124","Clothing and footwear","2002=100","17","units","0","v41691108","2.139","94.6","","","","1"
"2017-06","Canada","2016A000011124","Clothing and footwear","2002=100","17","units","0","v41691108","2.139","92.5","","","","1"
"2017-07","Canada","2016A000011124","Clothing and footwear","2002=100","17","units","0","v41691108","2.139","92.5","","","","1"
"2017-08","Canada","2016A000011124","Clothing and footwear","2002=100","17","units","0","v41691108","2.139","93.2","","","","1"
"2017-09","Canada","2016A000011124","Clothing and footwear","2002=100","17","units","0","v41691108","2.139","94.6","","","","1"
"2017-10","Canada","2016A000011124","Clothing and footwear","2002=100","17","units","0","v41691108","2.139","96.0","","","","1"
"2017-11","Canada","2016A000011124","Clothing and footwear","2002=100","17","units","0","v41691108","2.139","95.3","","","","1"
"2017-12","Canada","2016A000011124","Clothing and footwear","2002=100","17","units","0","v41691108","2.139","92.4","","","","1"
"2018-01","Canada","2016A000011124","Clothing and footwear","2002=100","17","units","0","v41691108","2.139","91.7","","","","1"
"2018-02","Canada","2016A000011124","Clothing and footwear","2002=100","17","units","0","v41691108","2.139","93.3","","","","1"
"2018-03","Canada","2016A000011124","Clothing and footwear","2002=100","17","units","0","v41691108","2.139","95.0","","","","1"
"2018-04","Canada","2016A000011124","Clothing and footwear","2002=100","17","units","0","v41691108","2.139","96.2","","","","1"
"2018-05","Canada","2016A000011124","Clothing and footwear","2002=100","17","units","0","v41691108","2.139","95.4","","","","1"
"2018-06","Canada","2016A000011124","Clothing and footwear","2002=100","17","units","0","v41691108","2.139","94.2","","","","1"
"2018-07","Canada","2016A000011124","Clothing and footwear","2002=100","17","units","0","v41691108","2.139","93.0","","","","1"
"2018-08","Canada","2016A000011124","Clothing and footwear","2002=100","17","units","0","v41691108","2.139","93.7","","","","1"
"2018-09","Canada","2016A000011124","Clothing and footwear","2002=100","17","units","0","v41691108","2.139","96.0","","","","1"
"2018-10","Canada","2016A000011124","Clothing and footwear","2002=100","17","units","0","v41691108","2.139","97.2","","","","1"
"2018-11","Canada","2016A000011124","Clothing and footwear","2002=100","17","units","0","v41691108","2.139","95.9","","","","1"
"2018-12","Canada","2016A000011124","Clothing and footwear","2002=100","17","units","0","v41691108","2.139","92.6","","","","1"
"2019-01","Canada","2016A000011124","Clothing and footwear","2002=100","17","units","0","v41691108","2.139","92.2","","","","1"
"2019-02","Canada","2016A000011124","Clothing and footwear","2002=100","17","units","0","v41691108","2.139","94.8","","","","1"
"2019-03","Canada","2016A000011124","Clothing and footwear","2002=100","17","units","0","v41691108","2.139","96.4","","","","1"
"2019-04","Canada","2016A000011124","Clothing and footwear","2002=100","17","units","0","v41691108","2.139","97.2","","","","1"
"2019-05","Canada","2016A000011124","Clothing and footwear","2002=100","17","units","0","v41691108","2.139","96.7","","","","1"
"2019-06","Canada","2016A000011124","Clothing and footwear","2002=100","17","units","0","v41691108","2.139","94.9","","","","1"
"2019-07","Canada","2016A000011124","Clothing and footwear","2002=100","17","units","0","v41691108","2.139","94.0","","","","1"
"2019-08","Canada","2016A000011124","Clothing and footwear","2002=100","17","units","0","v41691108","2.139","94.7","","","","1"
"2019-09","Canada","2016A000011124","Clothing and footwear","2002=100","17","units","0","v41691108","2.139","98.5","","","","1"
"2019-10","Canada","2016A000011124","Clothing and footwear","2002=100","17","units","0","v41691108","2.139","99.4","","","","1"
"2019-11","Canada","2016A000011124","Clothing and footwear","2002=100","17","units","0","v41691108","2.139","98.5","","","","1"
"2019-12","Canada","2016A000011124","Clothing and footwear","2002=100","17","units","0","v41691108","2.139","95.3","","","","1"
"2020-01","Canada","2016A000011124","Clothing and footwear","2002=100","17","units","0","v41691108","2.139","95.8","","","","1"
"2020-02","Canada","2016A000011124","Clothing and footwear","2002=100","17","units","0","v41691108","2.139","97.4","","","","1"
"2020-03","Canada","2016A000011124","Clothing and footwear","2002=100","17","units","0","v41691108","2.139","99.0","","","","1"
"2020-04","Canada","2016A000011124","Clothing and footwear","2002=100","17","units","0","v41691108","2.139","93.2","","","","1"
"2020-05","Canada","2016A000011124","Clothing and footwear","2002=100","17","units","0","v41691108","2.139","91.5","","","","1"
"2020-06","Canada","2016A000011124","Clothing and footwear","2002=100","17","units","0","v41691108","2.139","92.4","","","","1"
"2020-07","Canada","2016A000011124","Clothing and footwear","2002=100","17","units","0","v41691108","2.139","92.1","","","","1"
"2020-08","Canada","2016A000011124","Clothing and footwear","2002=100","17","units","0","v41691108","2.139","93.5","","","","1"
"2020-09","Canada","2016A000011124","Clothing and footwear","2002=100","17","units","0","v41691108","2.139","94.5","","","","1"
"2020-10","Canada","2016A000011124","Clothing and footwear","2002=100","17","units","0","v41691108","2.139","95.4","","","","1"
"2020-11","Canada","2016A000011124","Clothing and footwear","2002=100","17","units","0","v41691108","2.139","96.2","","","","1"
"2020-12","Canada","2016A000011124","Clothing and footwear","2002=100","17","units","0","v41691108","2.139","92.1","","","","1"
"2021-01","Canada","2016A000011124","Clothing and footwear","2002=100","17","units","0","v41691108","2.139","91.9","","","","1"
"2021-02","Canada","2016A000011124","Clothing and footwear","2002=100","17","units","0","v41691108","2.139","92.7","","","","1"
"2021-03","Canada","2016A000011124","Clothing and footwear","2002=100","17","units","0","v41691108","2.139","93.7","","","","1"
"2021-04","Canada","2016A000011124","Clothing and footwear","2002=100","17","units","0","v41691108","2.139","94.9","","","","1"
"2021-05","Canada","2016A000011124","Clothing and footwear","2002=100","17","units","0","v41691108","2.139","95.1","","","","1"
"2021-06","Canada","2016A000011124","Clothing and footwear","2002=100","17","units","0","v41691108","2.139","93.4","","","","1"
"2021-07","Canada","2016A000011124","Clothing and footwear","2002=100","17","units","0","v41691108","2.139","93.0","","","","1"
"2021-08","Canada","2016A000011124","Clothing and footwear","2002=100","17","units","0","v41691108","2.139","93.3","","","","1"
"2021-09","Canada","2016A000011124","Clothing and footwear","2002=100","17","units","0","v41691108","2.139","94.7","","","","1"
"2021-10","Canada","2016A000011124","Clothing and footwear","2002=100","17","units","0","v41691108","2.139","96.0","","","","1"
"2021-11","Canada","2016A000011124","Clothing and footwear","2002=100","17","units","0","v41691108","2.139","96.9","","","","1"
"2021-12","Canada","2016A000011124","Clothing and footwear","2002=100","17","units","0","v41691108","2.139","93.1","","","","1"
"2022-01","Canada","2016A000011124","Clothing and footwear","2002=100","17","units","0","v41691108","2.139","93.4","","","","1"
"2022-02","Canada","2016A000011124","Clothing and footwear","2002=100","17","units","0","v41691108","2.139","93.8","","","","1"
"2022-03","Canada","2016A000011124","Clothing and footwear","2002=100","17","units","0","v41691108","2.139","94.5","","","","1"
"2022-04","Canada","2016A000011124","Clothing and footwear","2002=100","17","units","0","v41691108","2.139","95.1","","","","1"
"2022-05","Canada","2016A000011124","Clothing and footwear","2002=100","17","units","0","v41691108","2.139","97.2","","","","1"
"2022-06","Canada","2016A000011124","Clothing and footwear","2002=100","17","units","0","v41691108","2.139","95.9","","","","1"
"2022-07","Canada","2016A000011124","Clothing and footwear","2002=100","17","units","0","v41691108","2.139","94.3","","","","1"
"2022-08","Canada","2016A000011124","Clothing and footwear","2002=100","17","units","0","v41691108","2.139","94.6","","","","1"
"2022-09","Canada","2016A000011124","Clothing and footwear","2002=100","17","units","0","v41691108","2.139","96.1","","","","1"
"2022-10","Canada","2016A000011124","Clothing and footwear","2002=100","17","units","0","v41691108","2.139","97.7","","","","1"
"2022-11","Canada","2016A000011124","Clothing and footwear","2002=100","17","units","0","v41691108","2.139","97.3","","","","1"
"2022-12","Canada","2016A000011124","Clothing and footwear","2002=100","17","units","0","v41691108","2.139","94.8","","","","1"
"2023-01","Canada","2016A000011124","Clothing and footwear","2002=100","17","units","0","v41691108","2.139","93.8","","","","1"
"2023-02","Canada","2016A000011124","Clothing and footwear","2002=100","17","units","0","v41691108","2.139","95.6","","","","1"
"2023-03","Canada","2016A000011124","Clothing and footwear","2002=100","17","units","0","v41691108","2.139","96.8","","","","1"
"2023-04","Canada","2016A000011124","Clothing and footwear","2002=100","17","units","0","v41691108","2.139","97.5","","","","1"
"2023-05","Canada","2016A000011124","Clothing and footwear","2002=100","17","units","0","v41691108","2.139","97.9","","","","1"
"2023-06","Canada","2016A000011124","Clothing and footwear","2002=100","17","units","0","v41691108","2.139","96.2","","","","1"
"2023-07","Canada","2016A000011124","Clothing and footwear","2002=100","17","units","0","v41691108","2.139","95.2","","","","1"
"2023-08","Canada","2016A000011124","Clothing and footwear","2002=100","17","units","0","v41691108","2.139","96.2","","","","1"
"2023-09","Canada","2016A000011124","Clothing and footwear","2002=100","17","units","0","v41691108","2.139","97.1","","","","1"
"2023-10","Canada","2016A000011124","Clothing and footwear","2002=100","17","units","0","v41691108","2.139","97.2","","","","1"
"2023-11","Canada","2016A000011124","Clothing and footwear","2002=100","17","units","0","v41691108","2.139","97.9","","","","1"
"2023-12","Canada","2016A000011124","Clothing and footwear","2002=100","17","units","0","v41691108","2.139","95.7","","","","1"
"2024-01","Canada","2016A000011124","Clothing and footwear","2002=100","17","units","0","v41691108","2.139","92.6","","","","1"
"2024-02","Canada","2016A000011124","Clothing and footwear","2002=100","17","units","0","v41691108","2.139","91.6","","","","1"
"2024-03","Canada","2016A000011124","Clothing and footwear","2002=100","17","units","0","v41691108","2.139","94.2","","","","1"
"2024-04","Canada","2016A000011124","Clothing and footwear","2002=100","17","units","0","v41691108","2.139","95.0","","","","1"
"2024-05","Canada","2016A000011124","Clothing and footwear","2002=100","17","units","0","v41691108","2.139","95.0","","","","1"
"2024-06","Canada","2016A000011124","Clothing and footwear","2002=100","17","units","0","v41691108","2.139","93.2","","","","1"
"2024-07","Canada","2016A000011124","Clothing and footwear","2002=100","17","units","0","v41691108","2.139","92.6","","","","1"
"2024-08","Canada","2016A000011124","Clothing and footwear","2002=100","17","units","0","v41691108","2.139","92.0","","","","1"
"2024-09","Canada","2016A000011124","Clothing and footwear","2002=100","17","units","0","v41691108","2.139","92.8","","","","1"
"2024-10","Canada","2016A000011124","Clothing and footwear","2002=100","17","units","0","v41691108","2.139","95.0","","","","1"
"2024-11","Canada","2016A000011124","Clothing and footwear","2002=100","17","units","0","v41691108","2.139","94.2","","","","1"
"2024-12","Canada","2016A000011124","Clothing and footwear","2002=100","17","units","0","v41691108","2.139","91.4","","","","1"
"2025-01","Canada","2016A000011124","Clothing and footwear","2002=100","17","units","0","v41691108","2.139","91.4","","","","1"
"2025-02","Canada","2016A000011124","Clothing and footwear","2002=100","17","units","0","v41691108","2.139","92.9","","","","1"
"2025-03","Canada","2016A000011124","Clothing and footwear","2002=100","17","units","0","v41691108","2.139","94.4","","","","1"
"2025-04","Canada","2016A000011124","Clothing and footwear","2002=100","17","units","0","v41691108","2.139","94.2","","","","1"
"2025-05","Canada","2016A000011124","Clothing and footwear","2002=100","17","units","0","v41691108","2.139","95.5","","","","1"
"2025-06","Canada","2016A000011124","Clothing and footwear","2002=100","17","units","0","v41691108","2.139","95.1","","","","1"
"2025-07","Canada","2016A000011124","Clothing and footwear","2002=100","17","units","0","v41691108","2.139","93.3","","","","1"
"2025-08","Canada","2016A000011124","Clothing and footwear","2002=100","17","units","0","v41691108","2.139","93.6","","","","1"
"2025-09","Canada","2016A000011124","Clothing and footwear","2002=100","17","units","0","v41691108","2.139","93.5","","","","1"
"2025-10","Canada","2016A000011124","Clothing and footwear","2002=100","17","units","0","v41691108","2.139","94.7","","","","1"
"2025-11","Canada","2016A000011124","Clothing and footwear","2002=100","17","units","0","v41691108","2.139","95.0","","","","1"
"1990-01","Canada","2016A000011124","Transportation","2002=100","17","units","0","v41691128","2.176","70.1","","","","1"
"1990-02","Canada","2016A000011124","Transportation","2002=100","17","units","0","v41691128","2.176","70.4","","","","1"
"1990-03","Canada","2016A000011124","Transportation","2002=100","17","units","0","v41691128","2.176","70.6","","","","1"
"1990-04","Canada","2016A000011124","Transportation","2002=100","17","units","0","v41691128","2.176","70.4","","","","1"
"1990-05","Canada","2016A000011124","Transportation","2002=100","17","units","0","v41691128","2.176","70.4","","","","1"
"1990-06","Canada","2016A000011124","Transportation","2002=100","17","units","0","v41691128","2.176","70.7","","","","1"
"1990-07","Canada","2016A000011124","Transportation","2002=100","17","units","0","v41691128","2.176","71.7","","","","1"
"1990-08","Canada","2016A000011124","Transportation","2002=100","17","units","0","v41691128","2.176","71.6","","","","1"
"1990-09","Canada","2016A000011124","Transportation","2002=100","17","units","0","v41691128","2.176","71.7","","","","1"
"1990-10","Canada","2016A000011124","Transportation","2002=100","17","units","0","v41691128","2.176","72.7","","","","1"
"1990-11","Canada","2016A000011124","Transportation","2002=100","17","units","0","v41691128","2.176","74.5","","","","1"
"1990-12","Canada","2016A000011124","Transportation","2002=100","17","units","0","v41691128","2.176","74.6","","","","1"
"1991-01","Canada","2016A000011124","Transportation","2002=100","17","units","0","v41691128","2.176","74.9","","","","1"
"1991-02","Canada","2016A000011124","Transportation","2002=100","17","units","0","v41691128","2.176","73.4","","","","1"
"1991-03","Canada","2016A000011124","Transportation","2002=100","17","units","0","v41691128","2.176","72.5","","","","1"
"1991-04","Canada","2016A000011124","Transportation","2002=100","17","units","0","v41691128","2.176","71.8","","","","1"
"1991-05","Canada","2016A000011124","Transportation","2002=100","17","units","0","v41691128","2.176","72.4","","","","1"
"1991-06","Canada","2016A000011124","Transportation","2002=100","17","units","0","v41691128","2.176","72.4","","","","1"
"1991-07","Canada","2016A000011124","Transportation","2002=100","17","units","0","v41691128","2.176","72.7","","","","1"
"1991-08","Canada","2016A000011124","Transportation","2002=100","17","units","0","v41691128","2.176","73.0","","","","1"
"1991-09","Canada","2016A000011124","Transportation","2002=100","17","units","0","v41691128","2.176","72.8","","","","1"
"1991-10","Canada","2016A000011124","Transportation","2002=100","17","units","0","v41691128","2.176","72.4","","","","1"
"1991-11","Canada","2016A000011124","Transportation","2002=100","17","units","0","v41691128","2.176","73.6","","","","1"
"1991-12","Canada","2016A000011124","Transportation","2002=100","17","units","0","v41691128","2.176","72.8","","","","1"
"1992-01","Canada","2016A000011124","Transportation","2002=100","17","units","0","v41691128","2.176","73.6","","","","1"
"1992-02","Canada","2016A000011124","Transportation","2002=100","17","units","0","v41691128","2.176","72.7","","","","1"
"1992-03","Canada","2016A000011124","Transportation","2002=100","17","units","0","v41691128","2.176","73.6","","","","1"
"1992-04","Canada","2016A000011124","Transportation","2002=100","17","units","0","v41691128","2.176","73.7","","","","1"
"1992-05","Canada","2016A000011124","Transportation","2002=100","17","units","0","v41691128","2.176","74.0","","","","1"
"1992-06","Canada","2016A000011124","Transportation","2002=100","17","units","0","v41691128","2.176","74.7","","","","1"
"1992-07","Canada","2016A000011124","Transportation","2002=100","17","units","0","v41691128","2.176","75.3","","","","1"
"1992-08","Canada","2016A000011124","Transportation","2002=100","17","units","0","v41691128","2.176","74.5","","","","1"
"1992-09","Canada","2016A000011124","Transportation","2002=100","17","units","0","v41691128","2.176","74.3","","","","1"
"1992-10","Canada","2016A000011124","Transportation","2002=100","17","units","0","v41691128","2.176","74.2","","","","1"
"1992-11","Canada","2016A000011124","Transportation","2002=100","17","units","0","v41691128","2.176","76.2","","","","1"
"1992-12","Canada","2016A000011124","Transportation","2002=100","17","units","0","v41691128","2.176","75.9","","","","1"
"1993-01","Canada","2016A000011124","Transportation","2002=100","17","units","0","v41691128","2.176","76.2","","","","1"
"1993-02","Canada","2016A000011124","Transportation","2002=100","17","units","0","v41691128","2.176","76.2","","","","1"
"1993-03","Canada","2016A000011124","Transportation","2002=100","17","units","0","v41691128","2.176","76.2","","","","1"
"1993-04","Canada","2016A000011124","Transportation","2002=100","17","units","0","v41691128","2.176","75.9","","","","1"
"1993-05","Canada","2016A000011124","Transportation","2002=100","17","units","0","v41691128","2.176","75.9","","","","1"
"1993-06","Canada","2016A000011124","Transportation","2002=100","17","units","0","v41691128","2.176","76.1","","","","1"
"1993-07","Canada","2016A000011124","Transportation","2002=100","17","units","0","v41691128","2.176","76.8","","","","1"
"1993-08","Canada","2016A000011124","Transportation","2002=100","17","units","0","v41691128","2.176","76.8","","","","1"
"1993-09","Canada","2016A000011124","Transportation","2002=100","17","units","0","v41691128","2.176","76.9","","","","1"
"1993-10","Canada","2016A000011124","Transportation","2002=100","17","units","0","v41691128","2.176","76.8","","","","1"
"1993-11","Canada","2016A000011124","Transportation","2002=100","17","units","0","v41691128","2.176","78.8","","","","1"
"1993-12","Canada","2016A000011124","Transportation","2002=100","17","units","0","v41691128","2.176","78.5","","","","1"
"1994-01","Canada","2016A000011124","Transportation","2002=100","17","units","0","v41691128","2.176","77.9","","","","1"
"1994-02","Canada","2016A000011124","Transportation","2002=100","17","units","0","v41691128","2.176","79.0","","","","1"
"1994-03","Canada","2016A000011124","Transportation","2002=100","17","units","0","v41691128","2.176","79.0","","","","1"
"1994-04","Canada","2016A000011124","Transportation","2002=100","17","units","0","v41691128","2.176","79.4","","","","1"
"1994-05","Canada","2016A000011124","Transportation","2002=100","17","units","0","v41691128","2.176","79.4","","","","1"
"1994-06","Canada","2016A000011124","Transportation","2002=100","17","units","0","v41691128","2.176","80.0","","","","1"
"1994-07","Canada","2016A000011124","Transportation","2002=100","17","units","0","v41691128","2.176","80.8","","","","1"
"1994-08","Canada","2016A000011124","Transportation","2002=100","17","units","0","v41691128","2.176","81.1","","","","1"
"1994-09","Canada","2016A000011124","Transportation","2002=100","17","units","0","v41691128","2.176","80.8","","","","1"
"1994-10","Canada","2016A000011124","Transportation","2002=100","17","units","0","v41691128","2.176","80.2","","","","1"
"1994-11","Canada","2016A000011124","Transportation","2002=100","17","units","0","v41691128","2.176","82.0","","","","1"
"1994-12","Canada","2016A000011124","Transportation","2002=100","17","units","0","v41691128","2.176","82.4","","","","1"
"1995-01","Canada","2016A000011124","Transportation","2002=100","17","units","0","v41691128","2.176","82.7","","","","1"
"1995-02","Canada","2016A000011124","Transportation","2002=100","17","units","0","v41691128","2.176","83.1","","","","1"
"1995-03","Canada","2016A000011124","Transportation","2002=100","17","units","0","v41691128","2.176","83.5","","","","1"
"1995-04","Canada","2016A000011124","Transportation","2002=100","17","units","0","v41691128","2.176","83.8","","","","1"
"1995-05","Canada","2016A000011124","Transportation","2002=100","17","units","0","v41691128","2.176","84.8","","","","1"
"1995-06","Canada","2016A000011124","Transportation","2002=100","17","units","0","v41691128","2.176","84.8","","","","1"
"1995-07","Canada","2016A000011124","Transportation","2002=100","17","units","0","v41691128","2.176","84.8","","","","1"
"1995-08","Canada","2016A000011124","Transportation","2002=100","17","units","0","v41691128","2.176","84.4","","","","1"
"1995-09","Canada","2016A000011124","Transportation","2002=100","17","units","0","v41691128","2.176","84.7","","","","1"
"1995-10","Canada","2016A000011124","Transportation","2002=100","17","units","0","v41691128","2.176","84.4","","","","1"
"1995-11","Canada","2016A000011124","Transportation","2002=100","17","units","0","v41691128","2.176","85.3","","","","1"
"1995-12","Canada","2016A000011124","Transportation","2002=100","17","units","0","v41691128","2.176","85.8","","","","1"
"1996-01","Canada","2016A000011124","Transportation","2002=100","17","units","0","v41691128","2.176","85.8","","","","1"
"1996-02","Canada","2016A000011124","Transportation","2002=100","17","units","0","v41691128","2.176","85.8","","","","1"
"1996-03","Canada","2016A000011124","Transportation","2002=100","17","units","0","v41691128","2.176","86.5","","","","1"
"1996-04","Canada","2016A000011124","Transportation","2002=100","17","units","0","v41691128","2.176","87.4","","","","1"
"1996-05","Canada","2016A000011124","Transportation","2002=100","17","units","0","v41691128","2.176","88.5","","","","1"
"1996-06","Canada","2016A000011124","Transportation","2002=100","17","units","0","v41691128","2.176","87.8","","","","1"
"1996-07","Canada","2016A000011124","Transportation","2002=100","17","units","0","v41691128","2.176","86.9","","","","1"
"1996-08","Canada","2016A000011124","Transportation","2002=100","17","units","0","v41691128","2.176","87.2","","","","1"
"1996-09","Canada","2016A000011124","Transportation","2002=100","17","units","0","v41691128","2.176","87.2","","","","1"
"1996-10","Canada","2016A000011124","Transportation","2002=100","17","units","0","v41691128","2.176","87.4","","","","1"
"1996-11","Canada","2016A000011124","Transportation","2002=100","17","units","0","v41691128","2.176","90.3","","","","1"
"1996-12","Canada","2016A000011124","Transportation","2002=100","17","units","0","v41691128","2.176","90.6","","","","1"
"1997-01","Canada","2016A000011124","Transportation","2002=100","17","units","0","v41691128","2.176","90.4","","","","1"
"1997-02","Canada","2016A000011124","Transportation","2002=100","17","units","0","v41691128","2.176","90.3","","","","1"
"1997-03","Canada","2016A000011124","Transportation","2002=100","17","units","0","v41691128","2.176","90.4","","","","1"
"1997-04","Canada","2016A000011124","Transportation","2002=100","17","units","0","v41691128","2.176","90.1","","","","1"
"1997-05","Canada","2016A000011124","Transportation","2002=100","17","units","0","v41691128","2.176","90.1","","","","1"
"1997-06","Canada","2016A000011124","Transportation","2002=100","17","units","0","v41691128","2.176","90.4","","","","1"
"1997-07","Canada","2016A000011124","Transportation","2002=100","17","units","0","v41691128","2.176","89.9","","","","1"
"1997-08","Canada","2016A000011124","Transportation","2002=100","17","units","0","v41691128","2.176","90.7","","","","1"
"1997-09","Canada","2016A000011124","Transportation","2002=100","17","units","0","v41691128","2.176","90.9","","","","1"
"1997-10","Canada","2016A000011124","Transportation","2002=100","17","units","0","v41691128","2.176","90.2","","","","1"
"1997-11","Canada","2016A000011124","Transportation","2002=100","17","units","0","v41691128","2.176","90.4","","","","1"
"1997-12","Canada","2016A000011124","Transportation","2002=100","17","units","0","v41691128","2.176","90.2","","","","1"
"1998-01","Canada","2016A000011124","Transportation","2002=100","17","units","0","v41691128","2.176","90.2","","","","1"
"1998-02","Canada","2016A000011124","Transportation","2002=100","17","units","0","v41691128","2.176","89.8","","","","1"
"1998-03","Canada","2016A000011124","Transportation","2002=100","17","units","0","v41691128","2.176","89.5","","","","1"
"1998-04","Canada","2016A000011124","Transportation","2002=100","17","units","0","v41691128","2.176","89.4","","","","1"
"1998-05","Canada","2016A000011124","Transportation","2002=100","17","units","0","v41691128","2.176","89.7","","","","1"
"1998-06","Canada","2016A000011124","Transportation","2002=100","17","units","0","v41691128","2.176","89.7","","","","1"
"1998-07","Canada","2016A000011124","Transportation","2002=100","17","units","0","v41691128","2.176","89.5","","","","1"
"1998-08","Canada","2016A000011124","Transportation","2002=100","17","units","0","v41691128","2.176","89.4","","","","1"
"1998-09","Canada","2016A000011124","Transportation","2002=100","17","units","0","v41691128","2.176","89.2","","","","1"
"1998-10","Canada","2016A000011124","Transportation","2002=100","17","units","0","v41691128","2.176","89.6","","","","1"
"1998-11","Canada","2016A000011124","Transportation","2002=100","17","units","0","v41691128","2.176","90.1","","","","1"
"1998-12","Canada","2016A000011124","Transportation","2002=100","17","units","0","v41691128","2.176","89.5","","","","1"
"1999-01","Canada","2016A000011124","Transportation","2002=100","17","units","0","v41691128","2.176","89.4","","","","1"
"1999-02","Canada","2016A000011124","Transportation","2002=100","17","units","0","v41691128","2.176","89.2","","","","1"
"1999-03","Canada","2016A000011124","Transportation","2002=100","17","units","0","v41691128","2.176","90.2","","","","1"
"1999-04","Canada","2016A000011124","Transportation","2002=100","17","units","0","v41691128","2.176","91.9","","","","1"
"1999-05","Canada","2016A000011124","Transportation","2002=100","17","units","0","v41691128","2.176","92.3","","","","1"
"1999-06","Canada","2016A000011124","Transportation","2002=100","17","units","0","v41691128","2.176","92.0","","","","1"
"1999-07","Canada","2016A000011124","Transportation","2002=100","17","units","0","v41691128","2.176","92.7","","","","1"
"1999-08","Canada","2016A000011124","Transportation","2002=100","17","units","0","v41691128","2.176","94.0","","","","1"
"1999-09","Canada","2016A000011124","Transportation","2002=100","17","units","0","v41691128","2.176","94.5","","","","1"
"1999-10","Canada","2016A000011124","Transportation","2002=100","17","units","0","v41691128","2.176","94.5","","","","1"
"1999-11","Canada","2016A000011124","Transportation","2002=100","17","units","0","v41691128","2.176","94.7","","","","1"
"1999-12","Canada","2016A000011124","Transportation","2002=100","17","units","0","v41691128","2.176","95.5","","","","1"
"2000-01","Canada","2016A000011124","Transportation","2002=100","17","units","0","v41691128","2.176","94.7","","","","1"
"2000-02","Canada","2016A000011124","Transportation","2002=100","17","units","0","v41691128","2.176","95.6","","","","1"
"2000-03","Canada","2016A000011124","Transportation","2002=100","17","units","0","v41691128","2.176","97.5","","","","1"
"2000-04","Canada","2016A000011124","Transportation","2002=100","17","units","0","v41691128","2.176","96.1","","","","1"
"2000-05","Canada","2016A000011124","Transportation","2002=100","17","units","0","v41691128","2.176","96.6","","","","1"
"2000-06","Canada","2016A000011124","Transportation","2002=100","17","units","0","v41691128","2.176","98.0","","","","1"
"2000-07","Canada","2016A000011124","Transportation","2002=100","17","units","0","v41691128","2.176","97.6","","","","1"
"2000-08","Canada","2016A000011124","Transportation","2002=100","17","units","0","v41691128","2.176","96.7","","","","1"
"2000-09","Canada","2016A000011124","Transportation","2002=100","17","units","0","v41691128","2.176","98.1","","","","1"
"2000-10","Canada","2016A000011124","Transportation","2002=100","17","units","0","v41691128","2.176","97.8","","","","1"
"2000-11","Canada","2016A000011124","Transportation","2002=100","17","units","0","v41691128","2.176","99.7","","","","1"
"2000-12","Canada","2016A000011124","Transportation","2002=100","17","units","0","v41691128","2.176","98.5","","","","1"
"2001-01","Canada","2016A000011124","Transportation","2002=100","17","units","0","v41691128","2.176","97.5","","","","1"
"2001-02","Canada","2016A000011124","Transportation","2002=100","17","units","0","v41691128","2.176","97.8","","","","1"
"2001-03","Canada","2016A000011124","Transportation","2002=100","17","units","0","v41691128","2.176","96.8","","","","1"
"2001-04","Canada","2016A000011124","Transportation","2002=100","17","units","0","v41691128","2.176","98.3","","","","1"
"2001-05","Canada","2016A000011124","Transportation","2002=100","17","units","0","v41691128","2.176","99.6","","","","1"
"2001-06","Canada","2016A000011124","Transportation","2002=100","17","units","0","v41691128","2.176","98.9","","","","1"
"2001-07","Canada","2016A000011124","Transportation","2002=100","17","units","0","v41691128","2.176","97.0","","","","1"
"2001-08","Canada","2016A000011124","Transportation","2002=100","17","units","0","v41691128","2.176","97.3","","","","1"
"2001-09","Canada","2016A000011124","Transportation","2002=100","17","units","0","v41691128","2.176","98.9","","","","1"
"2001-10","Canada","2016A000011124","Transportation","2002=100","17","units","0","v41691128","2.176","96.9","","","","1"
"2001-11","Canada","2016A000011124","Transportation","2002=100","17","units","0","v41691128","2.176","94.4","","","","1"
"2001-12","Canada","2016A000011124","Transportation","2002=100","17","units","0","v41691128","2.176","93.7","","","","1"
"2002-01","Canada","2016A000011124","Transportation","2002=100","17","units","0","v41691128","2.176","94.4","","","","1"
"2002-02","Canada","2016A000011124","Transportation","2002=100","17","units","0","v41691128","2.176","94.8","","","","1"
"2002-03","Canada","2016A000011124","Transportation","2002=100","17","units","0","v41691128","2.176","97.1","","","","1"
"2002-04","Canada","2016A000011124","Transportation","2002=100","17","units","0","v41691128","2.176","99.5","","","","1"
"2002-05","Canada","2016A000011124","Transportation","2002=100","17","units","0","v41691128","2.176","99.7","","","","1"
"2002-06","Canada","2016A000011124","Transportation","2002=100","17","units","0","v41691128","2.176","99.7","","","","1"
"2002-07","Canada","2016A000011124","Transportation","2002=100","17","units","0","v41691128","2.176","100.7","","","","1"
"2002-08","Canada","2016A000011124","Transportation","2002=100","17","units","0","v41691128","2.176","101.9","","","","1"
"2002-09","Canada","2016A000011124","Transportation","2002=100","17","units","0","v41691128","2.176","101.8","","","","1"
"2002-10","Canada","2016A000011124","Transportation","2002=100","17","units","0","v41691128","2.176","102.6","","","","1"
"2002-11","Canada","2016A000011124","Transportation","2002=100","17","units","0","v41691128","2.176","103.6","","","","1"
"2002-12","Canada","2016A000011124","Transportation","2002=100","17","units","0","v41691128","2.176","104.2","","","","1"
"2003-01","Canada","2016A000011124","Transportation","2002=100","17","units","0","v41691128","2.176","105.5","","","","1"
"2003-02","Canada","2016A000011124","Transportation","2002=100","17","units","0","v41691128","2.176","107.1","","","","1"
"2003-03","Canada","2016A000011124","Transportation","2002=100","17","units","0","v41691128","2.176","107.6","","","","1"
"2003-04","Canada","2016A000011124","Transportation","2002=100","17","units","0","v41691128","2.176","105.4","","","","1"
"2003-05","Canada","2016A000011124","Transportation","2002=100","17","units","0","v41691128","2.176","104.0","","","","1"
"2003-06","Canada","2016A000011124","Transportation","2002=100","17","units","0","v41691128","2.176","103.7","","","","1"
"2003-07","Canada","2016A000011124","Transportation","2002=100","17","units","0","v41691128","2.176","104.1","","","","1"
"2003-08","Canada","2016A000011124","Transportation","2002=100","17","units","0","v41691128","2.176","105.9","","","","1"
"2003-09","Canada","2016A000011124","Transportation","2002=100","17","units","0","v41691128","2.176","105.6","","","","1"
"2003-10","Canada","2016A000011124","Transportation","2002=100","17","units","0","v41691128","2.176","103.9","","","","1"
"2003-11","Canada","2016A000011124","Transportation","2002=100","17","units","0","v41691128","2.176","104.8","","","","1"
"2003-12","Canada","2016A000011124","Transportation","2002=100","17","units","0","v41691128","2.176","104.7","","","","1"
"2004-01","Canada","2016A000011124","Transportation","2002=100","17","units","0","v41691128","2.176","105.8","","","","1"
"2004-02","Canada","2016A000011124","Transportation","2002=100","17","units","0","v41691128","2.176","105.5","","","","1"
"2004-03","Canada","2016A000011124","Transportation","2002=100","17","units","0","v41691128","2.176","106.2","","","","1"
"2004-04","Canada","2016A000011124","Transportation","2002=100","17","units","0","v41691128","2.176","106.7","","","","1"
"2004-05","Canada","2016A000011124","Transportation","2002=100","17","units","0","v41691128","2.176","110.2","","","","1"
"2004-06","Canada","2016A000011124","Transportation","2002=100","17","units","0","v41691128","2.176","109.4","","","","1"
"2004-07","Canada","2016A000011124","Transportation","2002=100","17","units","0","v41691128","2.176","108.8","","","","1"
"2004-08","Canada","2016A000011124","Transportation","2002=100","17","units","0","v41691128","2.176","107.6","","","","1"
"2004-09","Canada","2016A000011124","Transportation","2002=100","17","units","0","v41691128","2.176","106.9","","","","1"
"2004-10","Canada","2016A000011124","Transportation","2002=100","17","units","0","v41691128","2.176","107.6","","","","1"
"2004-11","Canada","2016A000011124","Transportation","2002=100","17","units","0","v41691128","2.176","109.1","","","","1"
"2004-12","Canada","2016A000011124","Transportation","2002=100","17","units","0","v41691128","2.176","108.4","","","","1"
"2005-01","Canada","2016A000011124","Transportation","2002=100","17","units","0","v41691128","2.176","108.8","","","","1"
"2005-02","Canada","2016A000011124","Transportation","2002=100","17","units","0","v41691128","2.176","109.3","","","","1"
"2005-03","Canada","2016A000011124","Transportation","2002=100","17","units","0","v41691128","2.176","110.3","","","","1"
"2005-04","Canada","2016A000011124","Transportation","2002=100","17","units","0","v41691128","2.176","111.2","","","","1"
"2005-05","Canada","2016A000011124","Transportation","2002=100","17","units","0","v41691128","2.176","110.9","","","","1"
"2005-06","Canada","2016A000011124","Transportation","2002=100","17","units","0","v41691128","2.176","111.3","","","","1"
"2005-07","Canada","2016A000011124","Transportation","2002=100","17","units","0","v41691128","2.176","111.8","","","","1"
"2005-08","Canada","2016A000011124","Transportation","2002=100","17","units","0","v41691128","2.176","113.9","","","","1"
"2005-09","Canada","2016A000011124","Transportation","2002=100","17","units","0","v41691128","2.176","116.7","","","","1"
"2005-10","Canada","2016A000011124","Transportation","2002=100","17","units","0","v41691128","2.176","114.0","","","","1"
"2005-11","Canada","2016A000011124","Transportation","2002=100","17","units","0","v41691128","2.176","113.2","","","","1"
"2005-12","Canada","2016A000011124","Transportation","2002=100","17","units","0","v41691128","2.176","113.1","","","","1"
"2006-01","Canada","2016A000011124","Transportation","2002=100","17","units","0","v41691128","2.176","114.7","","","","1"
"2006-02","Canada","2016A000011124","Transportation","2002=100","17","units","0","v41691128","2.176","112.7","","","","1"
"2006-03","Canada","2016A000011124","Transportation","2002=100","17","units","0","v41691128","2.176","114.2","","","","1"
"2006-04","Canada","2016A000011124","Transportation","2002=100","17","units","0","v41691128","2.176","117.9","","","","1"
"2006-05","Canada","2016A000011124","Transportation","2002=100","17","units","0","v41691128","2.176","117.8","","","","1"
"2006-06","Canada","2016A000011124","Transportation","2002=100","17","units","0","v41691128","2.176","117.3","","","","1"
"2006-07","Canada","2016A000011124","Transportation","2002=100","17","units","0","v41691128","2.176","118.3","","","","1"
"2006-08","Canada","2016A000011124","Transportation","2002=100","17","units","0","v41691128","2.176","118.0","","","","1"
"2006-09","Canada","2016A000011124","Transportation","2002=100","17","units","0","v41691128","2.176","112.8","","","","1"
"2006-10","Canada","2016A000011124","Transportation","2002=100","17","units","0","v41691128","2.176","111.7","","","","1"
"2006-11","Canada","2016A000011124","Transportation","2002=100","17","units","0","v41691128","2.176","112.7","","","","1"
"2006-12","Canada","2016A000011124","Transportation","2002=100","17","units","0","v41691128","2.176","114.1","","","","1"
"2007-01","Canada","2016A000011124","Transportation","2002=100","17","units","0","v41691128","2.176","113.3","","","","1"
"2007-02","Canada","2016A000011124","Transportation","2002=100","17","units","0","v41691128","2.176","114.2","","","","1"
"2007-03","Canada","2016A000011124","Transportation","2002=100","17","units","0","v41691128","2.176","117.7","","","","1"
"2007-04","Canada","2016A000011124","Transportation","2002=100","17","units","0","v41691128","2.176","118.6","","","","1"
"2007-05","Canada","2016A000011124","Transportation","2002=100","17","units","0","v41691128","2.176","120.7","","","","1"
"2007-06","Canada","2016A000011124","Transportation","2002=100","17","units","0","v41691128","2.176","119.2","","","","1"
"2007-07","Canada","2016A000011124","Transportation","2002=100","17","units","0","v41691128","2.176","118.5","","","","1"
"2007-08","Canada","2016A000011124","Transportation","2002=100","17","units","0","v41691128","2.176","116.3","","","","1"
"2007-09","Canada","2016A000011124","Transportation","2002=100","17","units","0","v41691128","2.176","116.9","","","","1"
"2007-10","Canada","2016A000011124","Transportation","2002=100","17","units","0","v41691128","2.176","115.2","","","","1"
"2007-11","Canada","2016A000011124","Transportation","2002=100","17","units","0","v41691128","2.176","116.7","","","","1"
"2007-12","Canada","2016A000011124","Transportation","2002=100","17","units","0","v41691128","2.176","117.5","","","","1"
"2008-01","Canada","2016A000011124","Transportation","2002=100","17","units","0","v41691128","2.176","117.6","","","","1"
"2008-02","Canada","2016A000011124","Transportation","2002=100","17","units","0","v41691128","2.176","117.0","","","","1"
"2008-03","Canada","2016A000011124","Transportation","2002=100","17","units","0","v41691128","2.176","117.8","","","","1"
"2008-04","Canada","2016A000011124","Transportation","2002=100","17","units","0","v41691128","2.176","120.1","","","","1"
"2008-05","Canada","2016A000011124","Transportation","2002=100","17","units","0","v41691128","2.176","123.6","","","","1"
"2008-06","Canada","2016A000011124","Transportation","2002=100","17","units","0","v41691128","2.176","125.8","","","","1"
"2008-07","Canada","2016A000011124","Transportation","2002=100","17","units","0","v41691128","2.176","125.7","","","","1"
"2008-08","Canada","2016A000011124","Transportation","2002=100","17","units","0","v41691128","2.176","123.1","","","","1"
"2008-09","Canada","2016A000011124","Transportation","2002=100","17","units","0","v41691128","2.176","122.4","","","","1"
"2008-10","Canada","2016A000011124","Transportation","2002=100","17","units","0","v41691128","2.176","117.0","","","","1"
"2008-11","Canada","2016A000011124","Transportation","2002=100","17","units","0","v41691128","2.176","113.2","","","","1"
"2008-12","Canada","2016A000011124","Transportation","2002=100","17","units","0","v41691128","2.176","110.3","","","","1"
"2009-01","Canada","2016A000011124","Transportation","2002=100","17","units","0","v41691128","2.176","108.8","","","","1"
"2009-02","Canada","2016A000011124","Transportation","2002=100","17","units","0","v41691128","2.176","110.2","","","","1"
"2009-03","Canada","2016A000011124","Transportation","2002=100","17","units","0","v41691128","2.176","110.5","","","","1"
"2009-04","Canada","2016A000011124","Transportation","2002=100","17","units","0","v41691128","2.176","110.5","","","","1"
"2009-05","Canada","2016A000011124","Transportation","2002=100","17","units","0","v41691128","2.176","113.5","","","","1"
"2009-06","Canada","2016A000011124","Transportation","2002=100","17","units","0","v41691128","2.176","116.1","","","","1"
"2009-07","Canada","2016A000011124","Transportation","2002=100","17","units","0","v41691128","2.176","114.3","","","","1"
"2009-08","Canada","2016A000011124","Transportation","2002=100","17","units","0","v41691128","2.176","114.8","","","","1"
"2009-09","Canada","2016A000011124","Transportation","2002=100","17","units","0","v41691128","2.176","113.6","","","","1"
"2009-10","Canada","2016A000011124","Transportation","2002=100","17","units","0","v41691128","2.176","113.4","","","","1"
"2009-11","Canada","2016A000011124","Transportation","2002=100","17","units","0","v41691128","2.176","115.4","","","","1"
"2009-12","Canada","2016A000011124","Transportation","2002=100","17","units","0","v41691128","2.176","115.5","","","","1"
"2010-01","Canada","2016A000011124","Transportation","2002=100","17","units","0","v41691128","2.176","117.2","","","","1"
"2010-02","Canada","2016A000011124","Transportation","2002=100","17","units","0","v41691128","2.176","116.7","","","","1"
"2010-03","Canada","2016A000011124","Transportation","2002=100","17","units","0","v41691128","2.176","117.1","","","","1"
"2010-04","Canada","2016A000011124","Transportation","2002=100","17","units","0","v41691128","2.176","117.4","","","","1"
"2010-05","Canada","2016A000011124","Transportation","2002=100","17","units","0","v41691128","2.176","118.1","","","","1"
"2010-06","Canada","2016A000011124","Transportation","2002=100","17","units","0","v41691128","2.176","117.3","","","","1"
"2010-07","Canada","2016A000011124","Transportation","2002=100","17","units","0","v41691128","2.176","117.4","","","","1"
"2010-08","Canada","2016A000011124","Transportation","2002=100","17","units","0","v41691128","2.176","117.1","","","","1"
"2010-09","Canada","2016A000011124","Transportation","2002=100","17","units","0","v41691128","2.176","117.1","","","","1"
"2010-10","Canada","2016A000011124","Transportation","2002=100","17","units","0","v41691128","2.176","118.6","","","","1"
"2010-11","Canada","2016A000011124","Transportation","2002=100","17","units","0","v41691128","2.176","120.7","","","","1"
"2010-12","Canada","2016A000011124","Transportation","2002=100","17","units","0","v41691128","2.176","121.2","","","","1"
"2011-01","Canada","2016A000011124","Transportation","2002=100","17","units","0","v41691128","2.176","122.8","","","","1"
"2011-02","Canada","2016A000011124","Transportation","2002=100","17","units","0","v41691128","2.176","122.6","","","","1"
"2011-03","Canada","2016A000011124","Transportation","2002=100","17","units","0","v41691128","2.176","124.8","","","","1"
"2011-04","Canada","2016A000011124","Transportation","2002=100","17","units","0","v41691128","2.176","127.2","","","","1"
"2011-05","Canada","2016A000011124","Transportation","2002=100","17","units","0","v41691128","2.176","128.9","","","","1"
"2011-06","Canada","2016A000011124","Transportation","2002=100","17","units","0","v41691128","2.176","125.5","","","","1"
"2011-07","Canada","2016A000011124","Transportation","2002=100","17","units","0","v41691128","2.176","125.0","","","","1"
"2011-08","Canada","2016A000011124","Transportation","2002=100","17","units","0","v41691128","2.176","125.3","","","","1"
"2011-09","Canada","2016A000011124","Transportation","2002=100","17","units","0","v41691128","2.176","126.3","","","","1"
"2011-10","Canada","2016A000011124","Transportation","2002=100","17","units","0","v41691128","2.176","126.5","","","","1"
"2011-11","Canada","2016A000011124","Transportation","2002=100","17","units","0","v41691128","2.176","127.6","","","","1"
"2011-12","Canada","2016A000011124","Transportation","2002=100","17","units","0","v41691128","2.176","125.2","","","","1"
"2012-01","Canada","2016A000011124","Transportation","2002=100","17","units","0","v41691128","2.176","127.4","","","","1"
"2012-02","Canada","2016A000011124","Transportation","2002=100","17","units","0","v41691128","2.176","127.8","","","","1"
"2012-03","Canada","2016A000011124","Transportation","2002=100","17","units","0","v41691128","2.176","129.5","","","","1"
"2012-04","Canada","2016A000011124","Transportation","2002=100","17","units","0","v41691128","2.176","131.3","","","","1"
"2012-05","Canada","2016A000011124","Transportation","2002=100","17","units","0","v41691128","2.176","129.9","","","","1"
"2012-06","Canada","2016A000011124","Transportation","2002=100","17","units","0","v41691128","2.176","127.6","","","","1"
"2012-07","Canada","2016A000011124","Transportation","2002=100","17","units","0","v41691128","2.176","126.4","","","","1"
"2012-08","Canada","2016A000011124","Transportation","2002=100","17","units","0","v41691128","2.176","127.5","","","","1"
"2012-09","Canada","2016A000011124","Transportation","2002=100","17","units","0","v41691128","2.176","128.3","","","","1"
"2012-10","Canada","2016A000011124","Transportation","2002=100","17","units","0","v41691128","2.176","128.6","","","","1"
"2012-11","Canada","2016A000011124","Transportation","2002=100","17","units","0","v41691128","2.176","127.3","","","","1"
"2012-12","Canada","2016A000011124","Transportation","2002=100","17","units","0","v41691128","2.176","125.8","","","","1"
"2013-01","Canada","2016A000011124","Transportation","2002=100","17","units","0","v41691128","2.176","126.7","","","","1"
"2013-02","Canada","2016A000011124","Transportation","2002=100","17","units","0","v41691128","2.176","130.3","","","","1"
"2013-03","Canada","2016A000011124","Transportation","2002=100","17","units","0","v41691128","2.176","129.5","","","","1"
"2013-04","Canada","2016A000011124","Transportation","2002=100","17","units","0","v41691128","2.176","128.6","","","","1"
"2013-05","Canada","2016A000011124","Transportation","2002=100","17","units","0","v41691128","2.176","129.2","","","","1"
"2013-06","Canada","2016A000011124","Transportation","2002=100","17","units","0","v41691128","2.176","130.2","","","","1"
"2013-07","Canada","2016A000011124","Transportation","2002=100","17","units","0","v41691128","2.176","129.8","","","","1"
"2013-08","Canada","2016A000011124","Transportation","2002=100","17","units","0","v41691128","2.176","129.2","","","","1"
"2013-09","Canada","2016A000011124","Transportation","2002=100","17","units","0","v41691128","2.176","129.3","","","","1"
"2013-10","Canada","2016A000011124","Transportation","2002=100","17","units","0","v41691128","2.176","128.5","","","","1"
"2013-11","Canada","2016A000011124","Transportation","2002=100","17","units","0","v41691128","2.176","128.0","","","","1"
"2013-12","Canada","2016A000011124","Transportation","2002=100","17","units","0","v41691128","2.176","128.5","","","","1"
"2014-01","Canada","2016A000011124","Transportation","2002=100","17","units","0","v41691128","2.176","129.2","","","","1"
"2014-02","Canada","2016A000011124","Transportation","2002=100","17","units","0","v41691128","2.176","130.8","","","","1"
"2014-03","Canada","2016A000011124","Transportation","2002=100","17","units","0","v41691128","2.176","131.7","","","","1"
"2014-04","Canada","2016A000011124","Transportation","2002=100","17","units","0","v41691128","2.176","132.2","","","","1"
"2014-05","Canada","2016A000011124","Transportation","2002=100","17","units","0","v41691128","2.176","132.7","","","","1"
"2014-06","Canada","2016A000011124","Transportation","2002=100","17","units","0","v41691128","2.176","133.1","","","","1"
"2014-07","Canada","2016A000011124","Transportation","2002=100","17","units","0","v41691128","2.176","131.5","","","","1"
"2014-08","Canada","2016A000011124","Transportation","2002=100","17","units","0","v41691128","2.176","130.8","","","","1"
"2014-09","Canada","2016A000011124","Transportation","2002=100","17","units","0","v41691128","2.176","130.0","","","","1"
"2014-10","Canada","2016A000011124","Transportation","2002=100","17","units","0","v41691128","2.176","129.9","","","","1"
"2014-11","Canada","2016A000011124","Transportation","2002=100","17","units","0","v41691128","2.176","127.7","","","","1"
"2014-12","Canada","2016A000011124","Transportation","2002=100","17","units","0","v41691128","2.176","124.9","","","","1"
"2015-01","Canada","2016A000011124","Transportation","2002=100","17","units","0","v41691128","2.176","122.4","","","","1"
"2015-02","Canada","2016A000011124","Transportation","2002=100","17","units","0","v41691128","2.176","124.3","","","","1"
"2015-03","Canada","2016A000011124","Transportation","2002=100","17","units","0","v41691128","2.176","126.6","","","","1"
"2015-04","Canada","2016A000011124","Transportation","2002=100","17","units","0","v41691128","2.176","126.6","","","","1"
"2015-05","Canada","2016A000011124","Transportation","2002=100","17","units","0","v41691128","2.176","128.0","","","","1"
"2015-06","Canada","2016A000011124","Transportation","2002=100","17","units","0","v41691128","2.176","129.6","","","","1"
"2015-07","Canada","2016A000011124","Transportation","2002=100","17","units","0","v41691128","2.176","129.2","","","","1"
"2015-08","Canada","2016A000011124","Transportation","2002=100","17","units","0","v41691128","2.176","127.8","","","","1"
"2015-09","Canada","2016A000011124","Transportation","2002=100","17","units","0","v41691128","2.176","125.4","","","","1"
"2015-10","Canada","2016A000011124","Transportation","2002=100","17","units","0","v41691128","2.176","125.8","","","","1"
"2015-11","Canada","2016A000011124","Transportation","2002=100","17","units","0","v41691128","2.176","126.3","","","","1"
"2015-12","Canada","2016A000011124","Transportation","2002=100","17","units","0","v41691128","2.176","125.6","","","","1"
"2016-01","Canada","2016A000011124","Transportation","2002=100","17","units","0","v41691128","2.176","125.1","","","","1"
"2016-02","Canada","2016A000011124","Transportation","2002=100","17","units","0","v41691128","2.176","123.7","","","","1"
"2016-03","Canada","2016A000011124","Transportation","2002=100","17","units","0","v41691128","2.176","125.3","","","","1"
"2016-04","Canada","2016A000011124","Transportation","2002=100","17","units","0","v41691128","2.176","127.8","","","","1"
"2016-05","Canada","2016A000011124","Transportation","2002=100","17","units","0","v41691128","2.176","129.4","","","","1"
"2016-06","Canada","2016A000011124","Transportation","2002=100","17","units","0","v41691128","2.176","131.0","","","","1"
"2016-07","Canada","2016A000011124","Transportation","2002=100","17","units","0","v41691128","2.176","128.9","","","","1"
"2016-08","Canada","2016A000011124","Transportation","2002=100","17","units","0","v41691128","2.176","128.2","","","","1"
"2016-09","Canada","2016A000011124","Transportation","2002=100","17","units","0","v41691128","2.176","128.3","","","","1"
"2016-10","Canada","2016A000011124","Transportation","2002=100","17","units","0","v41691128","2.176","129.6","","","","1"
"2016-11","Canada","2016A000011124","Transportation","2002=100","17","units","0","v41691128","2.176","128.1","","","","1"
"2016-12","Canada","2016A000011124","Transportation","2002=100","17","units","0","v41691128","2.176","129.4","","","","1"
"2017-01","Canada","2016A000011124","Transportation","2002=100","17","units","0","v41691128","2.176","133.0","","","","1"
"2017-02","Canada","2016A000011124","Transportation","2002=100","17","units","0","v41691128","2.176","131.9","","","","1"
"2017-03","Canada","2016A000011124","Transportation","2002=100","17","units","0","v41691128","2.176","131.1","","","","1"
"2017-04","Canada","2016A000011124","Transportation","2002=100","17","units","0","v41691128","2.176","133.2","","","","1"
"2017-05","Canada","2016A000011124","Transportation","2002=100","17","units","0","v41691128","2.176","132.3","","","","1"
"2017-06","Canada","2016A000011124","Transportation","2002=100","17","units","0","v41691128","2.176","131.8","","","","1"
"2017-07","Canada","2016A000011124","Transportation","2002=100","17","units","0","v41691128","2.176","131.3","","","","1"
"2017-08","Canada","2016A000011124","Transportation","2002=100","17","units","0","v41691128","2.176","131.8","","","","1"
"2017-09","Canada","2016A000011124","Transportation","2002=100","17","units","0","v41691128","2.176","133.2","","","","1"
"2017-10","Canada","2016A000011124","Transportation","2002=100","17","units","0","v41691128","2.176","133.5","","","","1"
"2017-11","Canada","2016A000011124","Transportation","2002=100","17","units","0","v41691128","2.176","135.7","","","","1"
"2017-12","Canada","2016A000011124","Transportation","2002=100","17","units","0","v41691128","2.176","135.7","","","","1"
"2018-01","Canada","2016A000011124","Transportation","2002=100","17","units","0","v41691128","2.176","137.2","","","","1"
"2018-02","Canada","2016A000011124","Transportation","2002=100","17","units","0","v41691128","2.176","137.7","","","","1"
"2018-03","Canada","2016A000011124","Transportation","2002=100","17","units","0","v41691128","2.176","138.0","","","","1"
"2018-04","Canada","2016A000011124","Transportation","2002=100","17","units","0","v41691128","2.176","139.5","","","","1"
"2018-05","Canada","2016A000011124","Transportation","2002=100","17","units","0","v41691128","2.176","139.7","","","","1"
"2018-06","Canada","2016A000011124","Transportation","2002=100","17","units","0","v41691128","2.176","140.5","","","","1"
"2018-07","Canada","2016A000011124","Transportation","2002=100","17","units","0","v41691128","2.176","142.0","","","","1"
"2018-08","Canada","2016A000011124","Transportation","2002=100","17","units","0","v41691128","2.176","141.3","","","","1"
"2018-09","Canada","2016A000011124","Transportation","2002=100","17","units","0","v41691128","2.176","138.4","","","","1"
"2018-10","Canada","2016A000011124","Transportation","2002=100","17","units","0","v41691128","2.176","139.3","","","","1"
"2018-11","Canada","2016A000011124","Transportation","2002=100","17","units","0","v41691128","2.176","137.1","","","","1"
"2018-12","Canada","2016A000011124","Transportation","2002=100","17","units","0","v41691128","2.176","138.0","","","","1"
"2019-01","Canada","2016A000011124","Transportation","2002=100","17","units","0","v41691128","2.176","136.6","","","","1"
"2019-02","Canada","2016A000011124","Transportation","2002=100","17","units","0","v41691128","2.176","137.9","","","","1"
"2019-03","Canada","2016A000011124","Transportation","2002=100","17","units","0","v41691128","2.176","140.6","","","","1"
"2019-04","Canada","2016A000011124","Transportation","2002=100","17","units","0","v41691128","2.176","143.0","","","","1"
"2019-05","Canada","2016A000011124","Transportation","2002=100","17","units","0","v41691128","2.176","144.0","","","","1"
"2019-06","Canada","2016A000011124","Transportation","2002=100","17","units","0","v41691128","2.176","142.7","","","","1"
"2019-07","Canada","2016A000011124","Transportation","2002=100","17","units","0","v41691128","2.176","144.2","","","","1"
"2019-08","Canada","2016A000011124","Transportation","2002=100","17","units","0","v41691128","2.176","143.3","","","","1"
"2019-09","Canada","2016A000011124","Transportation","2002=100","17","units","0","v41691128","2.176","140.3","","","","1"
"2019-10","Canada","2016A000011124","Transportation","2002=100","17","units","0","v41691128","2.176","141.3","","","","1"
"2019-11","Canada","2016A000011124","Transportation","2002=100","17","units","0","v41691128","2.176","141.5","","","","1"
"2019-12","Canada","2016A000011124","Transportation","2002=100","17","units","0","v41691128","2.176","143.1","","","","1"
"2020-01","Canada","2016A000011124","Transportation","2002=100","17","units","0","v41691128","2.176","143.4","","","","1"
"2020-02","Canada","2016A000011124","Transportation","2002=100","17","units","0","v41691128","2.176","144.0","","","","1"
"2020-03","Canada","2016A000011124","Transportation","2002=100","17","units","0","v41691128","2.176","138.9","","","","1"
"2020-04","Canada","2016A000011124","Transportation","2002=100","17","units","0","v41691128","2.176","136.7","","","","1"
"2020-05","Canada","2016A000011124","Transportation","2002=100","17","units","0","v41691128","2.176","139.7","","","","1"
"2020-06","Canada","2016A000011124","Transportation","2002=100","17","units","0","v41691128","2.176","142.8","","","","1"
"2020-07","Canada","2016A000011124","Transportation","2002=100","17","units","0","v41691128","2.176","142.8","","","","1"
"2020-08","Canada","2016A000011124","Transportation","2002=100","17","units","0","v41691128","2.176","141.5","","","","1"
"2020-09","Canada","2016A000011124","Transportation","2002=100","17","units","0","v41691128","2.176","140.4","","","","1"
"2020-10","Canada","2016A000011124","Transportation","2002=100","17","units","0","v41691128","2.176","141.1","","","","1"
"2020-11","Canada","2016A000011124","Transportation","2002=100","17","units","0","v41691128","2.176","141.3","","","","1"
"2020-12","Canada","2016A000011124","Transportation","2002=100","17","units","0","v41691128","2.176","142.3","","","","1"
"2021-01","Canada","2016A000011124","Transportation","2002=100","17","units","0","v41691128","2.176","144.9","","","","1"
"2021-02","Canada","2016A000011124","Transportation","2002=100","17","units","0","v41691128","2.176","147.1","","","","1"
"2021-03","Canada","2016A000011124","Transportation","2002=100","17","units","0","v41691128","2.176","148.8","","","","1"
"2021-04","Canada","2016A000011124","Transportation","2002=100","17","units","0","v41691128","2.176","149.5","","","","1"
"2021-05","Canada","2016A000011124","Transportation","2002=100","17","units","0","v41691128","2.176","150.3","","","","1"
"2021-06","Canada","2016A000011124","Transportation","2002=100","17","units","0","v41691128","2.176","150.8","","","","1"
"2021-07","Canada","2016A000011124","Transportation","2002=100","17","units","0","v41691128","2.176","152.2","","","","1"
"2021-08","Canada","2016A000011124","Transportation","2002=100","17","units","0","v41691128","2.176","153.8","","","","1"
"2021-09","Canada","2016A000011124","Transportation","2002=100","17","units","0","v41691128","2.176","153.2","","","","1"
"2021-10","Canada","2016A000011124","Transportation","2002=100","17","units","0","v41691128","2.176","155.4","","","","1"
"2021-11","Canada","2016A000011124","Transportation","2002=100","17","units","0","v41691128","2.176","155.4","","","","1"
"2021-12","Canada","2016A000011124","Transportation","2002=100","17","units","0","v41691128","2.176","154.9","","","","1"
"2022-01","Canada","2016A000011124","Transportation","2002=100","17","units","0","v41691128","2.176","156.9","","","","1"
"2022-02","Canada","2016A000011124","Transportation","2002=100","17","units","0","v41691128","2.176","159.9","","","","1"
"2022-03","Canada","2016A000011124","Transportation","2002=100","17","units","0","v41691128","2.176","165.5","","","","1"
"2022-04","Canada","2016A000011124","Transportation","2002=100","17","units","0","v41691128","2.176","166.3","","","","1"
"2022-05","Canada","2016A000011124","Transportation","2002=100","17","units","0","v41691128","2.176","172.2","","","","1"
"2022-06","Canada","2016A000011124","Transportation","2002=100","17","units","0","v41691128","2.176","176.2","","","","1"
"2022-07","Canada","2016A000011124","Transportation","2002=100","17","units","0","v41691128","2.176","174.1","","","","1"
"2022-08","Canada","2016A000011124","Transportation","2002=100","17","units","0","v41691128","2.176","169.7","","","","1"
"2022-09","Canada","2016A000011124","Transportation","2002=100","17","units","0","v41691128","2.176","166.5","","","","1"
"2022-10","Canada","2016A000011124","Transportation","2002=100","17","units","0","v41691128","2.176","170.1","","","","1"
"2022-11","Canada","2016A000011124","Transportation","2002=100","17","units","0","v41691128","2.176","168.6","","","","1"
"2022-12","Canada","2016A000011124","Transportation","2002=100","17","units","0","v41691128","2.176","164.2","","","","1"
"2023-01","Canada","2016A000011124","Transportation","2002=100","17","units","0","v41691128","2.176","165.4","","","","1"
"2023-02","Canada","2016A000011124","Transportation","2002=100","17","units","0","v41691128","2.176","164.8","","","","1"
"2023-03","Canada","2016A000011124","Transportation","2002=100","17","units","0","v41691128","2.176","166.0","","","","1"
"2023-04","Canada","2016A000011124","Transportation","2002=100","17","units","0","v41691128","2.176","168.5","","","","1"
"2023-05","Canada","2016A000011124","Transportation","2002=100","17","units","0","v41691128","2.176","168.1","","","","1"
"2023-06","Canada","2016A000011124","Transportation","2002=100","17","units","0","v41691128","2.176","170.2","","","","1"
"2023-07","Canada","2016A000011124","Transportation","2002=100","17","units","0","v41691128","2.176","172.4","","","","1"
"2023-08","Canada","2016A000011124","Transportation","2002=100","17","units","0","v41691128","2.176","173.6","","","","1"
"2023-09","Canada","2016A000011124","Transportation","2002=100","17","units","0","v41691128","2.176","171.9","","","","1"
"2023-10","Canada","2016A000011124","Transportation","2002=100","17","units","0","v41691128","2.176","169.5","","","","1"
"2023-11","Canada","2016A000011124","Transportation","2002=100","17","units","0","v41691128","2.176","168.5","","","","1"
"2023-12","Canada","2016A000011124","Transportation","2002=100","17","units","0","v41691128","2.176","169.5","","","","1"
"2024-01","Canada","2016A000011124","Transportation","2002=100","17","units","0","v41691128","2.176","167.4","","","","1"
"2024-02","Canada","2016A000011124","Transportation","2002=100","17","units","0","v41691128","2.176","168.5","","","","1"
"2024-03","Canada","2016A000011124","Transportation","2002=100","17","units","0","v41691128","2.176","171.0","","","","1"
"2024-04","Canada","2016A000011124","Transportation","2002=100","17","units","0","v41691128","2.176","173.8","","","","1"
"2024-05","Canada","2016A000011124","Transportation","2002=100","17","units","0","v41691128","2.176","173.9","","","","1"
"2024-06","Canada","2016A000011124","Transportation","2002=100","17","units","0","v41691128","2.176","173.6","","","","1"
"2024-07","Canada","2016A000011124","Transportation","2002=100","17","units","0","v41691128","2.176","175.9","","","","1"
"2024-08","Canada","2016A000011124","Transportation","2002=100","17","units","0","v41691128","2.176","173.5","","","","1"
"2024-09","Canada","2016A000011124","Transportation","2002=100","17","units","0","v41691128","2.176","169.3","","","","1"
"2024-10","Canada","2016A000011124","Transportation","2002=100","17","units","0","v41691128","2.176","169.9","","","","1"
"2024-11","Canada","2016A000011124","Transportation","2002=100","17","units","0","v41691128","2.176","170.4","","","","1"
"2024-12","Canada","2016A000011124","Transportation","2002=100","17","units","0","v41691128","2.176","173.4","","","","1"
"2025-01","Canada","2016A000011124","Transportation","2002=100","17","units","0","v41691128","2.176","173.1","","","","1"
"2025-02","Canada","2016A000011124","Transportation","2002=100","17","units","0","v41691128","2.176","173.6","","","","1"
"2025-03","Canada","2016A000011124","Transportation","2002=100","17","units","0","v41691128","2.176","173.1","","","","1"
"2025-04","Canada","2016A000011124","Transportation","2002=100","17","units","0","v41691128","2.176","170.5","","","","1"
"2025-05","Canada","2016A000011124","Transportation","2002=100","17","units","0","v41691128","2.176","171.7","","","","1"
"2025-06","Canada","2016A000011124","Transportation","2002=100","17","units","0","v41691128","2.176","172.6","","","","1"
"2025-07","Canada","2016A000011124","Transportation","2002=100","17","units","0","v41691128","2.176","173.3","","","","1"
"2025-08","Canada","2016A000011124","Transportation","2002=100","17","units","0","v41691128","2.176","172.7","","","","1"
"2025-09","Canada","2016A000011124","Transportation","2002=100","17","units","0","v41691128","2.176","171.8","","","","1"
"2025-10","Canada","2016A000011124","Transportation","2002=100","17","units","0","v41691128","2.176","171.1","","","","1"
"2025-11","Canada","2016A000011124","Transportation","2002=100","17","units","0","v41691128","2.176","171.6","","","","1"
"1990-01","Canada","2016A000011124","Gasoline","2002=100","17","units","0","v41691136","2.184","75.5","","","","1"
"1990-02","Canada","2016A000011124","Gasoline","2002=100","17","units","0","v41691136","2.184","77.0","","","","1"
"1990-03","Canada","2016A000011124","Gasoline","2002=100","17","units","0","v41691136","2.184","78.3","","","","1"
"1990-04","Canada","2016A000011124","Gasoline","2002=100","17","units","0","v41691136","2.184","79.4","","","","1"
"1990-05","Canada","2016A000011124","Gasoline","2002=100","17","units","0","v41691136","2.184","80.4","","","","1"
"1990-06","Canada","2016A000011124","Gasoline","2002=100","17","units","0","v41691136","2.184","81.1","","","","1"
"1990-07","Canada","2016A000011124","Gasoline","2002=100","17","units","0","v41691136","2.184","81.5","","","","1"
"1990-08","Canada","2016A000011124","Gasoline","2002=100","17","units","0","v41691136","2.184","81.9","","","","1"
"1990-09","Canada","2016A000011124","Gasoline","2002=100","17","units","0","v41691136","2.184","83.2","","","","1"
"1990-10","Canada","2016A000011124","Gasoline","2002=100","17","units","0","v41691136","2.184","89.3","","","","1"
"1990-11","Canada","2016A000011124","Gasoline","2002=100","17","units","0","v41691136","2.184","93.0","","","","1"
"1990-12","Canada","2016A000011124","Gasoline","2002=100","17","units","0","v41691136","2.184","92.3","","","","1"
"1991-01","Canada","2016A000011124","Gasoline","2002=100","17","units","0","v41691136","2.184","91.8","","","","1"
"1991-02","Canada","2016A000011124","Gasoline","2002=100","17","units","0","v41691136","2.184","82.8","","","","1"
"1991-03","Canada","2016A000011124","Gasoline","2002=100","17","units","0","v41691136","2.184","78.6","","","","1"
"1991-04","Canada","2016A000011124","Gasoline","2002=100","17","units","0","v41691136","2.184","76.9","","","","1"
"1991-05","Canada","2016A000011124","Gasoline","2002=100","17","units","0","v41691136","2.184","80.4","","","","1"
"1991-06","Canada","2016A000011124","Gasoline","2002=100","17","units","0","v41691136","2.184","81.3","","","","1"
"1991-07","Canada","2016A000011124","Gasoline","2002=100","17","units","0","v41691136","2.184","82.7","","","","1"
"1991-08","Canada","2016A000011124","Gasoline","2002=100","17","units","0","v41691136","2.184","82.4","","","","1"
"1991-09","Canada","2016A000011124","Gasoline","2002=100","17","units","0","v41691136","2.184","83.5","","","","1"
"1991-10","Canada","2016A000011124","Gasoline","2002=100","17","units","0","v41691136","2.184","80.4","","","","1"
"1991-11","Canada","2016A000011124","Gasoline","2002=100","17","units","0","v41691136","2.184","80.2","","","","1"
"1991-12","Canada","2016A000011124","Gasoline","2002=100","17","units","0","v41691136","2.184","77.4","","","","1"
"1992-01","Canada","2016A000011124","Gasoline","2002=100","17","units","0","v41691136","2.184","79.9","","","","1"
"1992-02","Canada","2016A000011124","Gasoline","2002=100","17","units","0","v41691136","2.184","75.7","","","","1"
"1992-03","Canada","2016A000011124","Gasoline","2002=100","17","units","0","v41691136","2.184","74.7","","","","1"
"1992-04","Canada","2016A000011124","Gasoline","2002=100","17","units","0","v41691136","2.184","75.2","","","","1"
"1992-05","Canada","2016A000011124","Gasoline","2002=100","17","units","0","v41691136","2.184","76.9","","","","1"
"1992-06","Canada","2016A000011124","Gasoline","2002=100","17","units","0","v41691136","2.184","79.5","","","","1"
"1992-07","Canada","2016A000011124","Gasoline","2002=100","17","units","0","v41691136","2.184","82.3","","","","1"
"1992-08","Canada","2016A000011124","Gasoline","2002=100","17","units","0","v41691136","2.184","80.3","","","","1"
"1992-09","Canada","2016A000011124","Gasoline","2002=100","17","units","0","v41691136","2.184","79.4","","","","1"
"1992-10","Canada","2016A000011124","Gasoline","2002=100","17","units","0","v41691136","2.184","79.0","","","","1"
"1992-11","Canada","2016A000011124","Gasoline","2002=100","17","units","0","v41691136","2.184","80.3","","","","1"
"1992-12","Canada","2016A000011124","Gasoline","2002=100","17","units","0","v41691136","2.184","79.6","","","","1"
"1993-01","Canada","2016A000011124","Gasoline","2002=100","17","units","0","v41691136","2.184","79.4","","","","1"
"1993-02","Canada","2016A000011124","Gasoline","2002=100","17","units","0","v41691136","2.184","78.2","","","","1"
"1993-03","Canada","2016A000011124","Gasoline","2002=100","17","units","0","v41691136","2.184","76.9","","","","1"
"1993-04","Canada","2016A000011124","Gasoline","2002=100","17","units","0","v41691136","2.184","76.9","","","","1"
"1993-05","Canada","2016A000011124","Gasoline","2002=100","17","units","0","v41691136","2.184","77.9","","","","1"
"1993-06","Canada","2016A000011124","Gasoline","2002=100","17","units","0","v41691136","2.184","79.5","","","","1"
"1993-07","Canada","2016A000011124","Gasoline","2002=100","17","units","0","v41691136","2.184","78.4","","","","1"
"1993-08","Canada","2016A000011124","Gasoline","2002=100","17","units","0","v41691136","2.184","77.4","","","","1"
"1993-09","Canada","2016A000011124","Gasoline","2002=100","17","units","0","v41691136","2.184","78.0","","","","1"
"1993-10","Canada","2016A000011124","Gasoline","2002=100","17","units","0","v41691136","2.184","76.9","","","","1"
"1993-11","Canada","2016A000011124","Gasoline","2002=100","17","units","0","v41691136","2.184","75.8","","","","1"
"1993-12","Canada","2016A000011124","Gasoline","2002=100","17","units","0","v41691136","2.184","73.3","","","","1"
"1994-01","Canada","2016A000011124","Gasoline","2002=100","17","units","0","v41691136","2.184","71.4","","","","1"
"1994-02","Canada","2016A000011124","Gasoline","2002=100","17","units","0","v41691136","2.184","72.9","","","","1"
"1994-03","Canada","2016A000011124","Gasoline","2002=100","17","units","0","v41691136","2.184","73.0","","","","1"
"1994-04","Canada","2016A000011124","Gasoline","2002=100","17","units","0","v41691136","2.184","74.4","","","","1"
"1994-05","Canada","2016A000011124","Gasoline","2002=100","17","units","0","v41691136","2.184","76.1","","","","1"
"1994-06","Canada","2016A000011124","Gasoline","2002=100","17","units","0","v41691136","2.184","78.4","","","","1"
"1994-07","Canada","2016A000011124","Gasoline","2002=100","17","units","0","v41691136","2.184","79.8","","","","1"
"1994-08","Canada","2016A000011124","Gasoline","2002=100","17","units","0","v41691136","2.184","81.3","","","","1"
"1994-09","Canada","2016A000011124","Gasoline","2002=100","17","units","0","v41691136","2.184","79.5","","","","1"
"1994-10","Canada","2016A000011124","Gasoline","2002=100","17","units","0","v41691136","2.184","76.2","","","","1"
"1994-11","Canada","2016A000011124","Gasoline","2002=100","17","units","0","v41691136","2.184","78.4","","","","1"
"1994-12","Canada","2016A000011124","Gasoline","2002=100","17","units","0","v41691136","2.184","76.4","","","","1"
"1995-01","Canada","2016A000011124","Gasoline","2002=100","17","units","0","v41691136","2.184","76.2","","","","1"
"1995-02","Canada","2016A000011124","Gasoline","2002=100","17","units","0","v41691136","2.184","76.9","","","","1"
"1995-03","Canada","2016A000011124","Gasoline","2002=100","17","units","0","v41691136","2.184","78.0","","","","1"
"1995-04","Canada","2016A000011124","Gasoline","2002=100","17","units","0","v41691136","2.184","81.0","","","","1"
"1995-05","Canada","2016A000011124","Gasoline","2002=100","17","units","0","v41691136","2.184","85.0","","","","1"
"1995-06","Canada","2016A000011124","Gasoline","2002=100","17","units","0","v41691136","2.184","84.0","","","","1"
"1995-07","Canada","2016A000011124","Gasoline","2002=100","17","units","0","v41691136","2.184","82.4","","","","1"
"1995-08","Canada","2016A000011124","Gasoline","2002=100","17","units","0","v41691136","2.184","80.1","","","","1"
"1995-09","Canada","2016A000011124","Gasoline","2002=100","17","units","0","v41691136","2.184","80.7","","","","1"
"1995-10","Canada","2016A000011124","Gasoline","2002=100","17","units","0","v41691136","2.184","79.5","","","","1"
"1995-11","Canada","2016A000011124","Gasoline","2002=100","17","units","0","v41691136","2.184","77.7","","","","1"
"1995-12","Canada","2016A000011124","Gasoline","2002=100","17","units","0","v41691136","2.184","79.1","","","","1"
"1996-01","Canada","2016A000011124","Gasoline","2002=100","17","units","0","v41691136","2.184","78.9","","","","1"
"1996-02","Canada","2016A000011124","Gasoline","2002=100","17","units","0","v41691136","2.184","78.4","","","","1"
"1996-03","Canada","2016A000011124","Gasoline","2002=100","17","units","0","v41691136","2.184","81.1","","","","1"
"1996-04","Canada","2016A000011124","Gasoline","2002=100","17","units","0","v41691136","2.184","84.3","","","","1"
"1996-05","Canada","2016A000011124","Gasoline","2002=100","17","units","0","v41691136","2.184","89.6","","","","1"
"1996-06","Canada","2016A000011124","Gasoline","2002=100","17","units","0","v41691136","2.184","86.9","","","","1"
"1996-07","Canada","2016A000011124","Gasoline","2002=100","17","units","0","v41691136","2.184","82.4","","","","1"
"1996-08","Canada","2016A000011124","Gasoline","2002=100","17","units","0","v41691136","2.184","82.5","","","","1"
"1996-09","Canada","2016A000011124","Gasoline","2002=100","17","units","0","v41691136","2.184","83.7","","","","1"
"1996-10","Canada","2016A000011124","Gasoline","2002=100","17","units","0","v41691136","2.184","84.7","","","","1"
"1996-11","Canada","2016A000011124","Gasoline","2002=100","17","units","0","v41691136","2.184","85.5","","","","1"
"1996-12","Canada","2016A000011124","Gasoline","2002=100","17","units","0","v41691136","2.184","85.4","","","","1"
"1997-01","Canada","2016A000011124","Gasoline","2002=100","17","units","0","v41691136","2.184","85.6","","","","1"
"1997-02","Canada","2016A000011124","Gasoline","2002=100","17","units","0","v41691136","2.184","86.8","","","","1"
"1997-03","Canada","2016A000011124","Gasoline","2002=100","17","units","0","v41691136","2.184","85.4","","","","1"
"1997-04","Canada","2016A000011124","Gasoline","2002=100","17","units","0","v41691136","2.184","84.3","","","","1"
"1997-05","Canada","2016A000011124","Gasoline","2002=100","17","units","0","v41691136","2.184","84.7","","","","1"
"1997-06","Canada","2016A000011124","Gasoline","2002=100","17","units","0","v41691136","2.184","85.5","","","","1"
"1997-07","Canada","2016A000011124","Gasoline","2002=100","17","units","0","v41691136","2.184","83.4","","","","1"
"1997-08","Canada","2016A000011124","Gasoline","2002=100","17","units","0","v41691136","2.184","87.3","","","","1"
"1997-09","Canada","2016A000011124","Gasoline","2002=100","17","units","0","v41691136","2.184","88.1","","","","1"
"1997-10","Canada","2016A000011124","Gasoline","2002=100","17","units","0","v41691136","2.184","86.0","","","","1"
"1997-11","Canada","2016A000011124","Gasoline","2002=100","17","units","0","v41691136","2.184","83.4","","","","1"
"1997-12","Canada","2016A000011124","Gasoline","2002=100","17","units","0","v41691136","2.184","82.1","","","","1"
"1998-01","Canada","2016A000011124","Gasoline","2002=100","17","units","0","v41691136","2.184","80.8","","","","1"
"1998-02","Canada","2016A000011124","Gasoline","2002=100","17","units","0","v41691136","2.184","79.2","","","","1"
"1998-03","Canada","2016A000011124","Gasoline","2002=100","17","units","0","v41691136","2.184","76.9","","","","1"
"1998-04","Canada","2016A000011124","Gasoline","2002=100","17","units","0","v41691136","2.184","77.7","","","","1"
"1998-05","Canada","2016A000011124","Gasoline","2002=100","17","units","0","v41691136","2.184","79.4","","","","1"
"1998-06","Canada","2016A000011124","Gasoline","2002=100","17","units","0","v41691136","2.184","79.1","","","","1"
"1998-07","Canada","2016A000011124","Gasoline","2002=100","17","units","0","v41691136","2.184","78.0","","","","1"
"1998-08","Canada","2016A000011124","Gasoline","2002=100","17","units","0","v41691136","2.184","77.0","","","","1"
"1998-09","Canada","2016A000011124","Gasoline","2002=100","17","units","0","v41691136","2.184","76.6","","","","1"
"1998-10","Canada","2016A000011124","Gasoline","2002=100","17","units","0","v41691136","2.184","78.3","","","","1"
"1998-11","Canada","2016A000011124","Gasoline","2002=100","17","units","0","v41691136","2.184","77.5","","","","1"
"1998-12","Canada","2016A000011124","Gasoline","2002=100","17","units","0","v41691136","2.184","74.2","","","","1"
"1999-01","Canada","2016A000011124","Gasoline","2002=100","17","units","0","v41691136","2.184","74.4","","","","1"
"1999-02","Canada","2016A000011124","Gasoline","2002=100","17","units","0","v41691136","2.184","73.2","","","","1"
"1999-03","Canada","2016A000011124","Gasoline","2002=100","17","units","0","v41691136","2.184","75.8","","","","1"
"1999-04","Canada","2016A000011124","Gasoline","2002=100","17","units","0","v41691136","2.184","82.3","","","","1"
"1999-05","Canada","2016A000011124","Gasoline","2002=100","17","units","0","v41691136","2.184","83.3","","","","1"
"1999-06","Canada","2016A000011124","Gasoline","2002=100","17","units","0","v41691136","2.184","82.1","","","","1"
"1999-07","Canada","2016A000011124","Gasoline","2002=100","17","units","0","v41691136","2.184","85.5","","","","1"
"1999-08","Canada","2016A000011124","Gasoline","2002=100","17","units","0","v41691136","2.184","90.8","","","","1"
"1999-09","Canada","2016A000011124","Gasoline","2002=100","17","units","0","v41691136","2.184","92.7","","","","1"
"1999-10","Canada","2016A000011124","Gasoline","2002=100","17","units","0","v41691136","2.184","93.2","","","","1"
"1999-11","Canada","2016A000011124","Gasoline","2002=100","17","units","0","v41691136","2.184","91.7","","","","1"
"1999-12","Canada","2016A000011124","Gasoline","2002=100","17","units","0","v41691136","2.184","93.9","","","","1"
"2000-01","Canada","2016A000011124","Gasoline","2002=100","17","units","0","v41691136","2.184","93.3","","","","1"
"2000-02","Canada","2016A000011124","Gasoline","2002=100","17","units","0","v41691136","2.184","96.2","","","","1"
"2000-03","Canada","2016A000011124","Gasoline","2002=100","17","units","0","v41691136","2.184","104.7","","","","1"
"2000-04","Canada","2016A000011124","Gasoline","2002=100","17","units","0","v41691136","2.184","98.8","","","","1"
"2000-05","Canada","2016A000011124","Gasoline","2002=100","17","units","0","v41691136","2.184","100.7","","","","1"
"2000-06","Canada","2016A000011124","Gasoline","2002=100","17","units","0","v41691136","2.184","107.1","","","","1"
"2000-07","Canada","2016A000011124","Gasoline","2002=100","17","units","0","v41691136","2.184","106.7","","","","1"
"2000-08","Canada","2016A000011124","Gasoline","2002=100","17","units","0","v41691136","2.184","103.0","","","","1"
"2000-09","Canada","2016A000011124","Gasoline","2002=100","17","units","0","v41691136","2.184","109.1","","","","1"
"2000-10","Canada","2016A000011124","Gasoline","2002=100","17","units","0","v41691136","2.184","108.3","","","","1"
"2000-11","Canada","2016A000011124","Gasoline","2002=100","17","units","0","v41691136","2.184","109.2","","","","1"
"2000-12","Canada","2016A000011124","Gasoline","2002=100","17","units","0","v41691136","2.184","104.8","","","","1"
"2001-01","Canada","2016A000011124","Gasoline","2002=100","17","units","0","v41691136","2.184","103.1","","","","1"
"2001-02","Canada","2016A000011124","Gasoline","2002=100","17","units","0","v41691136","2.184","103.8","","","","1"
"2001-03","Canada","2016A000011124","Gasoline","2002=100","17","units","0","v41691136","2.184","101.4","","","","1"
"2001-04","Canada","2016A000011124","Gasoline","2002=100","17","units","0","v41691136","2.184","106.9","","","","1"
"2001-05","Canada","2016A000011124","Gasoline","2002=100","17","units","0","v41691136","2.184","112.8","","","","1"
"2001-06","Canada","2016A000011124","Gasoline","2002=100","17","units","0","v41691136","2.184","108.0","","","","1"
"2001-07","Canada","2016A000011124","Gasoline","2002=100","17","units","0","v41691136","2.184","97.6","","","","1"
"2001-08","Canada","2016A000011124","Gasoline","2002=100","17","units","0","v41691136","2.184","99.0","","","","1"
"2001-09","Canada","2016A000011124","Gasoline","2002=100","17","units","0","v41691136","2.184","106.5","","","","1"
"2001-10","Canada","2016A000011124","Gasoline","2002=100","17","units","0","v41691136","2.184","98.0","","","","1"
"2001-11","Canada","2016A000011124","Gasoline","2002=100","17","units","0","v41691136","2.184","88.2","","","","1"
"2001-12","Canada","2016A000011124","Gasoline","2002=100","17","units","0","v41691136","2.184","84.5","","","","1"
"2002-01","Canada","2016A000011124","Gasoline","2002=100","17","units","0","v41691136","2.184","86.7","","","","1"
"2002-02","Canada","2016A000011124","Gasoline","2002=100","17","units","0","v41691136","2.184","87.9","","","","1"
"2002-03","Canada","2016A000011124","Gasoline","2002=100","17","units","0","v41691136","2.184","96.0","","","","1"
"2002-04","Canada","2016A000011124","Gasoline","2002=100","17","units","0","v41691136","2.184","102.5","","","","1"
"2002-05","Canada","2016A000011124","Gasoline","2002=100","17","units","0","v41691136","2.184","100.6","","","","1"
"2002-06","Canada","2016A000011124","Gasoline","2002=100","17","units","0","v41691136","2.184","99.7","","","","1"
"2002-07","Canada","2016A000011124","Gasoline","2002=100","17","units","0","v41691136","2.184","102.5","","","","1"
"2002-08","Canada","2016A000011124","Gasoline","2002=100","17","units","0","v41691136","2.184","105.0","","","","1"
"2002-09","Canada","2016A000011124","Gasoline","2002=100","17","units","0","v41691136","2.184","105.2","","","","1"
"2002-10","Canada","2016A000011124","Gasoline","2002=100","17","units","0","v41691136","2.184","106.9","","","","1"
"2002-11","Canada","2016A000011124","Gasoline","2002=100","17","units","0","v41691136","2.184","104.9","","","","1"
"2002-12","Canada","2016A000011124","Gasoline","2002=100","17","units","0","v41691136","2.184","102.2","","","","1"
"2003-01","Canada","2016A000011124","Gasoline","2002=100","17","units","0","v41691136","2.184","108.4","","","","1"
"2003-02","Canada","2016A000011124","Gasoline","2002=100","17","units","0","v41691136","2.184","116.1","","","","1"
"2003-03","Canada","2016A000011124","Gasoline","2002=100","17","units","0","v41691136","2.184","117.2","","","","1"
"2003-04","Canada","2016A000011124","Gasoline","2002=100","17","units","0","v41691136","2.184","106.7","","","","1"
"2003-05","Canada","2016A000011124","Gasoline","2002=100","17","units","0","v41691136","2.184","99.3","","","","1"
"2003-06","Canada","2016A000011124","Gasoline","2002=100","17","units","0","v41691136","2.184","100.5","","","","1"
"2003-07","Canada","2016A000011124","Gasoline","2002=100","17","units","0","v41691136","2.184","102.4","","","","1"
"2003-08","Canada","2016A000011124","Gasoline","2002=100","17","units","0","v41691136","2.184","111.6","","","","1"
"2003-09","Canada","2016A000011124","Gasoline","2002=100","17","units","0","v41691136","2.184","110.8","","","","1"
"2003-10","Canada","2016A000011124","Gasoline","2002=100","17","units","0","v41691136","2.184","103.5","","","","1"
"2003-11","Canada","2016A000011124","Gasoline","2002=100","17","units","0","v41691136","2.184","100.5","","","","1"
"2003-12","Canada","2016A000011124","Gasoline","2002=100","17","units","0","v41691136","2.184","100.0","","","","1"
"2004-01","Canada","2016A000011124","Gasoline","2002=100","17","units","0","v41691136","2.184","105.8","","","","1"
"2004-02","Canada","2016A000011124","Gasoline","2002=100","17","units","0","v41691136","2.184","109.4","","","","1"
"2004-03","Canada","2016A000011124","Gasoline","2002=100","17","units","0","v41691136","2.184","112.3","","","","1"
"2004-04","Canada","2016A000011124","Gasoline","2002=100","17","units","0","v41691136","2.184","113.9","","","","1"
"2004-05","Canada","2016A000011124","Gasoline","2002=100","17","units","0","v41691136","2.184","129.4","","","","1"
"2004-06","Canada","2016A000011124","Gasoline","2002=100","17","units","0","v41691136","2.184","125.1","","","","1"
"2004-07","Canada","2016A000011124","Gasoline","2002=100","17","units","0","v41691136","2.184","120.7","","","","1"
"2004-08","Canada","2016A000011124","Gasoline","2002=100","17","units","0","v41691136","2.184","120.3","","","","1"
"2004-09","Canada","2016A000011124","Gasoline","2002=100","17","units","0","v41691136","2.184","118.8","","","","1"
"2004-10","Canada","2016A000011124","Gasoline","2002=100","17","units","0","v41691136","2.184","124.5","","","","1"
"2004-11","Canada","2016A000011124","Gasoline","2002=100","17","units","0","v41691136","2.184","118.3","","","","1"
"2004-12","Canada","2016A000011124","Gasoline","2002=100","17","units","0","v41691136","2.184","112.1","","","","1"
"2005-01","Canada","2016A000011124","Gasoline","2002=100","17","units","0","v41691136","2.184","114.9","","","","1"
"2005-02","Canada","2016A000011124","Gasoline","2002=100","17","units","0","v41691136","2.184","118.7","","","","1"
"2005-03","Canada","2016A000011124","Gasoline","2002=100","17","units","0","v41691136","2.184","124.9","","","","1"
"2005-04","Canada","2016A000011124","Gasoline","2002=100","17","units","0","v41691136","2.184","131.4","","","","1"
"2005-05","Canada","2016A000011124","Gasoline","2002=100","17","units","0","v41691136","2.184","127.3","","","","1"
"2005-06","Canada","2016A000011124","Gasoline","2002=100","17","units","0","v41691136","2.184","130.4","","","","1"
"2005-07","Canada","2016A000011124","Gasoline","2002=100","17","units","0","v41691136","2.184","135.5","","","","1"
"2005-08","Canada","2016A000011124","Gasoline","2002=100","17","units","0","v41691136","2.184","144.4","","","","1"
"2005-09","Canada","2016A000011124","Gasoline","2002=100","17","units","0","v41691136","2.184","160.0","","","","1"
"2005-10","Canada","2016A000011124","Gasoline","2002=100","17","units","0","v41691136","2.184","145.7","","","","1"
"2005-11","Canada","2016A000011124","Gasoline","2002=100","17","units","0","v41691136","2.184","129.4","","","","1"
"2005-12","Canada","2016A000011124","Gasoline","2002=100","17","units","0","v41691136","2.184","128.6","","","","1"
"2006-01","Canada","2016A000011124","Gasoline","2002=100","17","units","0","v41691136","2.184","136.9","","","","1"
"2006-02","Canada","2016A000011124","Gasoline","2002=100","17","units","0","v41691136","2.184","127.6","","","","1"
"2006-03","Canada","2016A000011124","Gasoline","2002=100","17","units","0","v41691136","2.184","134.1","","","","1"
"2006-04","Canada","2016A000011124","Gasoline","2002=100","17","units","0","v41691136","2.184","152.2","","","","1"
"2006-05","Canada","2016A000011124","Gasoline","2002=100","17","units","0","v41691136","2.184","151.0","","","","1"
"2006-06","Canada","2016A000011124","Gasoline","2002=100","17","units","0","v41691136","2.184","150.5","","","","1"
"2006-07","Canada","2016A000011124","Gasoline","2002=100","17","units","0","v41691136","2.184","157.3","","","","1"
"2006-08","Canada","2016A000011124","Gasoline","2002=100","17","units","0","v41691136","2.184","157.5","","","","1"
"2006-09","Canada","2016A000011124","Gasoline","2002=100","17","units","0","v41691136","2.184","130.0","","","","1"
"2006-10","Canada","2016A000011124","Gasoline","2002=100","17","units","0","v41691136","2.184","124.8","","","","1"
"2006-11","Canada","2016A000011124","Gasoline","2002=100","17","units","0","v41691136","2.184","125.3","","","","1"
"2006-12","Canada","2016A000011124","Gasoline","2002=100","17","units","0","v41691136","2.184","130.5","","","","1"
"2007-01","Canada","2016A000011124","Gasoline","2002=100","17","units","0","v41691136","2.184","126.4","","","","1"
"2007-02","Canada","2016A000011124","Gasoline","2002=100","17","units","0","v41691136","2.184","131.3","","","","1"
"2007-03","Canada","2016A000011124","Gasoline","2002=100","17","units","0","v41691136","2.184","147.6","","","","1"
"2007-04","Canada","2016A000011124","Gasoline","2002=100","17","units","0","v41691136","2.184","151.4","","","","1"
"2007-05","Canada","2016A000011124","Gasoline","2002=100","17","units","0","v41691136","2.184","159.7","","","","1"
"2007-06","Canada","2016A000011124","Gasoline","2002=100","17","units","0","v41691136","2.184","153.1","","","","1"
"2007-07","Canada","2016A000011124","Gasoline","2002=100","17","units","0","v41691136","2.184","152.9","","","","1"
"2007-08","Canada","2016A000011124","Gasoline","2002=100","17","units","0","v41691136","2.184","145.4","","","","1"
"2007-09","Canada","2016A000011124","Gasoline","2002=100","17","units","0","v41691136","2.184","146.5","","","","1"
"2007-10","Canada","2016A000011124","Gasoline","2002=100","17","units","0","v41691136","2.184","141.7","","","","1"
"2007-11","Canada","2016A000011124","Gasoline","2002=100","17","units","0","v41691136","2.184","147.4","","","","1"
"2007-12","Canada","2016A000011124","Gasoline","2002=100","17","units","0","v41691136","2.184","149.9","","","","1"
"2008-01","Canada","2016A000011124","Gasoline","2002=100","17","units","0","v41691136","2.184","152.8","","","","1"
"2008-02","Canada","2016A000011124","Gasoline","2002=100","17","units","0","v41691136","2.184","153.7","","","","1"
"2008-03","Canada","2016A000011124","Gasoline","2002=100","17","units","0","v41691136","2.184","159.3","","","","1"
"2008-04","Canada","2016A000011124","Gasoline","2002=100","17","units","0","v41691136","2.184","168.9","","","","1"
"2008-05","Canada","2016A000011124","Gasoline","2002=100","17","units","0","v41691136","2.184","183.7","","","","1"
"2008-06","Canada","2016A000011124","Gasoline","2002=100","17","units","0","v41691136","2.184","194.3","","","","1"
"2008-07","Canada","2016A000011124","Gasoline","2002=100","17","units","0","v41691136","2.184","196.7","","","","1"
"2008-08","Canada","2016A000011124","Gasoline","2002=100","17","units","0","v41691136","2.184","183.7","","","","1"
"2008-09","Canada","2016A000011124","Gasoline","2002=100","17","units","0","v41691136","2.184","185.3","","","","1"
"2008-10","Canada","2016A000011124","Gasoline","2002=100","17","units","0","v41691136","2.184","160.5","","","","1"
"2008-11","Canada","2016A000011124","Gasoline","2002=100","17","units","0","v41691136","2.184","126.2","","","","1"
"2008-12","Canada","2016A000011124","Gasoline","2002=100","17","units","0","v41691136","2.184","111.3","","","","1"
"2009-01","Canada","2016A000011124","Gasoline","2002=100","17","units","0","v41691136","2.184","116.9","","","","1"
"2009-02","Canada","2016A000011124","Gasoline","2002=100","17","units","0","v41691136","2.184","123.4","","","","1"
"2009-03","Canada","2016A000011124","Gasoline","2002=100","17","units","0","v41691136","2.184","125.9","","","","1"
"2009-04","Canada","2016A000011124","Gasoline","2002=100","17","units","0","v41691136","2.184","127.1","","","","1"
"2009-05","Canada","2016A000011124","Gasoline","2002=100","17","units","0","v41691136","2.184","137.6","","","","1"
"2009-06","Canada","2016A000011124","Gasoline","2002=100","17","units","0","v41691136","2.184","147.0","","","","1"
"2009-07","Canada","2016A000011124","Gasoline","2002=100","17","units","0","v41691136","2.184","141.0","","","","1"
"2009-08","Canada","2016A000011124","Gasoline","2002=100","17","units","0","v41691136","2.184","144.7","","","","1"
"2009-09","Canada","2016A000011124","Gasoline","2002=100","17","units","0","v41691136","2.184","142.6","","","","1"
"2009-10","Canada","2016A000011124","Gasoline","2002=100","17","units","0","v41691136","2.184","139.5","","","","1"
"2009-11","Canada","2016A000011124","Gasoline","2002=100","17","units","0","v41691136","2.184","144.0","","","","1"
"2009-12","Canada","2016A000011124","Gasoline","2002=100","17","units","0","v41691136","2.184","139.8","","","","1"
"2010-01","Canada","2016A000011124","Gasoline","2002=100","17","units","0","v41691136","2.184","144.8","","","","1"
"2010-02","Canada","2016A000011124","Gasoline","2002=100","17","units","0","v41691136","2.184","142.3","","","","1"
"2010-03","Canada","2016A000011124","Gasoline","2002=100","17","units","0","v41691136","2.184","147.6","","","","1"
"2010-04","Canada","2016A000011124","Gasoline","2002=100","17","units","0","v41691136","2.184","147.8","","","","1"
"2010-05","Canada","2016A000011124","Gasoline","2002=100","17","units","0","v41691136","2.184","147.1","","","","1"
"2010-06","Canada","2016A000011124","Gasoline","2002=100","17","units","0","v41691136","2.184","142.8","","","","1"
"2010-07","Canada","2016A000011124","Gasoline","2002=100","17","units","0","v41691136","2.184","147.8","","","","1"
"2010-08","Canada","2016A000011124","Gasoline","2002=100","17","units","0","v41691136","2.184","147.4","","","","1"
"2010-09","Canada","2016A000011124","Gasoline","2002=100","17","units","0","v41691136","2.184","147.0","","","","1"
"2010-10","Canada","2016A000011124","Gasoline","2002=100","17","units","0","v41691136","2.184","151.8","","","","1"
"2010-11","Canada","2016A000011124","Gasoline","2002=100","17","units","0","v41691136","2.184","154.4","","","","1"
"2010-12","Canada","2016A000011124","Gasoline","2002=100","17","units","0","v41691136","2.184","158.0","","","","1"
"2011-01","Canada","2016A000011124","Gasoline","2002=100","17","units","0","v41691136","2.184","163.6","","","","1"
"2011-02","Canada","2016A000011124","Gasoline","2002=100","17","units","0","v41691136","2.184","164.6","","","","1"
"2011-03","Canada","2016A000011124","Gasoline","2002=100","17","units","0","v41691136","2.184","175.5","","","","1"
"2011-04","Canada","2016A000011124","Gasoline","2002=100","17","units","0","v41691136","2.184","186.8","","","","1"
"2011-05","Canada","2016A000011124","Gasoline","2002=100","17","units","0","v41691136","2.184","190.5","","","","1"
"2011-06","Canada","2016A000011124","Gasoline","2002=100","17","units","0","v41691136","2.184","183.5","","","","1"
"2011-07","Canada","2016A000011124","Gasoline","2002=100","17","units","0","v41691136","2.184","182.5","","","","1"
"2011-08","Canada","2016A000011124","Gasoline","2002=100","17","units","0","v41691136","2.184","181.0","","","","1"
"2011-09","Canada","2016A000011124","Gasoline","2002=100","17","units","0","v41691136","2.184","180.4","","","","1"
"2011-10","Canada","2016A000011124","Gasoline","2002=100","17","units","0","v41691136","2.184","179.4","","","","1"
"2011-11","Canada","2016A000011124","Gasoline","2002=100","17","units","0","v41691136","2.184","175.2","","","","1"
"2011-12","Canada","2016A000011124","Gasoline","2002=100","17","units","0","v41691136","2.184","170.0","","","","1"
"2012-01","Canada","2016A000011124","Gasoline","2002=100","17","units","0","v41691136","2.184","174.7","","","","1"
"2012-02","Canada","2016A000011124","Gasoline","2002=100","17","units","0","v41691136","2.184","179.2","","","","1"
"2012-03","Canada","2016A000011124","Gasoline","2002=100","17","units","0","v41691136","2.184","187.0","","","","1"
"2012-04","Canada","2016A000011124","Gasoline","2002=100","17","units","0","v41691136","2.184","192.9","","","","1"
"2012-05","Canada","2016A000011124","Gasoline","2002=100","17","units","0","v41691136","2.184","186.1","","","","1"
"2012-06","Canada","2016A000011124","Gasoline","2002=100","17","units","0","v41691136","2.184","180.2","","","","1"
"2012-07","Canada","2016A000011124","Gasoline","2002=100","17","units","0","v41691136","2.184","180.1","","","","1"
"2012-08","Canada","2016A000011124","Gasoline","2002=100","17","units","0","v41691136","2.184","184.9","","","","1"
"2012-09","Canada","2016A000011124","Gasoline","2002=100","17","units","0","v41691136","2.184","188.8","","","","1"
"2012-10","Canada","2016A000011124","Gasoline","2002=100","17","units","0","v41691136","2.184","186.6","","","","1"
"2012-11","Canada","2016A000011124","Gasoline","2002=100","17","units","0","v41691136","2.184","175.9","","","","1"
"2012-12","Canada","2016A000011124","Gasoline","2002=100","17","units","0","v41691136","2.184","171.7","","","","1"
"2013-01","Canada","2016A000011124","Gasoline","2002=100","17","units","0","v41691136","2.184","171.6","","","","1"
"2013-02","Canada","2016A000011124","Gasoline","2002=100","17","units","0","v41691136","2.184","186.1","","","","1"
"2013-03","Canada","2016A000011124","Gasoline","2002=100","17","units","0","v41691136","2.184","186.5","","","","1"
"2013-04","Canada","2016A000011124","Gasoline","2002=100","17","units","0","v41691136","2.184","181.3","","","","1"
"2013-05","Canada","2016A000011124","Gasoline","2002=100","17","units","0","v41691136","2.184","183.3","","","","1"
"2013-06","Canada","2016A000011124","Gasoline","2002=100","17","units","0","v41691136","2.184","188.5","","","","1"
"2013-07","Canada","2016A000011124","Gasoline","2002=100","17","units","0","v41691136","2.184","191.0","","","","1"
"2013-08","Canada","2016A000011124","Gasoline","2002=100","17","units","0","v41691136","2.184","189.0","","","","1"
"2013-09","Canada","2016A000011124","Gasoline","2002=100","17","units","0","v41691136","2.184","188.2","","","","1"
"2013-10","Canada","2016A000011124","Gasoline","2002=100","17","units","0","v41691136","2.184","178.6","","","","1"
"2013-11","Canada","2016A000011124","Gasoline","2002=100","17","units","0","v41691136","2.184","176.6","","","","1"
"2013-12","Canada","2016A000011124","Gasoline","2002=100","17","units","0","v41691136","2.184","179.7","","","","1"
"2014-01","Canada","2016A000011124","Gasoline","2002=100","17","units","0","v41691136","2.184","179.5","","","","1"
"2014-02","Canada","2016A000011124","Gasoline","2002=100","17","units","0","v41691136","2.184","183.7","","","","1"
"2014-03","Canada","2016A000011124","Gasoline","2002=100","17","units","0","v41691136","2.184","189.2","","","","1"
"2014-04","Canada","2016A000011124","Gasoline","2002=100","17","units","0","v41691136","2.184","193.2","","","","1"
"2014-05","Canada","2016A000011124","Gasoline","2002=100","17","units","0","v41691136","2.184","194.8","","","","1"
"2014-06","Canada","2016A000011124","Gasoline","2002=100","17","units","0","v41691136","2.184","198.7","","","","1"
"2014-07","Canada","2016A000011124","Gasoline","2002=100","17","units","0","v41691136","2.184","195.0","","","","1"
"2014-08","Canada","2016A000011124","Gasoline","2002=100","17","units","0","v41691136","2.184","188.8","","","","1"
"2014-09","Canada","2016A000011124","Gasoline","2002=100","17","units","0","v41691136","2.184","187.2","","","","1"
"2014-10","Canada","2016A000011124","Gasoline","2002=100","17","units","0","v41691136","2.184","179.7","","","","1"
"2014-11","Canada","2016A000011124","Gasoline","2002=100","17","units","0","v41691136","2.184","166.2","","","","1"
"2014-12","Canada","2016A000011124","Gasoline","2002=100","17","units","0","v41691136","2.184","149.9","","","","1"
"2015-01","Canada","2016A000011124","Gasoline","2002=100","17","units","0","v41691136","2.184","131.3","","","","1"
"2015-02","Canada","2016A000011124","Gasoline","2002=100","17","units","0","v41691136","2.184","143.7","","","","1"
"2015-03","Canada","2016A000011124","Gasoline","2002=100","17","units","0","v41691136","2.184","152.8","","","","1"
"2015-04","Canada","2016A000011124","Gasoline","2002=100","17","units","0","v41691136","2.184","152.6","","","","1"
"2015-05","Canada","2016A000011124","Gasoline","2002=100","17","units","0","v41691136","2.184","161.0","","","","1"
"2015-06","Canada","2016A000011124","Gasoline","2002=100","17","units","0","v41691136","2.184","170.6","","","","1"
"2015-07","Canada","2016A000011124","Gasoline","2002=100","17","units","0","v41691136","2.184","171.3","","","","1"
"2015-08","Canada","2016A000011124","Gasoline","2002=100","17","units","0","v41691136","2.184","165.1","","","","1"
"2015-09","Canada","2016A000011124","Gasoline","2002=100","17","units","0","v41691136","2.184","152.1","","","","1"
"2015-10","Canada","2016A000011124","Gasoline","2002=100","17","units","0","v41691136","2.184","149.0","","","","1"
"2015-11","Canada","2016A000011124","Gasoline","2002=100","17","units","0","v41691136","2.184","148.6","","","","1"
"2015-12","Canada","2016A000011124","Gasoline","2002=100","17","units","0","v41691136","2.184","142.7","","","","1"
"2016-01","Canada","2016A000011124","Gasoline","2002=100","17","units","0","v41691136","2.184","134.1","","","","1"
"2016-02","Canada","2016A000011124","Gasoline","2002=100","17","units","0","v41691136","2.184","124.9","","","","1"
"2016-03","Canada","2016A000011124","Gasoline","2002=100","17","units","0","v41691136","2.184","132.0","","","","1"
"2016-04","Canada","2016A000011124","Gasoline","2002=100","17","units","0","v41691136","2.184","143.7","","","","1"
"2016-05","Canada","2016A000011124","Gasoline","2002=100","17","units","0","v41691136","2.184","149.6","","","","1"
"2016-06","Canada","2016A000011124","Gasoline","2002=100","17","units","0","v41691136","2.184","156.1","","","","1"
"2016-07","Canada","2016A000011124","Gasoline","2002=100","17","units","0","v41691136","2.184","147.4","","","","1"
"2016-08","Canada","2016A000011124","Gasoline","2002=100","17","units","0","v41691136","2.184","146.1","","","","1"
"2016-09","Canada","2016A000011124","Gasoline","2002=100","17","units","0","v41691136","2.184","147.3","","","","1"
"2016-10","Canada","2016A000011124","Gasoline","2002=100","17","units","0","v41691136","2.184","152.7","","","","1"
"2016-11","Canada","2016A000011124","Gasoline","2002=100","17","units","0","v41691136","2.184","146.1","","","","1"
"2016-12","Canada","2016A000011124","Gasoline","2002=100","17","units","0","v41691136","2.184","150.6","","","","1"
"2017-01","Canada","2016A000011124","Gasoline","2002=100","17","units","0","v41691136","2.184","161.7","","","","1"
"2017-02","Canada","2016A000011124","Gasoline","2002=100","17","units","0","v41691136","2.184","153.7","","","","1"
"2017-03","Canada","2016A000011124","Gasoline","2002=100","17","units","0","v41691136","2.184","152.0","","","","1"
"2017-04","Canada","2016A000011124","Gasoline","2002=100","17","units","0","v41691136","2.184","166.5","","","","1"
"2017-05","Canada","2016A000011124","Gasoline","2002=100","17","units","0","v41691136","2.184","159.8","","","","1"
"2017-06","Canada","2016A000011124","Gasoline","2002=100","17","units","0","v41691136","2.184","153.9","","","","1"
"2017-07","Canada","2016A000011124","Gasoline","2002=100","17","units","0","v41691136","2.184","154.2","","","","1"
"2017-08","Canada","2016A000011124","Gasoline","2002=100","17","units","0","v41691136","2.184","158.7","","","","1"
"2017-09","Canada","2016A000011124","Gasoline","2002=100","17","units","0","v41691136","2.184","168.1","","","","1"
"2017-10","Canada","2016A000011124","Gasoline","2002=100","17","units","0","v41691136","2.184","162.7","","","","1"
"2017-11","Canada","2016A000011124","Gasoline","2002=100","17","units","0","v41691136","2.184","174.7","","","","1"
"2017-12","Canada","2016A000011124","Gasoline","2002=100","17","units","0","v41691136","2.184","168.9","","","","1"
"2018-01","Canada","2016A000011124","Gasoline","2002=100","17","units","0","v41691136","2.184","174.3","","","","1"
"2018-02","Canada","2016A000011124","Gasoline","2002=100","17","units","0","v41691136","2.184","173.0","","","","1"
"2018-03","Canada","2016A000011124","Gasoline","2002=100","17","units","0","v41691136","2.184","178.0","","","","1"
"2018-04","Canada","2016A000011124","Gasoline","2002=100","17","units","0","v41691136","2.184","190.1","","","","1"
"2018-05","Canada","2016A000011124","Gasoline","2002=100","17","units","0","v41691136","2.184","196.4","","","","1"
"2018-06","Canada","2016A000011124","Gasoline","2002=100","17","units","0","v41691136","2.184","191.8","","","","1"
"2018-07","Canada","2016A000011124","Gasoline","2002=100","17","units","0","v41691136","2.184","193.3","","","","1"
"2018-08","Canada","2016A000011124","Gasoline","2002=100","17","units","0","v41691136","2.184","190.3","","","","1"
"2018-09","Canada","2016A000011124","Gasoline","2002=100","17","units","0","v41691136","2.184","188.3","","","","1"
"2018-10","Canada","2016A000011124","Gasoline","2002=100","17","units","0","v41691136","2.184","182.3","","","","1"
"2018-11","Canada","2016A000011124","Gasoline","2002=100","17","units","0","v41691136","2.184","165.2","","","","1"
"2018-12","Canada","2016A000011124","Gasoline","2002=100","17","units","0","v41691136","2.184","154.4","","","","1"
"2019-01","Canada","2016A000011124","Gasoline","2002=100","17","units","0","v41691136","2.184","149.6","","","","1"
"2019-02","Canada","2016A000011124","Gasoline","2002=100","17","units","0","v41691136","2.184","152.4","","","","1"
"2019-03","Canada","2016A000011124","Gasoline","2002=100","17","units","0","v41691136","2.184","170.1","","","","1"
"2019-04","Canada","2016A000011124","Gasoline","2002=100","17","units","0","v41691136","2.184","187.1","","","","1"
"2019-05","Canada","2016A000011124","Gasoline","2002=100","17","units","0","v41691136","2.184","189.2","","","","1"
"2019-06","Canada","2016A000011124","Gasoline","2002=100","17","units","0","v41691136","2.184","174.1","","","","1"
"2019-07","Canada","2016A000011124","Gasoline","2002=100","17","units","0","v41691136","2.184","179.9","","","","1"
"2019-08","Canada","2016A000011124","Gasoline","2002=100","17","units","0","v41691136","2.184","170.9","","","","1"
"2019-09","Canada","2016A000011124","Gasoline","2002=100","17","units","0","v41691136","2.184","169.5","","","","1"
"2019-10","Canada","2016A000011124","Gasoline","2002=100","17","units","0","v41691136","2.184","170.1","","","","1"
"2019-11","Canada","2016A000011124","Gasoline","2002=100","17","units","0","v41691136","2.184","166.7","","","","1"
"2019-12","Canada","2016A000011124","Gasoline","2002=100","17","units","0","v41691136","2.184","165.8","","","","1"
"2020-01","Canada","2016A000011124","Gasoline","2002=100","17","units","0","v41691136","2.184","166.4","","","","1"
"2020-02","Canada","2016A000011124","Gasoline","2002=100","17","units","0","v41691136","2.184","163.1","","","","1"
"2020-03","Canada","2016A000011124","Gasoline","2002=100","17","units","0","v41691136","2.184","134.0","","","","1"
"2020-04","Canada","2016A000011124","Gasoline","2002=100","17","units","0","v41691136","2.184","113.6","","","","1"
"2020-05","Canada","2016A000011124","Gasoline","2002=100","17","units","0","v41691136","2.184","132.8","","","","1"
"2020-06","Canada","2016A000011124","Gasoline","2002=100","17","units","0","v41691136","2.184","146.7","","","","1"
"2020-07","Canada","2016A000011124","Gasoline","2002=100","17","units","0","v41691136","2.184","153.1","","","","1"
"2020-08","Canada","2016A000011124","Gasoline","2002=100","17","units","0","v41691136","2.184","151.9","","","","1"
"2020-09","Canada","2016A000011124","Gasoline","2002=100","17","units","0","v41691136","2.184","151.3","","","","1"
"2020-10","Canada","2016A000011124","Gasoline","2002=100","17","units","0","v41691136","2.184","149.0","","","","1"
"2020-11","Canada","2016A000011124","Gasoline","2002=100","17","units","0","v41691136","2.184","146.8","","","","1"
"2020-12","Canada","2016A000011124","Gasoline","2002=100","17","units","0","v41691136","2.184","151.7","","","","1"
"2021-01","Canada","2016A000011124","Gasoline","2002=100","17","units","0","v41691136","2.184","160.9","","","","1"
"2021-02","Canada","2016A000011124","Gasoline","2002=100","17","units","0","v41691136","2.184","171.3","","","","1"
"2021-03","Canada","2016A000011124","Gasoline","2002=100","17","units","0","v41691136","2.184","181.3","","","","1"
"2021-04","Canada","2016A000011124","Gasoline","2002=100","17","units","0","v41691136","2.184","184.6","","","","1"
"2021-05","Canada","2016A000011124","Gasoline","2002=100","17","units","0","v41691136","2.184","190.5","","","","1"
"2021-06","Canada","2016A000011124","Gasoline","2002=100","17","units","0","v41691136","2.184","193.6","","","","1"
"2021-07","Canada","2016A000011124","Gasoline","2002=100","17","units","0","v41691136","2.184","200.4","","","","1"
"2021-08","Canada","2016A000011124","Gasoline","2002=100","17","units","0","v41691136","2.184","201.3","","","","1"
"2021-09","Canada","2016A000011124","Gasoline","2002=100","17","units","0","v41691136","2.184","201.0","","","","1"
"2021-10","Canada","2016A000011124","Gasoline","2002=100","17","units","0","v41691136","2.184","211.1","","","","1"
"2021-11","Canada","2016A000011124","Gasoline","2002=100","17","units","0","v41691136","2.184","210.8","","","","1"
"2021-12","Canada","2016A000011124","Gasoline","2002=100","17","units","0","v41691136","2.184","202.2","","","","1"
"2022-01","Canada","2016A000011124","Gasoline","2002=100","17","units","0","v41691136","2.184","211.9","","","","1"
"2022-02","Canada","2016A000011124","Gasoline","2002=100","17","units","0","v41691136","2.184","226.6","","","","1"
"2022-03","Canada","2016A000011124","Gasoline","2002=100","17","units","0","v41691136","2.184","253.4","","","","1"
"2022-04","Canada","2016A000011124","Gasoline","2002=100","17","units","0","v41691136","2.184","251.7","","","","1"
"2022-05","Canada","2016A000011124","Gasoline","2002=100","17","units","0","v41691136","2.184","281.9","","","","1"
"2022-06","Canada","2016A000011124","Gasoline","2002=100","17","units","0","v41691136","2.184","299.4","","","","1"
"2022-07","Canada","2016A000011124","Gasoline","2002=100","17","units","0","v41691136","2.184","271.8","","","","1"
"2022-08","Canada","2016A000011124","Gasoline","2002=100","17","units","0","v41691136","2.184","245.8","","","","1"
"2022-09","Canada","2016A000011124","Gasoline","2002=100","17","units","0","v41691136","2.184","227.6","","","","1"
"2022-10","Canada","2016A000011124","Gasoline","2002=100","17","units","0","v41691136","2.184","248.6","","","","1"
"2022-11","Canada","2016A000011124","Gasoline","2002=100","17","units","0","v41691136","2.184","239.6","","","","1"
"2022-12","Canada","2016A000011124","Gasoline","2002=100","17","units","0","v41691136","2.184","208.3","","","","1"
"2023-01","Canada","2016A000011124","Gasoline","2002=100","17","units","0","v41691136","2.184","218.1","","","","1"
"2023-02","Canada","2016A000011124","Gasoline","2002=100","17","units","0","v41691136","2.184","215.9","","","","1"
"2023-03","Canada","2016A000011124","Gasoline","2002=100","17","units","0","v41691136","2.184","218.4","","","","1"
"2023-04","Canada","2016A000011124","Gasoline","2002=100","17","units","0","v41691136","2.184","232.2","","","","1"
"2023-05","Canada","2016A000011124","Gasoline","2002=100","17","units","0","v41691136","2.184","230.3","","","","1"
"2023-06","Canada","2016A000011124","Gasoline","2002=100","17","units","0","v41691136","2.184","234.7","","","","1"
"2023-07","Canada","2016A000011124","Gasoline","2002=100","17","units","0","v41691136","2.184","236.8","","","","1"
"2023-08","Canada","2016A000011124","Gasoline","2002=100","17","units","0","v41691136","2.184","247.8","","","","1"
"2023-09","Canada","2016A000011124","Gasoline","2002=100","17","units","0","v41691136","2.184","244.7","","","","1"
"2023-10","Canada","2016A000011124","Gasoline","2002=100","17","units","0","v41691136","2.184","229.1","","","","1"
"2023-11","Canada","2016A000011124","Gasoline","2002=100","17","units","0","v41691136","2.184","221.1","","","","1"
"2023-12","Canada","2016A000011124","Gasoline","2002=100","17","units","0","v41691136","2.184","211.3","","","","1"
"2024-01","Canada","2016A000011124","Gasoline","2002=100","17","units","0","v41691136","2.184","209.3","","","","1"
"2024-02","Canada","2016A000011124","Gasoline","2002=100","17","units","0","v41691136","2.184","217.7","","","","1"
"2024-03","Canada","2016A000011124","Gasoline","2002=100","17","units","0","v41691136","2.184","228.3","","","","1"
"2024-04","Canada","2016A000011124","Gasoline","2002=100","17","units","0","v41691136","2.184","246.3","","","","1"
"2024-05","Canada","2016A000011124","Gasoline","2002=100","17","units","0","v41691136","2.184","243.2","","","","1"
"2024-06","Canada","2016A000011124","Gasoline","2002=100","17","units","0","v41691136","2.184","235.7","","","","1"
"2024-07","Canada","2016A000011124","Gasoline","2002=100","17","units","0","v41691136","2.184","241.4","","","","1"
"2024-08","Canada","2016A000011124","Gasoline","2002=100","17","units","0","v41691136","2.184","235.2","","","","1"
"2024-09","Canada","2016A000011124","Gasoline","2002=100","17","units","0","v41691136","2.184","218.4","","","","1"
"2024-10","Canada","2016A000011124","Gasoline","2002=100","17","units","0","v41691136","2.184","220.0","","","","1"
"2024-11","Canada","2016A000011124","Gasoline","2002=100","17","units","0","v41691136","2.184","220.1","","","","1"
"2024-12","Canada","2016A000011124","Gasoline","2002=100","17","units","0","v41691136","2.184","218.7","","","","1"
"2025-01","Canada","2016A000011124","Gasoline","2002=100","17","units","0","v41691136","2.184","227.4","","","","1"
"2025-02","Canada","2016A000011124","Gasoline","2002=100","17","units","0","v41691136","2.184","228.8","","","","1"
"2025-03","Canada","2016A000011124","Gasoline","2002=100","17","units","0","v41691136","2.184","224.7","","","","1"
"2025-04","Canada","2016A000011124","Gasoline","2002=100","17","units","0","v41691136","2.184","201.7","","","","1"
"2025-05","Canada","2016A000011124","Gasoline","2002=100","17","units","0","v41691136","2.184","205.5","","","","1"
"2025-06","Canada","2016A000011124","Gasoline","2002=100","17","units","0","v41691136","2.184","204.0","","","","1"
"2025-07","Canada","2016A000011124","Gasoline","2002=100","17","units","0","v41691136","2.184","202.5","","","","1"
"2025-08","Canada","2016A000011124","Gasoline","2002=100","17","units","0","v41691136","2.184","205.4","","","","1"
"2025-09","Canada","2016A000011124","Gasoline","2002=100","17","units","0","v41691136","2.184","209.4","","","","1"
"2025-10","Canada","2016A000011124","Gasoline","2002=100","17","units","0","v41691136","2.184","199.4","","","","1"
"2025-11","Canada","2016A000011124","Gasoline","2002=100","17","units","0","v41691136","2.184","203.0","","","","1"
"1990-01","Canada","2016A000011124","Health and personal care","2002=100","17","units","0","v41691153","2.201","77.1","","","","1"
"1990-02","Canada","2016A000011124","Health and personal care","2002=100","17","units","0","v41691153","2.201","77.5","","","","1"
"1990-03","Canada","2016A000011124","Health and personal care","2002=100","17","units","0","v41691153","2.201","77.8","","","","1"
"1990-04","Canada","2016A000011124","Health and personal care","2002=100","17","units","0","v41691153","2.201","78.7","","","","1"
"1990-05","Canada","2016A000011124","Health and personal care","2002=100","17","units","0","v41691153","2.201","79.4","","","","1"
"1990-06","Canada","2016A000011124","Health and personal care","2002=100","17","units","0","v41691153","2.201","79.3","","","","1"
"1990-07","Canada","2016A000011124","Health and personal care","2002=100","17","units","0","v41691153","2.201","79.5","","","","1"
"1990-08","Canada","2016A000011124","Health and personal care","2002=100","17","units","0","v41691153","2.201","79.7","","","","1"
"1990-09","Canada","2016A000011124","Health and personal care","2002=100","17","units","0","v41691153","2.201","79.8","","","","1"
"1990-10","Canada","2016A000011124","Health and personal care","2002=100","17","units","0","v41691153","2.201","79.9","","","","1"
"1990-11","Canada","2016A000011124","Health and personal care","2002=100","17","units","0","v41691153","2.201","80.1","","","","1"
"1990-12","Canada","2016A000011124","Health and personal care","2002=100","17","units","0","v41691153","2.201","80.5","","","","1"
"1991-01","Canada","2016A000011124","Health and personal care","2002=100","17","units","0","v41691153","2.201","84.2","","","","1"
"1991-02","Canada","2016A000011124","Health and personal care","2002=100","17","units","0","v41691153","2.201","84.2","","","","1"
"1991-03","Canada","2016A000011124","Health and personal care","2002=100","17","units","0","v41691153","2.201","84.2","","","","1"
"1991-04","Canada","2016A000011124","Health and personal care","2002=100","17","units","0","v41691153","2.201","84.8","","","","1"
"1991-05","Canada","2016A000011124","Health and personal care","2002=100","17","units","0","v41691153","2.201","84.9","","","","1"
"1991-06","Canada","2016A000011124","Health and personal care","2002=100","17","units","0","v41691153","2.201","85.0","","","","1"
"1991-07","Canada","2016A000011124","Health and personal care","2002=100","17","units","0","v41691153","2.201","85.0","","","","1"
"1991-08","Canada","2016A000011124","Health and personal care","2002=100","17","units","0","v41691153","2.201","84.9","","","","1"
"1991-09","Canada","2016A000011124","Health and personal care","2002=100","17","units","0","v41691153","2.201","84.8","","","","1"
"1991-10","Canada","2016A000011124","Health and personal care","2002=100","17","units","0","v41691153","2.201","84.4","","","","1"
"1991-11","Canada","2016A000011124","Health and personal care","2002=100","17","units","0","v41691153","2.201","84.9","","","","1"
"1991-12","Canada","2016A000011124","Health and personal care","2002=100","17","units","0","v41691153","2.201","84.9","","","","1"
"1992-01","Canada","2016A000011124","Health and personal care","2002=100","17","units","0","v41691153","2.201","85.4","","","","1"
"1992-02","Canada","2016A000011124","Health and personal care","2002=100","17","units","0","v41691153","2.201","85.2","","","","1"
"1992-03","Canada","2016A000011124","Health and personal care","2002=100","17","units","0","v41691153","2.201","85.4","","","","1"
"1992-04","Canada","2016A000011124","Health and personal care","2002=100","17","units","0","v41691153","2.201","86.4","","","","1"
"1992-05","Canada","2016A000011124","Health and personal care","2002=100","17","units","0","v41691153","2.201","86.4","","","","1"
"1992-06","Canada","2016A000011124","Health and personal care","2002=100","17","units","0","v41691153","2.201","86.4","","","","1"
"1992-07","Canada","2016A000011124","Health and personal care","2002=100","17","units","0","v41691153","2.201","87.1","","","","1"
"1992-08","Canada","2016A000011124","Health and personal care","2002=100","17","units","0","v41691153","2.201","87.2","","","","1"
"1992-09","Canada","2016A000011124","Health and personal care","2002=100","17","units","0","v41691153","2.201","87.2","","","","1"
"1992-10","Canada","2016A000011124","Health and personal care","2002=100","17","units","0","v41691153","2.201","87.3","","","","1"
"1992-11","Canada","2016A000011124","Health and personal care","2002=100","17","units","0","v41691153","2.201","87.5","","","","1"
"1992-12","Canada","2016A000011124","Health and personal care","2002=100","17","units","0","v41691153","2.201","87.5","","","","1"
"1993-01","Canada","2016A000011124","Health and personal care","2002=100","17","units","0","v41691153","2.201","87.9","","","","1"
"1993-02","Canada","2016A000011124","Health and personal care","2002=100","17","units","0","v41691153","2.201","88.1","","","","1"
"1993-03","Canada","2016A000011124","Health and personal care","2002=100","17","units","0","v41691153","2.201","88.1","","","","1"
"1993-04","Canada","2016A000011124","Health and personal care","2002=100","17","units","0","v41691153","2.201","88.8","","","","1"
"1993-05","Canada","2016A000011124","Health and personal care","2002=100","17","units","0","v41691153","2.201","89.0","","","","1"
"1993-06","Canada","2016A000011124","Health and personal care","2002=100","17","units","0","v41691153","2.201","88.9","","","","1"
"1993-07","Canada","2016A000011124","Health and personal care","2002=100","17","units","0","v41691153","2.201","89.0","","","","1"
"1993-08","Canada","2016A000011124","Health and personal care","2002=100","17","units","0","v41691153","2.201","89.2","","","","1"
"1993-09","Canada","2016A000011124","Health and personal care","2002=100","17","units","0","v41691153","2.201","89.3","","","","1"
"1993-10","Canada","2016A000011124","Health and personal care","2002=100","17","units","0","v41691153","2.201","89.6","","","","1"
"1993-11","Canada","2016A000011124","Health and personal care","2002=100","17","units","0","v41691153","2.201","89.4","","","","1"
"1993-12","Canada","2016A000011124","Health and personal care","2002=100","17","units","0","v41691153","2.201","89.4","","","","1"
"1994-01","Canada","2016A000011124","Health and personal care","2002=100","17","units","0","v41691153","2.201","89.7","","","","1"
"1994-02","Canada","2016A000011124","Health and personal care","2002=100","17","units","0","v41691153","2.201","90.1","","","","1"
"1994-03","Canada","2016A000011124","Health and personal care","2002=100","17","units","0","v41691153","2.201","89.8","","","","1"
"1994-04","Canada","2016A000011124","Health and personal care","2002=100","17","units","0","v41691153","2.201","90.3","","","","1"
"1994-05","Canada","2016A000011124","Health and personal care","2002=100","17","units","0","v41691153","2.201","90.2","","","","1"
"1994-06","Canada","2016A000011124","Health and personal care","2002=100","17","units","0","v41691153","2.201","89.9","","","","1"
"1994-07","Canada","2016A000011124","Health and personal care","2002=100","17","units","0","v41691153","2.201","89.4","","","","1"
"1994-08","Canada","2016A000011124","Health and personal care","2002=100","17","units","0","v41691153","2.201","89.3","","","","1"
"1994-09","Canada","2016A000011124","Health and personal care","2002=100","17","units","0","v41691153","2.201","89.6","","","","1"
"1994-10","Canada","2016A000011124","Health and personal care","2002=100","17","units","0","v41691153","2.201","89.5","","","","1"
"1994-11","Canada","2016A000011124","Health and personal care","2002=100","17","units","0","v41691153","2.201","89.6","","","","1"
"1994-12","Canada","2016A000011124","Health and personal care","2002=100","17","units","0","v41691153","2.201","89.4","","","","1"
"1995-01","Canada","2016A000011124","Health and personal care","2002=100","17","units","0","v41691153","2.201","89.8","","","","1"
"1995-02","Canada","2016A000011124","Health and personal care","2002=100","17","units","0","v41691153","2.201","89.8","","","","1"
"1995-03","Canada","2016A000011124","Health and personal care","2002=100","17","units","0","v41691153","2.201","89.5","","","","1"
"1995-04","Canada","2016A000011124","Health and personal care","2002=100","17","units","0","v41691153","2.201","89.6","","","","1"
"1995-05","Canada","2016A000011124","Health and personal care","2002=100","17","units","0","v41691153","2.201","89.6","","","","1"
"1995-06","Canada","2016A000011124","Health and personal care","2002=100","17","units","0","v41691153","2.201","89.5","","","","1"
"1995-07","Canada","2016A000011124","Health and personal care","2002=100","17","units","0","v41691153","2.201","89.8","","","","1"
"1995-08","Canada","2016A000011124","Health and personal care","2002=100","17","units","0","v41691153","2.201","89.6","","","","1"
"1995-09","Canada","2016A000011124","Health and personal care","2002=100","17","units","0","v41691153","2.201","89.3","","","","1"
"1995-10","Canada","2016A000011124","Health and personal care","2002=100","17","units","0","v41691153","2.201","89.5","","","","1"
"1995-11","Canada","2016A000011124","Health and personal care","2002=100","17","units","0","v41691153","2.201","89.5","","","","1"
"1995-12","Canada","2016A000011124","Health and personal care","2002=100","17","units","0","v41691153","2.201","89.5","","","","1"
"1996-01","Canada","2016A000011124","Health and personal care","2002=100","17","units","0","v41691153","2.201","89.6","","","","1"
"1996-02","Canada","2016A000011124","Health and personal care","2002=100","17","units","0","v41691153","2.201","89.7","","","","1"
"1996-03","Canada","2016A000011124","Health and personal care","2002=100","17","units","0","v41691153","2.201","89.7","","","","1"
"1996-04","Canada","2016A000011124","Health and personal care","2002=100","17","units","0","v41691153","2.201","90.1","","","","1"
"1996-05","Canada","2016A000011124","Health and personal care","2002=100","17","units","0","v41691153","2.201","90.1","","","","1"
"1996-06","Canada","2016A000011124","Health and personal care","2002=100","17","units","0","v41691153","2.201","90.1","","","","1"
"1996-07","Canada","2016A000011124","Health and personal care","2002=100","17","units","0","v41691153","2.201","90.1","","","","1"
"1996-08","Canada","2016A000011124","Health and personal care","2002=100","17","units","0","v41691153","2.201","90.2","","","","1"
"1996-09","Canada","2016A000011124","Health and personal care","2002=100","17","units","0","v41691153","2.201","90.2","","","","1"
"1996-10","Canada","2016A000011124","Health and personal care","2002=100","17","units","0","v41691153","2.201","90.3","","","","1"
"1996-11","Canada","2016A000011124","Health and personal care","2002=100","17","units","0","v41691153","2.201","90.6","","","","1"
"1996-12","Canada","2016A000011124","Health and personal care","2002=100","17","units","0","v41691153","2.201","90.6","","","","1"
"1997-01","Canada","2016A000011124","Health and personal care","2002=100","17","units","0","v41691153","2.201","90.7","","","","1"
"1997-02","Canada","2016A000011124","Health and personal care","2002=100","17","units","0","v41691153","2.201","91.1","","","","1"
"1997-03","Canada","2016A000011124","Health and personal care","2002=100","17","units","0","v41691153","2.201","91.2","","","","1"
"1997-04","Canada","2016A000011124","Health and personal care","2002=100","17","units","0","v41691153","2.201","91.9","","","","1"
"1997-05","Canada","2016A000011124","Health and personal care","2002=100","17","units","0","v41691153","2.201","91.8","","","","1"
"1997-06","Canada","2016A000011124","Health and personal care","2002=100","17","units","0","v41691153","2.201","92.0","","","","1"
"1997-07","Canada","2016A000011124","Health and personal care","2002=100","17","units","0","v41691153","2.201","91.9","","","","1"
"1997-08","Canada","2016A000011124","Health and personal care","2002=100","17","units","0","v41691153","2.201","91.8","","","","1"
"1997-09","Canada","2016A000011124","Health and personal care","2002=100","17","units","0","v41691153","2.201","91.7","","","","1"
"1997-10","Canada","2016A000011124","Health and personal care","2002=100","17","units","0","v41691153","2.201","92.0","","","","1"
"1997-11","Canada","2016A000011124","Health and personal care","2002=100","17","units","0","v41691153","2.201","92.2","","","","1"
"1997-12","Canada","2016A000011124","Health and personal care","2002=100","17","units","0","v41691153","2.201","92.4","","","","1"
"1998-01","Canada","2016A000011124","Health and personal care","2002=100","17","units","0","v41691153","2.201","92.7","","","","1"
"1998-02","Canada","2016A000011124","Health and personal care","2002=100","17","units","0","v41691153","2.201","92.8","","","","1"
"1998-03","Canada","2016A000011124","Health and personal care","2002=100","17","units","0","v41691153","2.201","92.8","","","","1"
"1998-04","Canada","2016A000011124","Health and personal care","2002=100","17","units","0","v41691153","2.201","93.3","","","","1"
"1998-05","Canada","2016A000011124","Health and personal care","2002=100","17","units","0","v41691153","2.201","93.7","","","","1"
"1998-06","Canada","2016A000011124","Health and personal care","2002=100","17","units","0","v41691153","2.201","93.7","","","","1"
"1998-07","Canada","2016A000011124","Health and personal care","2002=100","17","units","0","v41691153","2.201","93.8","","","","1"
"1998-08","Canada","2016A000011124","Health and personal care","2002=100","17","units","0","v41691153","2.201","93.8","","","","1"
"1998-09","Canada","2016A000011124","Health and personal care","2002=100","17","units","0","v41691153","2.201","94.0","","","","1"
"1998-10","Canada","2016A000011124","Health and personal care","2002=100","17","units","0","v41691153","2.201","94.1","","","","1"
"1998-11","Canada","2016A000011124","Health and personal care","2002=100","17","units","0","v41691153","2.201","94.3","","","","1"
"1998-12","Canada","2016A000011124","Health and personal care","2002=100","17","units","0","v41691153","2.201","94.2","","","","1"
"1999-01","Canada","2016A000011124","Health and personal care","2002=100","17","units","0","v41691153","2.201","94.4","","","","1"
"1999-02","Canada","2016A000011124","Health and personal care","2002=100","17","units","0","v41691153","2.201","94.6","","","","1"
"1999-03","Canada","2016A000011124","Health and personal care","2002=100","17","units","0","v41691153","2.201","94.5","","","","1"
"1999-04","Canada","2016A000011124","Health and personal care","2002=100","17","units","0","v41691153","2.201","95.2","","","","1"
"1999-05","Canada","2016A000011124","Health and personal care","2002=100","17","units","0","v41691153","2.201","95.6","","","","1"
"1999-06","Canada","2016A000011124","Health and personal care","2002=100","17","units","0","v41691153","2.201","95.7","","","","1"
"1999-07","Canada","2016A000011124","Health and personal care","2002=100","17","units","0","v41691153","2.201","95.6","","","","1"
"1999-08","Canada","2016A000011124","Health and personal care","2002=100","17","units","0","v41691153","2.201","95.7","","","","1"
"1999-09","Canada","2016A000011124","Health and personal care","2002=100","17","units","0","v41691153","2.201","95.8","","","","1"
"1999-10","Canada","2016A000011124","Health and personal care","2002=100","17","units","0","v41691153","2.201","95.7","","","","1"
"1999-11","Canada","2016A000011124","Health and personal care","2002=100","17","units","0","v41691153","2.201","95.7","","","","1"
"1999-12","Canada","2016A000011124","Health and personal care","2002=100","17","units","0","v41691153","2.201","96.0","","","","1"
"2000-01","Canada","2016A000011124","Health and personal care","2002=100","17","units","0","v41691153","2.201","96.1","","","","1"
"2000-02","Canada","2016A000011124","Health and personal care","2002=100","17","units","0","v41691153","2.201","96.2","","","","1"
"2000-03","Canada","2016A000011124","Health and personal care","2002=100","17","units","0","v41691153","2.201","96.1","","","","1"
"2000-04","Canada","2016A000011124","Health and personal care","2002=100","17","units","0","v41691153","2.201","96.5","","","","1"
"2000-05","Canada","2016A000011124","Health and personal care","2002=100","17","units","0","v41691153","2.201","97.0","","","","1"
"2000-06","Canada","2016A000011124","Health and personal care","2002=100","17","units","0","v41691153","2.201","96.9","","","","1"
"2000-07","Canada","2016A000011124","Health and personal care","2002=100","17","units","0","v41691153","2.201","97.0","","","","1"
"2000-08","Canada","2016A000011124","Health and personal care","2002=100","17","units","0","v41691153","2.201","97.4","","","","1"
"2000-09","Canada","2016A000011124","Health and personal care","2002=100","17","units","0","v41691153","2.201","97.3","","","","1"
"2000-10","Canada","2016A000011124","Health and personal care","2002=100","17","units","0","v41691153","2.201","97.7","","","","1"
"2000-11","Canada","2016A000011124","Health and personal care","2002=100","17","units","0","v41691153","2.201","97.8","","","","1"
"2000-12","Canada","2016A000011124","Health and personal care","2002=100","17","units","0","v41691153","2.201","97.7","","","","1"
"2001-01","Canada","2016A000011124","Health and personal care","2002=100","17","units","0","v41691153","2.201","97.9","","","","1"
"2001-02","Canada","2016A000011124","Health and personal care","2002=100","17","units","0","v41691153","2.201","98.4","","","","1"
"2001-03","Canada","2016A000011124","Health and personal care","2002=100","17","units","0","v41691153","2.201","98.3","","","","1"
"2001-04","Canada","2016A000011124","Health and personal care","2002=100","17","units","0","v41691153","2.201","98.7","","","","1"
"2001-05","Canada","2016A000011124","Health and personal care","2002=100","17","units","0","v41691153","2.201","99.0","","","","1"
"2001-06","Canada","2016A000011124","Health and personal care","2002=100","17","units","0","v41691153","2.201","99.5","","","","1"
"2001-07","Canada","2016A000011124","Health and personal care","2002=100","17","units","0","v41691153","2.201","99.4","","","","1"
"2001-08","Canada","2016A000011124","Health and personal care","2002=100","17","units","0","v41691153","2.201","98.9","","","","1"
"2001-09","Canada","2016A000011124","Health and personal care","2002=100","17","units","0","v41691153","2.201","98.9","","","","1"
"2001-10","Canada","2016A000011124","Health and personal care","2002=100","17","units","0","v41691153","2.201","99.6","","","","1"
"2001-11","Canada","2016A000011124","Health and personal care","2002=100","17","units","0","v41691153","2.201","99.3","","","","1"
"2001-12","Canada","2016A000011124","Health and personal care","2002=100","17","units","0","v41691153","2.201","99.2","","","","1"
"2002-01","Canada","2016A000011124","Health and personal care","2002=100","17","units","0","v41691153","2.201","98.9","","","","1"
"2002-02","Canada","2016A000011124","Health and personal care","2002=100","17","units","0","v41691153","2.201","99.4","","","","1"
"2002-03","Canada","2016A000011124","Health and personal care","2002=100","17","units","0","v41691153","2.201","99.2","","","","1"
"2002-04","Canada","2016A000011124","Health and personal care","2002=100","17","units","0","v41691153","2.201","99.8","","","","1"
"2002-05","Canada","2016A000011124","Health and personal care","2002=100","17","units","0","v41691153","2.201","100.2","","","","1"
"2002-06","Canada","2016A000011124","Health and personal care","2002=100","17","units","0","v41691153","2.201","100.4","","","","1"
"2002-07","Canada","2016A000011124","Health and personal care","2002=100","17","units","0","v41691153","2.201","99.9","","","","1"
"2002-08","Canada","2016A000011124","Health and personal care","2002=100","17","units","0","v41691153","2.201","100.1","","","","1"
"2002-09","Canada","2016A000011124","Health and personal care","2002=100","17","units","0","v41691153","2.201","100.2","","","","1"
"2002-10","Canada","2016A000011124","Health and personal care","2002=100","17","units","0","v41691153","2.201","100.6","","","","1"
"2002-11","Canada","2016A000011124","Health and personal care","2002=100","17","units","0","v41691153","2.201","100.6","","","","1"
"2002-12","Canada","2016A000011124","Health and personal care","2002=100","17","units","0","v41691153","2.201","100.6","","","","1"
"2003-01","Canada","2016A000011124","Health and personal care","2002=100","17","units","0","v41691153","2.201","100.5","","","","1"
"2003-02","Canada","2016A000011124","Health and personal care","2002=100","17","units","0","v41691153","2.201","100.8","","","","1"
"2003-03","Canada","2016A000011124","Health and personal care","2002=100","17","units","0","v41691153","2.201","100.5","","","","1"
"2003-04","Canada","2016A000011124","Health and personal care","2002=100","17","units","0","v41691153","2.201","101.2","","","","1"
"2003-05","Canada","2016A000011124","Health and personal care","2002=100","17","units","0","v41691153","2.201","101.4","","","","1"
"2003-06","Canada","2016A000011124","Health and personal care","2002=100","17","units","0","v41691153","2.201","101.1","","","","1"
"2003-07","Canada","2016A000011124","Health and personal care","2002=100","17","units","0","v41691153","2.201","101.2","","","","1"
"2003-08","Canada","2016A000011124","Health and personal care","2002=100","17","units","0","v41691153","2.201","101.7","","","","1"
"2003-09","Canada","2016A000011124","Health and personal care","2002=100","17","units","0","v41691153","2.201","101.9","","","","1"
"2003-10","Canada","2016A000011124","Health and personal care","2002=100","17","units","0","v41691153","2.201","101.9","","","","1"
"2003-11","Canada","2016A000011124","Health and personal care","2002=100","17","units","0","v41691153","2.201","102.2","","","","1"
"2003-12","Canada","2016A000011124","Health and personal care","2002=100","17","units","0","v41691153","2.201","101.9","","","","1"
"2004-01","Canada","2016A000011124","Health and personal care","2002=100","17","units","0","v41691153","2.201","102.0","","","","1"
"2004-02","Canada","2016A000011124","Health and personal care","2002=100","17","units","0","v41691153","2.201","102.0","","","","1"
"2004-03","Canada","2016A000011124","Health and personal care","2002=100","17","units","0","v41691153","2.201","102.4","","","","1"
"2004-04","Canada","2016A000011124","Health and personal care","2002=100","17","units","0","v41691153","2.201","103.1","","","","1"
"2004-05","Canada","2016A000011124","Health and personal care","2002=100","17","units","0","v41691153","2.201","103.1","","","","1"
"2004-06","Canada","2016A000011124","Health and personal care","2002=100","17","units","0","v41691153","2.201","103.1","","","","1"
"2004-07","Canada","2016A000011124","Health and personal care","2002=100","17","units","0","v41691153","2.201","103.2","","","","1"
"2004-08","Canada","2016A000011124","Health and personal care","2002=100","17","units","0","v41691153","2.201","102.8","","","","1"
"2004-09","Canada","2016A000011124","Health and personal care","2002=100","17","units","0","v41691153","2.201","103.2","","","","1"
"2004-10","Canada","2016A000011124","Health and personal care","2002=100","17","units","0","v41691153","2.201","103.1","","","","1"
"2004-11","Canada","2016A000011124","Health and personal care","2002=100","17","units","0","v41691153","2.201","102.8","","","","1"
"2004-12","Canada","2016A000011124","Health and personal care","2002=100","17","units","0","v41691153","2.201","103.1","","","","1"
"2005-01","Canada","2016A000011124","Health and personal care","2002=100","17","units","0","v41691153","2.201","103.0","","","","1"
"2005-02","Canada","2016A000011124","Health and personal care","2002=100","17","units","0","v41691153","2.201","103.7","","","","1"
"2005-03","Canada","2016A000011124","Health and personal care","2002=100","17","units","0","v41691153","2.201","103.9","","","","1"
"2005-04","Canada","2016A000011124","Health and personal care","2002=100","17","units","0","v41691153","2.201","104.7","","","","1"
"2005-05","Canada","2016A000011124","Health and personal care","2002=100","17","units","0","v41691153","2.201","104.5","","","","1"
"2005-06","Canada","2016A000011124","Health and personal care","2002=100","17","units","0","v41691153","2.201","104.9","","","","1"
"2005-07","Canada","2016A000011124","Health and personal care","2002=100","17","units","0","v41691153","2.201","105.2","","","","1"
"2005-08","Canada","2016A000011124","Health and personal care","2002=100","17","units","0","v41691153","2.201","104.9","","","","1"
"2005-09","Canada","2016A000011124","Health and personal care","2002=100","17","units","0","v41691153","2.201","104.8","","","","1"
"2005-10","Canada","2016A000011124","Health and personal care","2002=100","17","units","0","v41691153","2.201","104.9","","","","1"
"2005-11","Canada","2016A000011124","Health and personal care","2002=100","17","units","0","v41691153","2.201","105.4","","","","1"
"2005-12","Canada","2016A000011124","Health and personal care","2002=100","17","units","0","v41691153","2.201","105.2","","","","1"
"2006-01","Canada","2016A000011124","Health and personal care","2002=100","17","units","0","v41691153","2.201","105.0","","","","1"
"2006-02","Canada","2016A000011124","Health and personal care","2002=100","17","units","0","v41691153","2.201","105.4","","","","1"
"2006-03","Canada","2016A000011124","Health and personal care","2002=100","17","units","0","v41691153","2.201","105.5","","","","1"
"2006-04","Canada","2016A000011124","Health and personal care","2002=100","17","units","0","v41691153","2.201","105.9","","","","1"
"2006-05","Canada","2016A000011124","Health and personal care","2002=100","17","units","0","v41691153","2.201","106.1","","","","1"
"2006-06","Canada","2016A000011124","Health and personal care","2002=100","17","units","0","v41691153","2.201","106.1","","","","1"
"2006-07","Canada","2016A000011124","Health and personal care","2002=100","17","units","0","v41691153","2.201","105.7","","","","1"
"2006-08","Canada","2016A000011124","Health and personal care","2002=100","17","units","0","v41691153","2.201","105.5","","","","1"
"2006-09","Canada","2016A000011124","Health and personal care","2002=100","17","units","0","v41691153","2.201","106.0","","","","1"
"2006-10","Canada","2016A000011124","Health and personal care","2002=100","17","units","0","v41691153","2.201","106.1","","","","1"
"2006-11","Canada","2016A000011124","Health and personal care","2002=100","17","units","0","v41691153","2.201","106.7","","","","1"
"2006-12","Canada","2016A000011124","Health and personal care","2002=100","17","units","0","v41691153","2.201","106.3","","","","1"
"2007-01","Canada","2016A000011124","Health and personal care","2002=100","17","units","0","v41691153","2.201","106.3","","","","1"
"2007-02","Canada","2016A000011124","Health and personal care","2002=100","17","units","0","v41691153","2.201","106.5","","","","1"
"2007-03","Canada","2016A000011124","Health and personal care","2002=100","17","units","0","v41691153","2.201","106.4","","","","1"
"2007-04","Canada","2016A000011124","Health and personal care","2002=100","17","units","0","v41691153","2.201","106.8","","","","1"
"2007-05","Canada","2016A000011124","Health and personal care","2002=100","17","units","0","v41691153","2.201","107.4","","","","1"
"2007-06","Canada","2016A000011124","Health and personal care","2002=100","17","units","0","v41691153","2.201","107.9","","","","1"
"2007-07","Canada","2016A000011124","Health and personal care","2002=100","17","units","0","v41691153","2.201","107.5","","","","1"
"2007-08","Canada","2016A000011124","Health and personal care","2002=100","17","units","0","v41691153","2.201","107.6","","","","1"
"2007-09","Canada","2016A000011124","Health and personal care","2002=100","17","units","0","v41691153","2.201","107.6","","","","1"
"2007-10","Canada","2016A000011124","Health and personal care","2002=100","17","units","0","v41691153","2.201","107.5","","","","1"
"2007-11","Canada","2016A000011124","Health and personal care","2002=100","17","units","0","v41691153","2.201","108.0","","","","1"
"2007-12","Canada","2016A000011124","Health and personal care","2002=100","17","units","0","v41691153","2.201","107.7","","","","1"
"2008-01","Canada","2016A000011124","Health and personal care","2002=100","17","units","0","v41691153","2.201","107.5","","","","1"
"2008-02","Canada","2016A000011124","Health and personal care","2002=100","17","units","0","v41691153","2.201","107.7","","","","1"
"2008-03","Canada","2016A000011124","Health and personal care","2002=100","17","units","0","v41691153","2.201","107.9","","","","1"
"2008-04","Canada","2016A000011124","Health and personal care","2002=100","17","units","0","v41691153","2.201","108.3","","","","1"
"2008-05","Canada","2016A000011124","Health and personal care","2002=100","17","units","0","v41691153","2.201","108.6","","","","1"
"2008-06","Canada","2016A000011124","Health and personal care","2002=100","17","units","0","v41691153","2.201","108.7","","","","1"
"2008-07","Canada","2016A000011124","Health and personal care","2002=100","17","units","0","v41691153","2.201","108.5","","","","1"
"2008-08","Canada","2016A000011124","Health and personal care","2002=100","17","units","0","v41691153","2.201","109.3","","","","1"
"2008-09","Canada","2016A000011124","Health and personal care","2002=100","17","units","0","v41691153","2.201","109.4","","","","1"
"2008-10","Canada","2016A000011124","Health and personal care","2002=100","17","units","0","v41691153","2.201","109.2","","","","1"
"2008-11","Canada","2016A000011124","Health and personal care","2002=100","17","units","0","v41691153","2.201","110.1","","","","1"
"2008-12","Canada","2016A000011124","Health and personal care","2002=100","17","units","0","v41691153","2.201","109.9","","","","1"
"2009-01","Canada","2016A000011124","Health and personal care","2002=100","17","units","0","v41691153","2.201","110.4","","","","1"
"2009-02","Canada","2016A000011124","Health and personal care","2002=100","17","units","0","v41691153","2.201","110.4","","","","1"
"2009-03","Canada","2016A000011124","Health and personal care","2002=100","17","units","0","v41691153","2.201","110.5","","","","1"
"2009-04","Canada","2016A000011124","Health and personal care","2002=100","17","units","0","v41691153","2.201","111.1","","","","1"
"2009-05","Canada","2016A000011124","Health and personal care","2002=100","17","units","0","v41691153","2.201","112.1","","","","1"
"2009-06","Canada","2016A000011124","Health and personal care","2002=100","17","units","0","v41691153","2.201","112.8","","","","1"
"2009-07","Canada","2016A000011124","Health and personal care","2002=100","17","units","0","v41691153","2.201","112.5","","","","1"
"2009-08","Canada","2016A000011124","Health and personal care","2002=100","17","units","0","v41691153","2.201","112.5","","","","1"
"2009-09","Canada","2016A000011124","Health and personal care","2002=100","17","units","0","v41691153","2.201","113.7","","","","1"
"2009-10","Canada","2016A000011124","Health and personal care","2002=100","17","units","0","v41691153","2.201","112.9","","","","1"
"2009-11","Canada","2016A000011124","Health and personal care","2002=100","17","units","0","v41691153","2.201","113.6","","","","1"
"2009-12","Canada","2016A000011124","Health and personal care","2002=100","17","units","0","v41691153","2.201","113.2","","","","1"
"2010-01","Canada","2016A000011124","Health and personal care","2002=100","17","units","0","v41691153","2.201","113.8","","","","1"
"2010-02","Canada","2016A000011124","Health and personal care","2002=100","17","units","0","v41691153","2.201","113.7","","","","1"
"2010-03","Canada","2016A000011124","Health and personal care","2002=100","17","units","0","v41691153","2.201","113.5","","","","1"
"2010-04","Canada","2016A000011124","Health and personal care","2002=100","17","units","0","v41691153","2.201","114.8","","","","1"
"2010-05","Canada","2016A000011124","Health and personal care","2002=100","17","units","0","v41691153","2.201","114.6","","","","1"
"2010-06","Canada","2016A000011124","Health and personal care","2002=100","17","units","0","v41691153","2.201","114.7","","","","1"
"2010-07","Canada","2016A000011124","Health and personal care","2002=100","17","units","0","v41691153","2.201","115.6","","","","1"
"2010-08","Canada","2016A000011124","Health and personal care","2002=100","17","units","0","v41691153","2.201","116.4","","","","1"
"2010-09","Canada","2016A000011124","Health and personal care","2002=100","17","units","0","v41691153","2.201","116.1","","","","1"
"2010-10","Canada","2016A000011124","Health and personal care","2002=100","17","units","0","v41691153","2.201","116.0","","","","1"
"2010-11","Canada","2016A000011124","Health and personal care","2002=100","17","units","0","v41691153","2.201","116.1","","","","1"
"2010-12","Canada","2016A000011124","Health and personal care","2002=100","17","units","0","v41691153","2.201","115.8","","","","1"
"2011-01","Canada","2016A000011124","Health and personal care","2002=100","17","units","0","v41691153","2.201","115.8","","","","1"
"2011-02","Canada","2016A000011124","Health and personal care","2002=100","17","units","0","v41691153","2.201","116.0","","","","1"
"2011-03","Canada","2016A000011124","Health and personal care","2002=100","17","units","0","v41691153","2.201","116.4","","","","1"
"2011-04","Canada","2016A000011124","Health and personal care","2002=100","17","units","0","v41691153","2.201","117.3","","","","1"
"2011-05","Canada","2016A000011124","Health and personal care","2002=100","17","units","0","v41691153","2.201","117.2","","","","1"
"2011-06","Canada","2016A000011124","Health and personal care","2002=100","17","units","0","v41691153","2.201","116.9","","","","1"
"2011-07","Canada","2016A000011124","Health and personal care","2002=100","17","units","0","v41691153","2.201","116.7","","","","1"
"2011-08","Canada","2016A000011124","Health and personal care","2002=100","17","units","0","v41691153","2.201","117.5","","","","1"
"2011-09","Canada","2016A000011124","Health and personal care","2002=100","17","units","0","v41691153","2.201","117.5","","","","1"
"2011-10","Canada","2016A000011124","Health and personal care","2002=100","17","units","0","v41691153","2.201","117.4","","","","1"
"2011-11","Canada","2016A000011124","Health and personal care","2002=100","17","units","0","v41691153","2.201","117.9","","","","1"
"2011-12","Canada","2016A000011124","Health and personal care","2002=100","17","units","0","v41691153","2.201","118.1","","","","1"
"2012-01","Canada","2016A000011124","Health and personal care","2002=100","17","units","0","v41691153","2.201","118.1","","","","1"
"2012-02","Canada","2016A000011124","Health and personal care","2002=100","17","units","0","v41691153","2.201","118.4","","","","1"
"2012-03","Canada","2016A000011124","Health and personal care","2002=100","17","units","0","v41691153","2.201","118.3","","","","1"
"2012-04","Canada","2016A000011124","Health and personal care","2002=100","17","units","0","v41691153","2.201","118.9","","","","1"
"2012-05","Canada","2016A000011124","Health and personal care","2002=100","17","units","0","v41691153","2.201","118.8","","","","1"
"2012-06","Canada","2016A000011124","Health and personal care","2002=100","17","units","0","v41691153","2.201","118.9","","","","1"
"2012-07","Canada","2016A000011124","Health and personal care","2002=100","17","units","0","v41691153","2.201","118.5","","","","1"
"2012-08","Canada","2016A000011124","Health and personal care","2002=100","17","units","0","v41691153","2.201","119.8","","","","1"
"2012-09","Canada","2016A000011124","Health and personal care","2002=100","17","units","0","v41691153","2.201","118.5","","","","1"
"2012-10","Canada","2016A000011124","Health and personal care","2002=100","17","units","0","v41691153","2.201","118.5","","","","1"
"2012-11","Canada","2016A000011124","Health and personal care","2002=100","17","units","0","v41691153","2.201","118.7","","","","1"
"2012-12","Canada","2016A000011124","Health and personal care","2002=100","17","units","0","v41691153","2.201","118.6","","","","1"
"2013-01","Canada","2016A000011124","Health and personal care","2002=100","17","units","0","v41691153","2.201","118.5","","","","1"
"2013-02","Canada","2016A000011124","Health and personal care","2002=100","17","units","0","v41691153","2.201","118.6","","","","1"
"2013-03","Canada","2016A000011124","Health and personal care","2002=100","17","units","0","v41691153","2.201","118.3","","","","1"
"2013-04","Canada","2016A000011124","Health and personal care","2002=100","17","units","0","v41691153","2.201","118.6","","","","1"
"2013-05","Canada","2016A000011124","Health and personal care","2002=100","17","units","0","v41691153","2.201","118.3","","","","1"
"2013-06","Canada","2016A000011124","Health and personal care","2002=100","17","units","0","v41691153","2.201","118.4","","","","1"
"2013-07","Canada","2016A000011124","Health and personal care","2002=100","17","units","0","v41691153","2.201","118.0","","","","1"
"2013-08","Canada","2016A000011124","Health and personal care","2002=100","17","units","0","v41691153","2.201","118.1","","","","1"
"2013-09","Canada","2016A000011124","Health and personal care","2002=100","17","units","0","v41691153","2.201","118.4","","","","1"
"2013-10","Canada","2016A000011124","Health and personal care","2002=100","17","units","0","v41691153","2.201","117.9","","","","1"
"2013-11","Canada","2016A000011124","Health and personal care","2002=100","17","units","0","v41691153","2.201","118.0","","","","1"
"2013-12","Canada","2016A000011124","Health and personal care","2002=100","17","units","0","v41691153","2.201","118.1","","","","1"
"2014-01","Canada","2016A000011124","Health and personal care","2002=100","17","units","0","v41691153","2.201","118.3","","","","1"
"2014-02","Canada","2016A000011124","Health and personal care","2002=100","17","units","0","v41691153","2.201","118.4","","","","1"
"2014-03","Canada","2016A000011124","Health and personal care","2002=100","17","units","0","v41691153","2.201","118.1","","","","1"
"2014-04","Canada","2016A000011124","Health and personal care","2002=100","17","units","0","v41691153","2.201","118.9","","","","1"
"2014-05","Canada","2016A000011124","Health and personal care","2002=100","17","units","0","v41691153","2.201","119.2","","","","1"
"2014-06","Canada","2016A000011124","Health and personal care","2002=100","17","units","0","v41691153","2.201","119.0","","","","1"
"2014-07","Canada","2016A000011124","Health and personal care","2002=100","17","units","0","v41691153","2.201","118.9","","","","1"
"2014-08","Canada","2016A000011124","Health and personal care","2002=100","17","units","0","v41691153","2.201","119.2","","","","1"
"2014-09","Canada","2016A000011124","Health and personal care","2002=100","17","units","0","v41691153","2.201","119.3","","","","1"
"2014-10","Canada","2016A000011124","Health and personal care","2002=100","17","units","0","v41691153","2.201","118.8","","","","1"
"2014-11","Canada","2016A000011124","Health and personal care","2002=100","17","units","0","v41691153","2.201","119.9","","","","1"
"2014-12","Canada","2016A000011124","Health and personal care","2002=100","17","units","0","v41691153","2.201","119.6","","","","1"
"2015-01","Canada","2016A000011124","Health and personal care","2002=100","17","units","0","v41691153","2.201","120.0","","","","1"
"2015-02","Canada","2016A000011124","Health and personal care","2002=100","17","units","0","v41691153","2.201","120.1","","","","1"
"2015-03","Canada","2016A000011124","Health and personal care","2002=100","17","units","0","v41691153","2.201","119.5","","","","1"
"2015-04","Canada","2016A000011124","Health and personal care","2002=100","17","units","0","v41691153","2.201","120.1","","","","1"
"2015-05","Canada","2016A000011124","Health and personal care","2002=100","17","units","0","v41691153","2.201","120.7","","","","1"
"2015-06","Canada","2016A000011124","Health and personal care","2002=100","17","units","0","v41691153","2.201","120.5","","","","1"
"2015-07","Canada","2016A000011124","Health and personal care","2002=100","17","units","0","v41691153","2.201","120.6","","","","1"
"2015-08","Canada","2016A000011124","Health and personal care","2002=100","17","units","0","v41691153","2.201","120.5","","","","1"
"2015-09","Canada","2016A000011124","Health and personal care","2002=100","17","units","0","v41691153","2.201","120.7","","","","1"
"2015-10","Canada","2016A000011124","Health and personal care","2002=100","17","units","0","v41691153","2.201","120.7","","","","1"
"2015-11","Canada","2016A000011124","Health and personal care","2002=100","17","units","0","v41691153","2.201","121.6","","","","1"
"2015-12","Canada","2016A000011124","Health and personal care","2002=100","17","units","0","v41691153","2.201","121.0","","","","1"
"2016-01","Canada","2016A000011124","Health and personal care","2002=100","17","units","0","v41691153","2.201","121.5","","","","1"
"2016-02","Canada","2016A000011124","Health and personal care","2002=100","17","units","0","v41691153","2.201","121.5","","","","1"
"2016-03","Canada","2016A000011124","Health and personal care","2002=100","17","units","0","v41691153","2.201","121.4","","","","1"
"2016-04","Canada","2016A000011124","Health and personal care","2002=100","17","units","0","v41691153","2.201","122.2","","","","1"
"2016-05","Canada","2016A000011124","Health and personal care","2002=100","17","units","0","v41691153","2.201","122.3","","","","1"
"2016-06","Canada","2016A000011124","Health and personal care","2002=100","17","units","0","v41691153","2.201","122.2","","","","1"
"2016-07","Canada","2016A000011124","Health and personal care","2002=100","17","units","0","v41691153","2.201","122.0","","","","1"
"2016-08","Canada","2016A000011124","Health and personal care","2002=100","17","units","0","v41691153","2.201","122.7","","","","1"
"2016-09","Canada","2016A000011124","Health and personal care","2002=100","17","units","0","v41691153","2.201","122.4","","","","1"
"2016-10","Canada","2016A000011124","Health and personal care","2002=100","17","units","0","v41691153","2.201","122.8","","","","1"
"2016-11","Canada","2016A000011124","Health and personal care","2002=100","17","units","0","v41691153","2.201","122.9","","","","1"
"2016-12","Canada","2016A000011124","Health and personal care","2002=100","17","units","0","v41691153","2.201","122.6","","","","1"
"2017-01","Canada","2016A000011124","Health and personal care","2002=100","17","units","0","v41691153","2.201","123.4","","","","1"
"2017-02","Canada","2016A000011124","Health and personal care","2002=100","17","units","0","v41691153","2.201","123.3","","","","1"
"2017-03","Canada","2016A000011124","Health and personal care","2002=100","17","units","0","v41691153","2.201","123.5","","","","1"
"2017-04","Canada","2016A000011124","Health and personal care","2002=100","17","units","0","v41691153","2.201","124.2","","","","1"
"2017-05","Canada","2016A000011124","Health and personal care","2002=100","17","units","0","v41691153","2.201","124.1","","","","1"
"2017-06","Canada","2016A000011124","Health and personal care","2002=100","17","units","0","v41691153","2.201","124.4","","","","1"
"2017-07","Canada","2016A000011124","Health and personal care","2002=100","17","units","0","v41691153","2.201","124.7","","","","1"
"2017-08","Canada","2016A000011124","Health and personal care","2002=100","17","units","0","v41691153","2.201","125.0","","","","1"
"2017-09","Canada","2016A000011124","Health and personal care","2002=100","17","units","0","v41691153","2.201","124.5","","","","1"
"2017-10","Canada","2016A000011124","Health and personal care","2002=100","17","units","0","v41691153","2.201","125.3","","","","1"
"2017-11","Canada","2016A000011124","Health and personal care","2002=100","17","units","0","v41691153","2.201","124.2","","","","1"
"2017-12","Canada","2016A000011124","Health and personal care","2002=100","17","units","0","v41691153","2.201","124.4","","","","1"
"2018-01","Canada","2016A000011124","Health and personal care","2002=100","17","units","0","v41691153","2.201","125.1","","","","1"
"2018-02","Canada","2016A000011124","Health and personal care","2002=100","17","units","0","v41691153","2.201","125.6","","","","1"
"2018-03","Canada","2016A000011124","Health and personal care","2002=100","17","units","0","v41691153","2.201","126.3","","","","1"
"2018-04","Canada","2016A000011124","Health and personal care","2002=100","17","units","0","v41691153","2.201","126.2","","","","1"
"2018-05","Canada","2016A000011124","Health and personal care","2002=100","17","units","0","v41691153","2.201","125.9","","","","1"
"2018-06","Canada","2016A000011124","Health and personal care","2002=100","17","units","0","v41691153","2.201","126.3","","","","1"
"2018-07","Canada","2016A000011124","Health and personal care","2002=100","17","units","0","v41691153","2.201","126.1","","","","1"
"2018-08","Canada","2016A000011124","Health and personal care","2002=100","17","units","0","v41691153","2.201","126.7","","","","1"
"2018-09","Canada","2016A000011124","Health and personal care","2002=100","17","units","0","v41691153","2.201","126.1","","","","1"
"2018-10","Canada","2016A000011124","Health and personal care","2002=100","17","units","0","v41691153","2.201","126.3","","","","1"
"2018-11","Canada","2016A000011124","Health and personal care","2002=100","17","units","0","v41691153","2.201","125.1","","","","1"
"2018-12","Canada","2016A000011124","Health and personal care","2002=100","17","units","0","v41691153","2.201","125.6","","","","1"
"2019-01","Canada","2016A000011124","Health and personal care","2002=100","17","units","0","v41691153","2.201","125.9","","","","1"
"2019-02","Canada","2016A000011124","Health and personal care","2002=100","17","units","0","v41691153","2.201","126.4","","","","1"
"2019-03","Canada","2016A000011124","Health and personal care","2002=100","17","units","0","v41691153","2.201","126.6","","","","1"
"2019-04","Canada","2016A000011124","Health and personal care","2002=100","17","units","0","v41691153","2.201","127.1","","","","1"
"2019-05","Canada","2016A000011124","Health and personal care","2002=100","17","units","0","v41691153","2.201","127.3","","","","1"
"2019-06","Canada","2016A000011124","Health and personal care","2002=100","17","units","0","v41691153","2.201","127.7","","","","1"
"2019-07","Canada","2016A000011124","Health and personal care","2002=100","17","units","0","v41691153","2.201","128.0","","","","1"
"2019-08","Canada","2016A000011124","Health and personal care","2002=100","17","units","0","v41691153","2.201","127.8","","","","1"
"2019-09","Canada","2016A000011124","Health and personal care","2002=100","17","units","0","v41691153","2.201","127.8","","","","1"
"2019-10","Canada","2016A000011124","Health and personal care","2002=100","17","units","0","v41691153","2.201","127.9","","","","1"
"2019-11","Canada","2016A000011124","Health and personal care","2002=100","17","units","0","v41691153","2.201","128.0","","","","1"
"2019-12","Canada","2016A000011124","Health and personal care","2002=100","17","units","0","v41691153","2.201","127.9","","","","1"
"2020-01","Canada","2016A000011124","Health and personal care","2002=100","17","units","0","v41691153","2.201","128.6","","","","1"
"2020-02","Canada","2016A000011124","Health and personal care","2002=100","17","units","0","v41691153","2.201","128.8","","","","1"
"2020-03","Canada","2016A000011124","Health and personal care","2002=100","17","units","0","v41691153","2.201","128.6","","","","1"
"2020-04","Canada","2016A000011124","Health and personal care","2002=100","17","units","0","v41691153","2.201","128.7","","","","1"
"2020-05","Canada","2016A000011124","Health and personal care","2002=100","17","units","0","v41691153","2.201","128.4","","","","1"
"2020-06","Canada","2016A000011124","Health and personal care","2002=100","17","units","0","v41691153","2.201","128.3","","","","1"
"2020-07","Canada","2016A000011124","Health and personal care","2002=100","17","units","0","v41691153","2.201","128.8","","","","1"
"2020-08","Canada","2016A000011124","Health and personal care","2002=100","17","units","0","v41691153","2.201","129.6","","","","1"
"2020-09","Canada","2016A000011124","Health and personal care","2002=100","17","units","0","v41691153","2.201","129.8","","","","1"
"2020-10","Canada","2016A000011124","Health and personal care","2002=100","17","units","0","v41691153","2.201","130.2","","","","1"
"2020-11","Canada","2016A000011124","Health and personal care","2002=100","17","units","0","v41691153","2.201","130.6","","","","1"
"2020-12","Canada","2016A000011124","Health and personal care","2002=100","17","units","0","v41691153","2.201","130.0","","","","1"
"2021-01","Canada","2016A000011124","Health and personal care","2002=100","17","units","0","v41691153","2.201","130.3","","","","1"
"2021-02","Canada","2016A000011124","Health and personal care","2002=100","17","units","0","v41691153","2.201","130.5","","","","1"
"2021-03","Canada","2016A000011124","Health and personal care","2002=100","17","units","0","v41691153","2.201","130.5","","","","1"
"2021-04","Canada","2016A000011124","Health and personal care","2002=100","17","units","0","v41691153","2.201","132.5","","","","1"
"2021-05","Canada","2016A000011124","Health and personal care","2002=100","17","units","0","v41691153","2.201","132.4","","","","1"
"2021-06","Canada","2016A000011124","Health and personal care","2002=100","17","units","0","v41691153","2.201","132.6","","","","1"
"2021-07","Canada","2016A000011124","Health and personal care","2002=100","17","units","0","v41691153","2.201","133.4","","","","1"
"2021-08","Canada","2016A000011124","Health and personal care","2002=100","17","units","0","v41691153","2.201","133.3","","","","1"
"2021-09","Canada","2016A000011124","Health and personal care","2002=100","17","units","0","v41691153","2.201","133.7","","","","1"
"2021-10","Canada","2016A000011124","Health and personal care","2002=100","17","units","0","v41691153","2.201","133.9","","","","1"
"2021-11","Canada","2016A000011124","Health and personal care","2002=100","17","units","0","v41691153","2.201","134.1","","","","1"
"2021-12","Canada","2016A000011124","Health and personal care","2002=100","17","units","0","v41691153","2.201","133.4","","","","1"
"2022-01","Canada","2016A000011124","Health and personal care","2002=100","17","units","0","v41691153","2.201","134.1","","","","1"
"2022-02","Canada","2016A000011124","Health and personal care","2002=100","17","units","0","v41691153","2.201","134.6","","","","1"
"2022-03","Canada","2016A000011124","Health and personal care","2002=100","17","units","0","v41691153","2.201","134.9","","","","1"
"2022-04","Canada","2016A000011124","Health and personal care","2002=100","17","units","0","v41691153","2.201","137.0","","","","1"
"2022-05","Canada","2016A000011124","Health and personal care","2002=100","17","units","0","v41691153","2.201","137.2","","","","1"
"2022-06","Canada","2016A000011124","Health and personal care","2002=100","17","units","0","v41691153","2.201","137.8","","","","1"
"2022-07","Canada","2016A000011124","Health and personal care","2002=100","17","units","0","v41691153","2.201","138.6","","","","1"
"2022-08","Canada","2016A000011124","Health and personal care","2002=100","17","units","0","v41691153","2.201","139.1","","","","1"
"2022-09","Canada","2016A000011124","Health and personal care","2002=100","17","units","0","v41691153","2.201","139.6","","","","1"
"2022-10","Canada","2016A000011124","Health and personal care","2002=100","17","units","0","v41691153","2.201","140.4","","","","1"
"2022-11","Canada","2016A000011124","Health and personal care","2002=100","17","units","0","v41691153","2.201","141.5","","","","1"
"2022-12","Canada","2016A000011124","Health and personal care","2002=100","17","units","0","v41691153","2.201","141.5","","","","1"
"2023-01","Canada","2016A000011124","Health and personal care","2002=100","17","units","0","v41691153","2.201","142.4","","","","1"
"2023-02","Canada","2016A000011124","Health and personal care","2002=100","17","units","0","v41691153","2.201","143.0","","","","1"
"2023-03","Canada","2016A000011124","Health and personal care","2002=100","17","units","0","v41691153","2.201","143.7","","","","1"
"2023-04","Canada","2016A000011124","Health and personal care","2002=100","17","units","0","v41691153","2.201","145.7","","","","1"
"2023-05","Canada","2016A000011124","Health and personal care","2002=100","17","units","0","v41691153","2.201","146.0","","","","1"
"2023-06","Canada","2016A000011124","Health and personal care","2002=100","17","units","0","v41691153","2.201","146.4","","","","1"
"2023-07","Canada","2016A000011124","Health and personal care","2002=100","17","units","0","v41691153","2.201","146.6","","","","1"
"2023-08","Canada","2016A000011124","Health and personal care","2002=100","17","units","0","v41691153","2.201","147.2","","","","1"
"2023-09","Canada","2016A000011124","Health and personal care","2002=100","17","units","0","v41691153","2.201","147.4","","","","1"
"2023-10","Canada","2016A000011124","Health and personal care","2002=100","17","units","0","v41691153","2.201","147.3","","","","1"
"2023-11","Canada","2016A000011124","Health and personal care","2002=100","17","units","0","v41691153","2.201","147.4","","","","1"
"2023-12","Canada","2016A000011124","Health and personal care","2002=100","17","units","0","v41691153","2.201","146.7","","","","1"
"2024-01","Canada","2016A000011124","Health and personal care","2002=100","17","units","0","v41691153","2.201","147.7","","","","1"
"2024-02","Canada","2016A000011124","Health and personal care","2002=100","17","units","0","v41691153","2.201","148.4","","","","1"
"2024-03","Canada","2016A000011124","Health and personal care","2002=100","17","units","0","v41691153","2.201","148.3","","","","1"
"2024-04","Canada","2016A000011124","Health and personal care","2002=100","17","units","0","v41691153","2.201","150.0","","","","1"
"2024-05","Canada","2016A000011124","Health and personal care","2002=100","17","units","0","v41691153","2.201","151.2","","","","1"
"2024-06","Canada","2016A000011124","Health and personal care","2002=100","17","units","0","v41691153","2.201","150.8","","","","1"
"2024-07","Canada","2016A000011124","Health and personal care","2002=100","17","units","0","v41691153","2.201","150.8","","","","1"
"2024-08","Canada","2016A000011124","Health and personal care","2002=100","17","units","0","v41691153","2.201","151.1","","","","1"
"2024-09","Canada","2016A000011124","Health and personal care","2002=100","17","units","0","v41691153","2.201","151.9","","","","1"
"2024-10","Canada","2016A000011124","Health and personal care","2002=100","17","units","0","v41691153","2.201","151.9","","","","1"
"2024-11","Canada","2016A000011124","Health and personal care","2002=100","17","units","0","v41691153","2.201","151.6","","","","1"
"2024-12","Canada","2016A000011124","Health and personal care","2002=100","17","units","0","v41691153","2.201","151.3","","","","1"
"2025-01","Canada","2016A000011124","Health and personal care","2002=100","17","units","0","v41691153","2.201","151.1","","","","1"
"2025-02","Canada","2016A000011124","Health and personal care","2002=100","17","units","0","v41691153","2.201","151.9","","","","1"
"2025-03","Canada","2016A000011124","Health and personal care","2002=100","17","units","0","v41691153","2.201","152.0","","","","1"
"2025-04","Canada","2016A000011124","Health and personal care","2002=100","17","units","0","v41691153","2.201","152.8","","","","1"
"2025-05","Canada","2016A000011124","Health and personal care","2002=100","17","units","0","v41691153","2.201","154.4","","","","1"
"2025-06","Canada","2016A000011124","Health and personal care","2002=100","17","units","0","v41691153","2.201","154.8","","","","1"
"2025-07","Canada","2016A000011124","Health and personal care","2002=100","17","units","0","v41691153","2.201","155.0","","","","1"
"2025-08","Canada","2016A000011124","Health and personal care","2002=100","17","units","0","v41691153","2.201","155.4","","","","1"
"2025-09","Canada","2016A000011124","Health and personal care","2002=100","17","units","0","v41691153","2.201","155.8","","","","1"
"2025-10","Canada","2016A000011124","Health and personal care","2002=100","17","units","0","v41691153","2.201","155.7","","","","1"
"2025-11","Canada","2016A000011124","Health and personal care","2002=100","17","units","0","v41691153","2.201","156.1","","","","1"
"1990-01","Canada","2016A000011124","Recreation, education and reading","2002=100","17","units","0","v41691170","2.219","70.9","","","","1"
"1990-02","Canada","2016A000011124","Recreation, education and reading","2002=100","17","units","0","v41691170","2.219","71.6","","","","1"
"1990-03","Canada","2016A000011124","Recreation, education and reading","2002=100","17","units","0","v41691170","2.219","72.0","","","","1"
"1990-04","Canada","2016A000011124","Recreation, education and reading","2002=100","17","units","0","v41691170","2.219","72.1","","","","1"
"1990-05","Canada","2016A000011124","Recreation, education and reading","2002=100","17","units","0","v41691170","2.219","72.7","","","","1"
"1990-06","Canada","2016A000011124","Recreation, education and reading","2002=100","17","units","0","v41691170","2.219","72.7","","","","1"
"1990-07","Canada","2016A000011124","Recreation, education and reading","2002=100","17","units","0","v41691170","2.219","73.5","","","","1"
"1990-08","Canada","2016A000011124","Recreation, education and reading","2002=100","17","units","0","v41691170","2.219","73.6","","","","1"
"1990-09","Canada","2016A000011124","Recreation, education and reading","2002=100","17","units","0","v41691170","2.219","74.7","","","","1"
"1990-10","Canada","2016A000011124","Recreation, education and reading","2002=100","17","units","0","v41691170","2.219","75.0","","","","1"
"1990-11","Canada","2016A000011124","Recreation, education and reading","2002=100","17","units","0","v41691170","2.219","75.0","","","","1"
"1990-12","Canada","2016A000011124","Recreation, education and reading","2002=100","17","units","0","v41691170","2.219","75.0","","","","1"
"1991-01","Canada","2016A000011124","Recreation, education and reading","2002=100","17","units","0","v41691170","2.219","77.0","","","","1"
"1991-02","Canada","2016A000011124","Recreation, education and reading","2002=100","17","units","0","v41691170","2.219","77.3","","","","1"
"1991-03","Canada","2016A000011124","Recreation, education and reading","2002=100","17","units","0","v41691170","2.219","77.7","","","","1"
"1991-04","Canada","2016A000011124","Recreation, education and reading","2002=100","17","units","0","v41691170","2.219","77.6","","","","1"
"1991-05","Canada","2016A000011124","Recreation, education and reading","2002=100","17","units","0","v41691170","2.219","78.0","","","","1"
"1991-06","Canada","2016A000011124","Recreation, education and reading","2002=100","17","units","0","v41691170","2.219","77.8","","","","1"
"1991-07","Canada","2016A000011124","Recreation, education and reading","2002=100","17","units","0","v41691170","2.219","78.2","","","","1"
"1991-08","Canada","2016A000011124","Recreation, education and reading","2002=100","17","units","0","v41691170","2.219","78.3","","","","1"
"1991-09","Canada","2016A000011124","Recreation, education and reading","2002=100","17","units","0","v41691170","2.219","79.6","","","","1"
"1991-10","Canada","2016A000011124","Recreation, education and reading","2002=100","17","units","0","v41691170","2.219","79.4","","","","1"
"1991-11","Canada","2016A000011124","Recreation, education and reading","2002=100","17","units","0","v41691170","2.219","79.4","","","","1"
"1991-12","Canada","2016A000011124","Recreation, education and reading","2002=100","17","units","0","v41691170","2.219","78.8","","","","1"
"1992-01","Canada","2016A000011124","Recreation, education and reading","2002=100","17","units","0","v41691170","2.219","78.1","","","","1"
"1992-02","Canada","2016A000011124","Recreation, education and reading","2002=100","17","units","0","v41691170","2.219","78.5","","","","1"
"1992-03","Canada","2016A000011124","Recreation, education and reading","2002=100","17","units","0","v41691170","2.219","78.7","","","","1"
"1992-04","Canada","2016A000011124","Recreation, education and reading","2002=100","17","units","0","v41691170","2.219","78.4","","","","1"
"1992-05","Canada","2016A000011124","Recreation, education and reading","2002=100","17","units","0","v41691170","2.219","78.9","","","","1"
"1992-06","Canada","2016A000011124","Recreation, education and reading","2002=100","17","units","0","v41691170","2.219","78.8","","","","1"
"1992-07","Canada","2016A000011124","Recreation, education and reading","2002=100","17","units","0","v41691170","2.219","79.6","","","","1"
"1992-08","Canada","2016A000011124","Recreation, education and reading","2002=100","17","units","0","v41691170","2.219","79.6","","","","1"
"1992-09","Canada","2016A000011124","Recreation, education and reading","2002=100","17","units","0","v41691170","2.219","80.1","","","","1"
"1992-10","Canada","2016A000011124","Recreation, education and reading","2002=100","17","units","0","v41691170","2.219","79.8","","","","1"
"1992-11","Canada","2016A000011124","Recreation, education and reading","2002=100","17","units","0","v41691170","2.219","80.0","","","","1"
"1992-12","Canada","2016A000011124","Recreation, education and reading","2002=100","17","units","0","v41691170","2.219","79.6","","","","1"
"1993-01","Canada","2016A000011124","Recreation, education and reading","2002=100","17","units","0","v41691170","2.219","79.3","","","","1"
"1993-02","Canada","2016A000011124","Recreation, education and reading","2002=100","17","units","0","v41691170","2.219","79.9","","","","1"
"1993-03","Canada","2016A000011124","Recreation, education and reading","2002=100","17","units","0","v41691170","2.219","80.0","","","","1"
"1993-04","Canada","2016A000011124","Recreation, education and reading","2002=100","17","units","0","v41691170","2.219","80.3","","","","1"
"1993-05","Canada","2016A000011124","Recreation, education and reading","2002=100","17","units","0","v41691170","2.219","80.7","","","","1"
"1993-06","Canada","2016A000011124","Recreation, education and reading","2002=100","17","units","0","v41691170","2.219","80.8","","","","1"
"1993-07","Canada","2016A000011124","Recreation, education and reading","2002=100","17","units","0","v41691170","2.219","81.5","","","","1"
"1993-08","Canada","2016A000011124","Recreation, education and reading","2002=100","17","units","0","v41691170","2.219","81.5","","","","1"
"1993-09","Canada","2016A000011124","Recreation, education and reading","2002=100","17","units","0","v41691170","2.219","82.2","","","","1"
"1993-10","Canada","2016A000011124","Recreation, education and reading","2002=100","17","units","0","v41691170","2.219","82.2","","","","1"
"1993-11","Canada","2016A000011124","Recreation, education and reading","2002=100","17","units","0","v41691170","2.219","82.2","","","","1"
"1993-12","Canada","2016A000011124","Recreation, education and reading","2002=100","17","units","0","v41691170","2.219","82.0","","","","1"
"1994-01","Canada","2016A000011124","Recreation, education and reading","2002=100","17","units","0","v41691170","2.219","81.6","","","","1"
"1994-02","Canada","2016A000011124","Recreation, education and reading","2002=100","17","units","0","v41691170","2.219","82.2","","","","1"
"1994-03","Canada","2016A000011124","Recreation, education and reading","2002=100","17","units","0","v41691170","2.219","82.6","","","","1"
"1994-04","Canada","2016A000011124","Recreation, education and reading","2002=100","17","units","0","v41691170","2.219","82.6","","","","1"
"1994-05","Canada","2016A000011124","Recreation, education and reading","2002=100","17","units","0","v41691170","2.219","83.0","","","","1"
"1994-06","Canada","2016A000011124","Recreation, education and reading","2002=100","17","units","0","v41691170","2.219","83.0","","","","1"
"1994-07","Canada","2016A000011124","Recreation, education and reading","2002=100","17","units","0","v41691170","2.219","83.7","","","","1"
"1994-08","Canada","2016A000011124","Recreation, education and reading","2002=100","17","units","0","v41691170","2.219","83.8","","","","1"
"1994-09","Canada","2016A000011124","Recreation, education and reading","2002=100","17","units","0","v41691170","2.219","84.9","","","","1"
"1994-10","Canada","2016A000011124","Recreation, education and reading","2002=100","17","units","0","v41691170","2.219","84.8","","","","1"
"1994-11","Canada","2016A000011124","Recreation, education and reading","2002=100","17","units","0","v41691170","2.219","84.9","","","","1"
"1994-12","Canada","2016A000011124","Recreation, education and reading","2002=100","17","units","0","v41691170","2.219","84.6","","","","1"
"1995-01","Canada","2016A000011124","Recreation, education and reading","2002=100","17","units","0","v41691170","2.219","83.9","","","","1"
"1995-02","Canada","2016A000011124","Recreation, education and reading","2002=100","17","units","0","v41691170","2.219","84.7","","","","1"
"1995-03","Canada","2016A000011124","Recreation, education and reading","2002=100","17","units","0","v41691170","2.219","85.5","","","","1"
"1995-04","Canada","2016A000011124","Recreation, education and reading","2002=100","17","units","0","v41691170","2.219","85.6","","","","1"
"1995-05","Canada","2016A000011124","Recreation, education and reading","2002=100","17","units","0","v41691170","2.219","86.4","","","","1"
"1995-06","Canada","2016A000011124","Recreation, education and reading","2002=100","17","units","0","v41691170","2.219","86.5","","","","1"
"1995-07","Canada","2016A000011124","Recreation, education and reading","2002=100","17","units","0","v41691170","2.219","88.2","","","","1"
"1995-08","Canada","2016A000011124","Recreation, education and reading","2002=100","17","units","0","v41691170","2.219","88.1","","","","1"
"1995-09","Canada","2016A000011124","Recreation, education and reading","2002=100","17","units","0","v41691170","2.219","88.7","","","","1"
"1995-10","Canada","2016A000011124","Recreation, education and reading","2002=100","17","units","0","v41691170","2.219","87.9","","","","1"
"1995-11","Canada","2016A000011124","Recreation, education and reading","2002=100","17","units","0","v41691170","2.219","88.1","","","","1"
"1995-12","Canada","2016A000011124","Recreation, education and reading","2002=100","17","units","0","v41691170","2.219","86.4","","","","1"
"1996-01","Canada","2016A000011124","Recreation, education and reading","2002=100","17","units","0","v41691170","2.219","86.1","","","","1"
"1996-02","Canada","2016A000011124","Recreation, education and reading","2002=100","17","units","0","v41691170","2.219","86.7","","","","1"
"1996-03","Canada","2016A000011124","Recreation, education and reading","2002=100","17","units","0","v41691170","2.219","87.1","","","","1"
"1996-04","Canada","2016A000011124","Recreation, education and reading","2002=100","17","units","0","v41691170","2.219","87.3","","","","1"
"1996-05","Canada","2016A000011124","Recreation, education and reading","2002=100","17","units","0","v41691170","2.219","88.3","","","","1"
"1996-06","Canada","2016A000011124","Recreation, education and reading","2002=100","17","units","0","v41691170","2.219","88.4","","","","1"
"1996-07","Canada","2016A000011124","Recreation, education and reading","2002=100","17","units","0","v41691170","2.219","90.5","","","","1"
"1996-08","Canada","2016A000011124","Recreation, education and reading","2002=100","17","units","0","v41691170","2.219","90.5","","","","1"
"1996-09","Canada","2016A000011124","Recreation, education and reading","2002=100","17","units","0","v41691170","2.219","90.9","","","","1"
"1996-10","Canada","2016A000011124","Recreation, education and reading","2002=100","17","units","0","v41691170","2.219","90.7","","","","1"
"1996-11","Canada","2016A000011124","Recreation, education and reading","2002=100","17","units","0","v41691170","2.219","89.4","","","","1"
"1996-12","Canada","2016A000011124","Recreation, education and reading","2002=100","17","units","0","v41691170","2.219","89.0","","","","1"
"1997-01","Canada","2016A000011124","Recreation, education and reading","2002=100","17","units","0","v41691170","2.219","88.7","","","","1"
"1997-02","Canada","2016A000011124","Recreation, education and reading","2002=100","17","units","0","v41691170","2.219","89.3","","","","1"
"1997-03","Canada","2016A000011124","Recreation, education and reading","2002=100","17","units","0","v41691170","2.219","89.8","","","","1"
"1997-04","Canada","2016A000011124","Recreation, education and reading","2002=100","17","units","0","v41691170","2.219","89.9","","","","1"
"1997-05","Canada","2016A000011124","Recreation, education and reading","2002=100","17","units","0","v41691170","2.219","90.8","","","","1"
"1997-06","Canada","2016A000011124","Recreation, education and reading","2002=100","17","units","0","v41691170","2.219","91.8","","","","1"
"1997-07","Canada","2016A000011124","Recreation, education and reading","2002=100","17","units","0","v41691170","2.219","92.4","","","","1"
"1997-08","Canada","2016A000011124","Recreation, education and reading","2002=100","17","units","0","v41691170","2.219","92.4","","","","1"
"1997-09","Canada","2016A000011124","Recreation, education and reading","2002=100","17","units","0","v41691170","2.219","92.8","","","","1"
"1997-10","Canada","2016A000011124","Recreation, education and reading","2002=100","17","units","0","v41691170","2.219","92.6","","","","1"
"1997-11","Canada","2016A000011124","Recreation, education and reading","2002=100","17","units","0","v41691170","2.219","91.0","","","","1"
"1997-12","Canada","2016A000011124","Recreation, education and reading","2002=100","17","units","0","v41691170","2.219","90.4","","","","1"
"1998-01","Canada","2016A000011124","Recreation, education and reading","2002=100","17","units","0","v41691170","2.219","90.3","","","","1"
"1998-02","Canada","2016A000011124","Recreation, education and reading","2002=100","17","units","0","v41691170","2.219","91.8","","","","1"
"1998-03","Canada","2016A000011124","Recreation, education and reading","2002=100","17","units","0","v41691170","2.219","92.1","","","","1"
"1998-04","Canada","2016A000011124","Recreation, education and reading","2002=100","17","units","0","v41691170","2.219","92.1","","","","1"
"1998-05","Canada","2016A000011124","Recreation, education and reading","2002=100","17","units","0","v41691170","2.219","93.6","","","","1"
"1998-06","Canada","2016A000011124","Recreation, education and reading","2002=100","17","units","0","v41691170","2.219","93.8","","","","1"
"1998-07","Canada","2016A000011124","Recreation, education and reading","2002=100","17","units","0","v41691170","2.219","94.6","","","","1"
"1998-08","Canada","2016A000011124","Recreation, education and reading","2002=100","17","units","0","v41691170","2.219","94.5","","","","1"
"1998-09","Canada","2016A000011124","Recreation, education and reading","2002=100","17","units","0","v41691170","2.219","94.2","","","","1"
"1998-10","Canada","2016A000011124","Recreation, education and reading","2002=100","17","units","0","v41691170","2.219","94.3","","","","1"
"1998-11","Canada","2016A000011124","Recreation, education and reading","2002=100","17","units","0","v41691170","2.219","92.8","","","","1"
"1998-12","Canada","2016A000011124","Recreation, education and reading","2002=100","17","units","0","v41691170","2.219","92.2","","","","1"
"1999-01","Canada","2016A000011124","Recreation, education and reading","2002=100","17","units","0","v41691170","2.219","91.4","","","","1"
"1999-02","Canada","2016A000011124","Recreation, education and reading","2002=100","17","units","0","v41691170","2.219","92.4","","","","1"
"1999-03","Canada","2016A000011124","Recreation, education and reading","2002=100","17","units","0","v41691170","2.219","92.9","","","","1"
"1999-04","Canada","2016A000011124","Recreation, education and reading","2002=100","17","units","0","v41691170","2.219","93.1","","","","1"
"1999-05","Canada","2016A000011124","Recreation, education and reading","2002=100","17","units","0","v41691170","2.219","94.7","","","","1"
"1999-06","Canada","2016A000011124","Recreation, education and reading","2002=100","17","units","0","v41691170","2.219","95.5","","","","1"
"1999-07","Canada","2016A000011124","Recreation, education and reading","2002=100","17","units","0","v41691170","2.219","96.3","","","","1"
"1999-08","Canada","2016A000011124","Recreation, education and reading","2002=100","17","units","0","v41691170","2.219","96.4","","","","1"
"1999-09","Canada","2016A000011124","Recreation, education and reading","2002=100","17","units","0","v41691170","2.219","96.9","","","","1"
"1999-10","Canada","2016A000011124","Recreation, education and reading","2002=100","17","units","0","v41691170","2.219","96.5","","","","1"
"1999-11","Canada","2016A000011124","Recreation, education and reading","2002=100","17","units","0","v41691170","2.219","95.2","","","","1"
"1999-12","Canada","2016A000011124","Recreation, education and reading","2002=100","17","units","0","v41691170","2.219","94.5","","","","1"
"2000-01","Canada","2016A000011124","Recreation, education and reading","2002=100","17","units","0","v41691170","2.219","93.8","","","","1"
"2000-02","Canada","2016A000011124","Recreation, education and reading","2002=100","17","units","0","v41691170","2.219","94.9","","","","1"
"2000-03","Canada","2016A000011124","Recreation, education and reading","2002=100","17","units","0","v41691170","2.219","95.6","","","","1"
"2000-04","Canada","2016A000011124","Recreation, education and reading","2002=100","17","units","0","v41691170","2.219","95.7","","","","1"
"2000-05","Canada","2016A000011124","Recreation, education and reading","2002=100","17","units","0","v41691170","2.219","97.1","","","","1"
"2000-06","Canada","2016A000011124","Recreation, education and reading","2002=100","17","units","0","v41691170","2.219","98.1","","","","1"
"2000-07","Canada","2016A000011124","Recreation, education and reading","2002=100","17","units","0","v41691170","2.219","98.9","","","","1"
"2000-08","Canada","2016A000011124","Recreation, education and reading","2002=100","17","units","0","v41691170","2.219","98.8","","","","1"
"2000-09","Canada","2016A000011124","Recreation, education and reading","2002=100","17","units","0","v41691170","2.219","98.8","","","","1"
"2000-10","Canada","2016A000011124","Recreation, education and reading","2002=100","17","units","0","v41691170","2.219","98.5","","","","1"
"2000-11","Canada","2016A000011124","Recreation, education and reading","2002=100","17","units","0","v41691170","2.219","96.9","","","","1"
"2000-12","Canada","2016A000011124","Recreation, education and reading","2002=100","17","units","0","v41691170","2.219","96.6","","","","1"
"2001-01","Canada","2016A000011124","Recreation, education and reading","2002=100","17","units","0","v41691170","2.219","96.1","","","","1"
"2001-02","Canada","2016A000011124","Recreation, education and reading","2002=100","17","units","0","v41691170","2.219","97.3","","","","1"
"2001-03","Canada","2016A000011124","Recreation, education and reading","2002=100","17","units","0","v41691170","2.219","97.7","","","","1"
"2001-04","Canada","2016A000011124","Recreation, education and reading","2002=100","17","units","0","v41691170","2.219","98.1","","","","1"
"2001-05","Canada","2016A000011124","Recreation, education and reading","2002=100","17","units","0","v41691170","2.219","99.2","","","","1"
"2001-06","Canada","2016A000011124","Recreation, education and reading","2002=100","17","units","0","v41691170","2.219","99.4","","","","1"
"2001-07","Canada","2016A000011124","Recreation, education and reading","2002=100","17","units","0","v41691170","2.219","99.9","","","","1"
"2001-08","Canada","2016A000011124","Recreation, education and reading","2002=100","17","units","0","v41691170","2.219","99.9","","","","1"
"2001-09","Canada","2016A000011124","Recreation, education and reading","2002=100","17","units","0","v41691170","2.219","99.7","","","","1"
"2001-10","Canada","2016A000011124","Recreation, education and reading","2002=100","17","units","0","v41691170","2.219","98.6","","","","1"
"2001-11","Canada","2016A000011124","Recreation, education and reading","2002=100","17","units","0","v41691170","2.219","97.5","","","","1"
"2001-12","Canada","2016A000011124","Recreation, education and reading","2002=100","17","units","0","v41691170","2.219","97.3","","","","1"
"2002-01","Canada","2016A000011124","Recreation, education and reading","2002=100","17","units","0","v41691170","2.219","96.8","","","","1"
"2002-02","Canada","2016A000011124","Recreation, education and reading","2002=100","17","units","0","v41691170","2.219","98.2","","","","1"
"2002-03","Canada","2016A000011124","Recreation, education and reading","2002=100","17","units","0","v41691170","2.219","98.9","","","","1"
"2002-04","Canada","2016A000011124","Recreation, education and reading","2002=100","17","units","0","v41691170","2.219","98.7","","","","1"
"2002-05","Canada","2016A000011124","Recreation, education and reading","2002=100","17","units","0","v41691170","2.219","100.4","","","","1"
"2002-06","Canada","2016A000011124","Recreation, education and reading","2002=100","17","units","0","v41691170","2.219","100.7","","","","1"
"2002-07","Canada","2016A000011124","Recreation, education and reading","2002=100","17","units","0","v41691170","2.219","101.7","","","","1"
"2002-08","Canada","2016A000011124","Recreation, education and reading","2002=100","17","units","0","v41691170","2.219","101.7","","","","1"
"2002-09","Canada","2016A000011124","Recreation, education and reading","2002=100","17","units","0","v41691170","2.219","101.9","","","","1"
"2002-10","Canada","2016A000011124","Recreation, education and reading","2002=100","17","units","0","v41691170","2.219","101.1","","","","1"
"2002-11","Canada","2016A000011124","Recreation, education and reading","2002=100","17","units","0","v41691170","2.219","100.3","","","","1"
"2002-12","Canada","2016A000011124","Recreation, education and reading","2002=100","17","units","0","v41691170","2.219","99.7","","","","1"
"2003-01","Canada","2016A000011124","Recreation, education and reading","2002=100","17","units","0","v41691170","2.219","99.3","","","","1"
"2003-02","Canada","2016A000011124","Recreation, education and reading","2002=100","17","units","0","v41691170","2.219","100.6","","","","1"
"2003-03","Canada","2016A000011124","Recreation, education and reading","2002=100","17","units","0","v41691170","2.219","100.3","","","","1"
"2003-04","Canada","2016A000011124","Recreation, education and reading","2002=100","17","units","0","v41691170","2.219","100.0","","","","1"
"2003-05","Canada","2016A000011124","Recreation, education and reading","2002=100","17","units","0","v41691170","2.219","100.7","","","","1"
"2003-06","Canada","2016A000011124","Recreation, education and reading","2002=100","17","units","0","v41691170","2.219","101.0","","","","1"
"2003-07","Canada","2016A000011124","Recreation, education and reading","2002=100","17","units","0","v41691170","2.219","101.2","","","","1"
"2003-08","Canada","2016A000011124","Recreation, education and reading","2002=100","17","units","0","v41691170","2.219","101.4","","","","1"
"2003-09","Canada","2016A000011124","Recreation, education and reading","2002=100","17","units","0","v41691170","2.219","102.0","","","","1"
"2003-10","Canada","2016A000011124","Recreation, education and reading","2002=100","17","units","0","v41691170","2.219","101.6","","","","1"
"2003-11","Canada","2016A000011124","Recreation, education and reading","2002=100","17","units","0","v41691170","2.219","100.9","","","","1"
"2003-12","Canada","2016A000011124","Recreation, education and reading","2002=100","17","units","0","v41691170","2.219","100.1","","","","1"
"2004-01","Canada","2016A000011124","Recreation, education and reading","2002=100","17","units","0","v41691170","2.219","99.1","","","","1"
"2004-02","Canada","2016A000011124","Recreation, education and reading","2002=100","17","units","0","v41691170","2.219","100.2","","","","1"
"2004-03","Canada","2016A000011124","Recreation, education and reading","2002=100","17","units","0","v41691170","2.219","100.8","","","","1"
"2004-04","Canada","2016A000011124","Recreation, education and reading","2002=100","17","units","0","v41691170","2.219","100.6","","","","1"
"2004-05","Canada","2016A000011124","Recreation, education and reading","2002=100","17","units","0","v41691170","2.219","101.6","","","","1"
"2004-06","Canada","2016A000011124","Recreation, education and reading","2002=100","17","units","0","v41691170","2.219","101.7","","","","1"
"2004-07","Canada","2016A000011124","Recreation, education and reading","2002=100","17","units","0","v41691170","2.219","102.1","","","","1"
"2004-08","Canada","2016A000011124","Recreation, education and reading","2002=100","17","units","0","v41691170","2.219","101.8","","","","1"
"2004-09","Canada","2016A000011124","Recreation, education and reading","2002=100","17","units","0","v41691170","2.219","102.4","","","","1"
"2004-10","Canada","2016A000011124","Recreation, education and reading","2002=100","17","units","0","v41691170","2.219","101.6","","","","1"
"2004-11","Canada","2016A000011124","Recreation, education and reading","2002=100","17","units","0","v41691170","2.219","100.9","","","","1"
"2004-12","Canada","2016A000011124","Recreation, education and reading","2002=100","17","units","0","v41691170","2.219","100.5","","","","1"
"2005-01","Canada","2016A000011124","Recreation, education and reading","2002=100","17","units","0","v41691170","2.219","99.3","","","","1"
"2005-02","Canada","2016A000011124","Recreation, education and reading","2002=100","17","units","0","v41691170","2.219","100.0","","","","1"
"2005-03","Canada","2016A000011124","Recreation, education and reading","2002=100","17","units","0","v41691170","2.219","100.4","","","","1"
"2005-04","Canada","2016A000011124","Recreation, education and reading","2002=100","17","units","0","v41691170","2.219","100.4","","","","1"
"2005-05","Canada","2016A000011124","Recreation, education and reading","2002=100","17","units","0","v41691170","2.219","100.9","","","","1"
"2005-06","Canada","2016A000011124","Recreation, education and reading","2002=100","17","units","0","v41691170","2.219","101.1","","","","1"
"2005-07","Canada","2016A000011124","Recreation, education and reading","2002=100","17","units","0","v41691170","2.219","101.7","","","","1"
"2005-08","Canada","2016A000011124","Recreation, education and reading","2002=100","17","units","0","v41691170","2.219","101.7","","","","1"
"2005-09","Canada","2016A000011124","Recreation, education and reading","2002=100","17","units","0","v41691170","2.219","102.2","","","","1"
"2005-10","Canada","2016A000011124","Recreation, education and reading","2002=100","17","units","0","v41691170","2.219","101.3","","","","1"
"2005-11","Canada","2016A000011124","Recreation, education and reading","2002=100","17","units","0","v41691170","2.219","100.6","","","","1"
"2005-12","Canada","2016A000011124","Recreation, education and reading","2002=100","17","units","0","v41691170","2.219","100.2","","","","1"
"2006-01","Canada","2016A000011124","Recreation, education and reading","2002=100","17","units","0","v41691170","2.219","99.1","","","","1"
"2006-02","Canada","2016A000011124","Recreation, education and reading","2002=100","17","units","0","v41691170","2.219","99.7","","","","1"
"2006-03","Canada","2016A000011124","Recreation, education and reading","2002=100","17","units","0","v41691170","2.219","100.2","","","","1"
"2006-04","Canada","2016A000011124","Recreation, education and reading","2002=100","17","units","0","v41691170","2.219","100.2","","","","1"
"2006-05","Canada","2016A000011124","Recreation, education and reading","2002=100","17","units","0","v41691170","2.219","101.5","","","","1"
"2006-06","Canada","2016A000011124","Recreation, education and reading","2002=100","17","units","0","v41691170","2.219","101.3","","","","1"
"2006-07","Canada","2016A000011124","Recreation, education and reading","2002=100","17","units","0","v41691170","2.219","101.3","","","","1"
"2006-08","Canada","2016A000011124","Recreation, education and reading","2002=100","17","units","0","v41691170","2.219","101.2","","","","1"
"2006-09","Canada","2016A000011124","Recreation, education and reading","2002=100","17","units","0","v41691170","2.219","101.5","","","","1"
"2006-10","Canada","2016A000011124","Recreation, education and reading","2002=100","17","units","0","v41691170","2.219","100.9","","","","1"
"2006-11","Canada","2016A000011124","Recreation, education and reading","2002=100","17","units","0","v41691170","2.219","100.5","","","","1"
"2006-12","Canada","2016A000011124","Recreation, education and reading","2002=100","17","units","0","v41691170","2.219","100.1","","","","1"
"2007-01","Canada","2016A000011124","Recreation, education and reading","2002=100","17","units","0","v41691170","2.219","99.2","","","","1"
"2007-02","Canada","2016A000011124","Recreation, education and reading","2002=100","17","units","0","v41691170","2.219","100.2","","","","1"
"2007-03","Canada","2016A000011124","Recreation, education and reading","2002=100","17","units","0","v41691170","2.219","100.9","","","","1"
"2007-04","Canada","2016A000011124","Recreation, education and reading","2002=100","17","units","0","v41691170","2.219","100.9","","","","1"
"2007-05","Canada","2016A000011124","Recreation, education and reading","2002=100","17","units","0","v41691170","2.219","102.2","","","","1"
"2007-06","Canada","2016A000011124","Recreation, education and reading","2002=100","17","units","0","v41691170","2.219","102.5","","","","1"
"2007-07","Canada","2016A000011124","Recreation, education and reading","2002=100","17","units","0","v41691170","2.219","103.0","","","","1"
"2007-08","Canada","2016A000011124","Recreation, education and reading","2002=100","17","units","0","v41691170","2.219","102.9","","","","1"
"2007-09","Canada","2016A000011124","Recreation, education and reading","2002=100","17","units","0","v41691170","2.219","103.4","","","","1"
"2007-10","Canada","2016A000011124","Recreation, education and reading","2002=100","17","units","0","v41691170","2.219","102.7","","","","1"
"2007-11","Canada","2016A000011124","Recreation, education and reading","2002=100","17","units","0","v41691170","2.219","102.0","","","","1"
"2007-12","Canada","2016A000011124","Recreation, education and reading","2002=100","17","units","0","v41691170","2.219","101.2","","","","1"
"2008-01","Canada","2016A000011124","Recreation, education and reading","2002=100","17","units","0","v41691170","2.219","99.6","","","","1"
"2008-02","Canada","2016A000011124","Recreation, education and reading","2002=100","17","units","0","v41691170","2.219","100.8","","","","1"
"2008-03","Canada","2016A000011124","Recreation, education and reading","2002=100","17","units","0","v41691170","2.219","101.3","","","","1"
"2008-04","Canada","2016A000011124","Recreation, education and reading","2002=100","17","units","0","v41691170","2.219","101.6","","","","1"
"2008-05","Canada","2016A000011124","Recreation, education and reading","2002=100","17","units","0","v41691170","2.219","102.9","","","","1"
"2008-06","Canada","2016A000011124","Recreation, education and reading","2002=100","17","units","0","v41691170","2.219","102.9","","","","1"
"2008-07","Canada","2016A000011124","Recreation, education and reading","2002=100","17","units","0","v41691170","2.219","103.2","","","","1"
"2008-08","Canada","2016A000011124","Recreation, education and reading","2002=100","17","units","0","v41691170","2.219","103.5","","","","1"
"2008-09","Canada","2016A000011124","Recreation, education and reading","2002=100","17","units","0","v41691170","2.219","103.9","","","","1"
"2008-10","Canada","2016A000011124","Recreation, education and reading","2002=100","17","units","0","v41691170","2.219","103.0","","","","1"
"2008-11","Canada","2016A000011124","Recreation, education and reading","2002=100","17","units","0","v41691170","2.219","101.9","","","","1"
"2008-12","Canada","2016A000011124","Recreation, education and reading","2002=100","17","units","0","v41691170","2.219","101.2","","","","1"
"2009-01","Canada","2016A000011124","Recreation, education and reading","2002=100","17","units","0","v41691170","2.219","99.7","","","","1"
"2009-02","Canada","2016A000011124","Recreation, education and reading","2002=100","17","units","0","v41691170","2.219","101.1","","","","1"
"2009-03","Canada","2016A000011124","Recreation, education and reading","2002=100","17","units","0","v41691170","2.219","101.8","","","","1"
"2009-04","Canada","2016A000011124","Recreation, education and reading","2002=100","17","units","0","v41691170","2.219","102.4","","","","1"
"2009-05","Canada","2016A000011124","Recreation, education and reading","2002=100","17","units","0","v41691170","2.219","103.8","","","","1"
"2009-06","Canada","2016A000011124","Recreation, education and reading","2002=100","17","units","0","v41691170","2.219","103.8","","","","1"
"2009-07","Canada","2016A000011124","Recreation, education and reading","2002=100","17","units","0","v41691170","2.219","104.3","","","","1"
"2009-08","Canada","2016A000011124","Recreation, education and reading","2002=100","17","units","0","v41691170","2.219","104.4","","","","1"
"2009-09","Canada","2016A000011124","Recreation, education and reading","2002=100","17","units","0","v41691170","2.219","104.9","","","","1"
"2009-10","Canada","2016A000011124","Recreation, education and reading","2002=100","17","units","0","v41691170","2.219","104.5","","","","1"
"2009-11","Canada","2016A000011124","Recreation, education and reading","2002=100","17","units","0","v41691170","2.219","103.7","","","","1"
"2009-12","Canada","2016A000011124","Recreation, education and reading","2002=100","17","units","0","v41691170","2.219","102.8","","","","1"
"2010-01","Canada","2016A000011124","Recreation, education and reading","2002=100","17","units","0","v41691170","2.219","101.1","","","","1"
"2010-02","Canada","2016A000011124","Recreation, education and reading","2002=100","17","units","0","v41691170","2.219","104.1","","","","1"
"2010-03","Canada","2016A000011124","Recreation, education and reading","2002=100","17","units","0","v41691170","2.219","102.5","","","","1"
"2010-04","Canada","2016A000011124","Recreation, education and reading","2002=100","17","units","0","v41691170","2.219","102.9","","","","1"
"2010-05","Canada","2016A000011124","Recreation, education and reading","2002=100","17","units","0","v41691170","2.219","103.6","","","","1"
"2010-06","Canada","2016A000011124","Recreation, education and reading","2002=100","17","units","0","v41691170","2.219","104.2","","","","1"
"2010-07","Canada","2016A000011124","Recreation, education and reading","2002=100","17","units","0","v41691170","2.219","105.1","","","","1"
"2010-08","Canada","2016A000011124","Recreation, education and reading","2002=100","17","units","0","v41691170","2.219","105.0","","","","1"
"2010-09","Canada","2016A000011124","Recreation, education and reading","2002=100","17","units","0","v41691170","2.219","105.6","","","","1"
"2010-10","Canada","2016A000011124","Recreation, education and reading","2002=100","17","units","0","v41691170","2.219","105.2","","","","1"
"2010-11","Canada","2016A000011124","Recreation, education and reading","2002=100","17","units","0","v41691170","2.219","104.3","","","","1"
"2010-12","Canada","2016A000011124","Recreation, education and reading","2002=100","17","units","0","v41691170","2.219","103.9","","","","1"
"2011-01","Canada","2016A000011124","Recreation, education and reading","2002=100","17","units","0","v41691170","2.219","102.7","","","","1"
"2011-02","Canada","2016A000011124","Recreation, education and reading","2002=100","17","units","0","v41691170","2.219","103.8","","","","1"
"2011-03","Canada","2016A000011124","Recreation, education and reading","2002=100","17","units","0","v41691170","2.219","104.9","","","","1"
"2011-04","Canada","2016A000011124","Recreation, education and reading","2002=100","17","units","0","v41691170","2.219","105.1","","","","1"
"2011-05","Canada","2016A000011124","Recreation, education and reading","2002=100","17","units","0","v41691170","2.219","106.1","","","","1"
"2011-06","Canada","2016A000011124","Recreation, education and reading","2002=100","17","units","0","v41691170","2.219","106.0","","","","1"
"2011-07","Canada","2016A000011124","Recreation, education and reading","2002=100","17","units","0","v41691170","2.219","106.8","","","","1"
"2011-08","Canada","2016A000011124","Recreation, education and reading","2002=100","17","units","0","v41691170","2.219","106.4","","","","1"
"2011-09","Canada","2016A000011124","Recreation, education and reading","2002=100","17","units","0","v41691170","2.219","106.9","","","","1"
"2011-10","Canada","2016A000011124","Recreation, education and reading","2002=100","17","units","0","v41691170","2.219","106.0","","","","1"
"2011-11","Canada","2016A000011124","Recreation, education and reading","2002=100","17","units","0","v41691170","2.219","104.8","","","","1"
"2011-12","Canada","2016A000011124","Recreation, education and reading","2002=100","17","units","0","v41691170","2.219","104.1","","","","1"
"2012-01","Canada","2016A000011124","Recreation, education and reading","2002=100","17","units","0","v41691170","2.219","102.6","","","","1"
"2012-02","Canada","2016A000011124","Recreation, education and reading","2002=100","17","units","0","v41691170","2.219","103.7","","","","1"
"2012-03","Canada","2016A000011124","Recreation, education and reading","2002=100","17","units","0","v41691170","2.219","104.9","","","","1"
"2012-04","Canada","2016A000011124","Recreation, education and reading","2002=100","17","units","0","v41691170","2.219","105.4","","","","1"
"2012-05","Canada","2016A000011124","Recreation, education and reading","2002=100","17","units","0","v41691170","2.219","106.7","","","","1"
"2012-06","Canada","2016A000011124","Recreation, education and reading","2002=100","17","units","0","v41691170","2.219","106.7","","","","1"
"2012-07","Canada","2016A000011124","Recreation, education and reading","2002=100","17","units","0","v41691170","2.219","107.2","","","","1"
"2012-08","Canada","2016A000011124","Recreation, education and reading","2002=100","17","units","0","v41691170","2.219","107.6","","","","1"
"2012-09","Canada","2016A000011124","Recreation, education and reading","2002=100","17","units","0","v41691170","2.219","107.7","","","","1"
"2012-10","Canada","2016A000011124","Recreation, education and reading","2002=100","17","units","0","v41691170","2.219","106.6","","","","1"
"2012-11","Canada","2016A000011124","Recreation, education and reading","2002=100","17","units","0","v41691170","2.219","106.1","","","","1"
"2012-12","Canada","2016A000011124","Recreation, education and reading","2002=100","17","units","0","v41691170","2.219","105.3","","","","1"
"2013-01","Canada","2016A000011124","Recreation, education and reading","2002=100","17","units","0","v41691170","2.219","103.7","","","","1"
"2013-02","Canada","2016A000011124","Recreation, education and reading","2002=100","17","units","0","v41691170","2.219","104.7","","","","1"
"2013-03","Canada","2016A000011124","Recreation, education and reading","2002=100","17","units","0","v41691170","2.219","105.2","","","","1"
"2013-04","Canada","2016A000011124","Recreation, education and reading","2002=100","17","units","0","v41691170","2.219","105.2","","","","1"
"2013-05","Canada","2016A000011124","Recreation, education and reading","2002=100","17","units","0","v41691170","2.219","106.5","","","","1"
"2013-06","Canada","2016A000011124","Recreation, education and reading","2002=100","17","units","0","v41691170","2.219","106.6","","","","1"
"2013-07","Canada","2016A000011124","Recreation, education and reading","2002=100","17","units","0","v41691170","2.219","107.7","","","","1"
"2013-08","Canada","2016A000011124","Recreation, education and reading","2002=100","17","units","0","v41691170","2.219","107.9","","","","1"
"2013-09","Canada","2016A000011124","Recreation, education and reading","2002=100","17","units","0","v41691170","2.219","107.9","","","","1"
"2013-10","Canada","2016A000011124","Recreation, education and reading","2002=100","17","units","0","v41691170","2.219","106.9","","","","1"
"2013-11","Canada","2016A000011124","Recreation, education and reading","2002=100","17","units","0","v41691170","2.219","106.2","","","","1"
"2013-12","Canada","2016A000011124","Recreation, education and reading","2002=100","17","units","0","v41691170","2.219","105.3","","","","1"
"2014-01","Canada","2016A000011124","Recreation, education and reading","2002=100","17","units","0","v41691170","2.219","104.7","","","","1"
"2014-02","Canada","2016A000011124","Recreation, education and reading","2002=100","17","units","0","v41691170","2.219","106.4","","","","1"
"2014-03","Canada","2016A000011124","Recreation, education and reading","2002=100","17","units","0","v41691170","2.219","106.5","","","","1"
"2014-04","Canada","2016A000011124","Recreation, education and reading","2002=100","17","units","0","v41691170","2.219","106.2","","","","1"
"2014-05","Canada","2016A000011124","Recreation, education and reading","2002=100","17","units","0","v41691170","2.219","107.8","","","","1"
"2014-06","Canada","2016A000011124","Recreation, education and reading","2002=100","17","units","0","v41691170","2.219","108.2","","","","1"
"2014-07","Canada","2016A000011124","Recreation, education and reading","2002=100","17","units","0","v41691170","2.219","108.9","","","","1"
"2014-08","Canada","2016A000011124","Recreation, education and reading","2002=100","17","units","0","v41691170","2.219","109.4","","","","1"
"2014-09","Canada","2016A000011124","Recreation, education and reading","2002=100","17","units","0","v41691170","2.219","109.6","","","","1"
"2014-10","Canada","2016A000011124","Recreation, education and reading","2002=100","17","units","0","v41691170","2.219","108.7","","","","1"
"2014-11","Canada","2016A000011124","Recreation, education and reading","2002=100","17","units","0","v41691170","2.219","106.8","","","","1"
"2014-12","Canada","2016A000011124","Recreation, education and reading","2002=100","17","units","0","v41691170","2.219","106.1","","","","1"
"2015-01","Canada","2016A000011124","Recreation, education and reading","2002=100","17","units","0","v41691170","2.219","105.6","","","","1"
"2015-02","Canada","2016A000011124","Recreation, education and reading","2002=100","17","units","0","v41691170","2.219","107.9","","","","1"
"2015-03","Canada","2016A000011124","Recreation, education and reading","2002=100","17","units","0","v41691170","2.219","108.7","","","","1"
"2015-04","Canada","2016A000011124","Recreation, education and reading","2002=100","17","units","0","v41691170","2.219","107.7","","","","1"
"2015-05","Canada","2016A000011124","Recreation, education and reading","2002=100","17","units","0","v41691170","2.219","109.9","","","","1"
"2015-06","Canada","2016A000011124","Recreation, education and reading","2002=100","17","units","0","v41691170","2.219","110.6","","","","1"
"2015-07","Canada","2016A000011124","Recreation, education and reading","2002=100","17","units","0","v41691170","2.219","111.2","","","","1"
"2015-08","Canada","2016A000011124","Recreation, education and reading","2002=100","17","units","0","v41691170","2.219","111.7","","","","1"
"2015-09","Canada","2016A000011124","Recreation, education and reading","2002=100","17","units","0","v41691170","2.219","112.3","","","","1"
"2015-10","Canada","2016A000011124","Recreation, education and reading","2002=100","17","units","0","v41691170","2.219","110.8","","","","1"
"2015-11","Canada","2016A000011124","Recreation, education and reading","2002=100","17","units","0","v41691170","2.219","108.8","","","","1"
"2015-12","Canada","2016A000011124","Recreation, education and reading","2002=100","17","units","0","v41691170","2.219","107.9","","","","1"
"2016-01","Canada","2016A000011124","Recreation, education and reading","2002=100","17","units","0","v41691170","2.219","107.9","","","","1"
"2016-02","Canada","2016A000011124","Recreation, education and reading","2002=100","17","units","0","v41691170","2.219","109.6","","","","1"
"2016-03","Canada","2016A000011124","Recreation, education and reading","2002=100","17","units","0","v41691170","2.219","110.9","","","","1"
"2016-04","Canada","2016A000011124","Recreation, education and reading","2002=100","17","units","0","v41691170","2.219","110.3","","","","1"
"2016-05","Canada","2016A000011124","Recreation, education and reading","2002=100","17","units","0","v41691170","2.219","111.7","","","","1"
"2016-06","Canada","2016A000011124","Recreation, education and reading","2002=100","17","units","0","v41691170","2.219","112.0","","","","1"
"2016-07","Canada","2016A000011124","Recreation, education and reading","2002=100","17","units","0","v41691170","2.219","113.3","","","","1"
"2016-08","Canada","2016A000011124","Recreation, education and reading","2002=100","17","units","0","v41691170","2.219","112.9","","","","1"
"2016-09","Canada","2016A000011124","Recreation, education and reading","2002=100","17","units","0","v41691170","2.219","113.8","","","","1"
"2016-10","Canada","2016A000011124","Recreation, education and reading","2002=100","17","units","0","v41691170","2.219","112.4","","","","1"
"2016-11","Canada","2016A000011124","Recreation, education and reading","2002=100","17","units","0","v41691170","2.219","111.1","","","","1"
"2016-12","Canada","2016A000011124","Recreation, education and reading","2002=100","17","units","0","v41691170","2.219","110.2","","","","1"
"2017-01","Canada","2016A000011124","Recreation, education and reading","2002=100","17","units","0","v41691170","2.219","111.3","","","","1"
"2017-02","Canada","2016A000011124","Recreation, education and reading","2002=100","17","units","0","v41691170","2.219","113.2","","","","1"
"2017-03","Canada","2016A000011124","Recreation, education and reading","2002=100","17","units","0","v41691170","2.219","114.9","","","","1"
"2017-04","Canada","2016A000011124","Recreation, education and reading","2002=100","17","units","0","v41691170","2.219","113.9","","","","1"
"2017-05","Canada","2016A000011124","Recreation, education and reading","2002=100","17","units","0","v41691170","2.219","114.5","","","","1"
"2017-06","Canada","2016A000011124","Recreation, education and reading","2002=100","17","units","0","v41691170","2.219","114.9","","","","1"
"2017-07","Canada","2016A000011124","Recreation, education and reading","2002=100","17","units","0","v41691170","2.219","115.8","","","","1"
"2017-08","Canada","2016A000011124","Recreation, education and reading","2002=100","17","units","0","v41691170","2.219","115.3","","","","1"
"2017-09","Canada","2016A000011124","Recreation, education and reading","2002=100","17","units","0","v41691170","2.219","116.2","","","","1"
"2017-10","Canada","2016A000011124","Recreation, education and reading","2002=100","17","units","0","v41691170","2.219","114.1","","","","1"
"2017-11","Canada","2016A000011124","Recreation, education and reading","2002=100","17","units","0","v41691170","2.219","113.0","","","","1"
"2017-12","Canada","2016A000011124","Recreation, education and reading","2002=100","17","units","0","v41691170","2.219","111.2","","","","1"
"2018-01","Canada","2016A000011124","Recreation, education and reading","2002=100","17","units","0","v41691170","2.219","111.8","","","","1"
"2018-02","Canada","2016A000011124","Recreation, education and reading","2002=100","17","units","0","v41691170","2.219","114.1","","","","1"
"2018-03","Canada","2016A000011124","Recreation, education and reading","2002=100","17","units","0","v41691170","2.219","116.4","","","","1"
"2018-04","Canada","2016A000011124","Recreation, education and reading","2002=100","17","units","0","v41691170","2.219","113.7","","","","1"
"2018-05","Canada","2016A000011124","Recreation, education and reading","2002=100","17","units","0","v41691170","2.219","116.5","","","","1"
"2018-06","Canada","2016A000011124","Recreation, education and reading","2002=100","17","units","0","v41691170","2.219","115.6","","","","1"
"2018-07","Canada","2016A000011124","Recreation, education and reading","2002=100","17","units","0","v41691170","2.219","117.9","","","","1"
"2018-08","Canada","2016A000011124","Recreation, education and reading","2002=100","17","units","0","v41691170","2.219","117.5","","","","1"
"2018-09","Canada","2016A000011124","Recreation, education and reading","2002=100","17","units","0","v41691170","2.219","117.0","","","","1"
"2018-10","Canada","2016A000011124","Recreation, education and reading","2002=100","17","units","0","v41691170","2.219","116.1","","","","1"
"2018-11","Canada","2016A000011124","Recreation, education and reading","2002=100","17","units","0","v41691170","2.219","114.3","","","","1"
"2018-12","Canada","2016A000011124","Recreation, education and reading","2002=100","17","units","0","v41691170","2.219","112.9","","","","1"
"2019-01","Canada","2016A000011124","Recreation, education and reading","2002=100","17","units","0","v41691170","2.219","113.3","","","","1"
"2019-02","Canada","2016A000011124","Recreation, education and reading","2002=100","17","units","0","v41691170","2.219","115.2","","","","1"
"2019-03","Canada","2016A000011124","Recreation, education and reading","2002=100","17","units","0","v41691170","2.219","116.6","","","","1"
"2019-04","Canada","2016A000011124","Recreation, education and reading","2002=100","17","units","0","v41691170","2.219","115.8","","","","1"
"2019-05","Canada","2016A000011124","Recreation, education and reading","2002=100","17","units","0","v41691170","2.219","118.6","","","","1"
"2019-06","Canada","2016A000011124","Recreation, education and reading","2002=100","17","units","0","v41691170","2.219","117.9","","","","1"
"2019-07","Canada","2016A000011124","Recreation, education and reading","2002=100","17","units","0","v41691170","2.219","121.1","","","","1"
"2019-08","Canada","2016A000011124","Recreation, education and reading","2002=100","17","units","0","v41691170","2.219","119.8","","","","1"
"2019-09","Canada","2016A000011124","Recreation, education and reading","2002=100","17","units","0","v41691170","2.219","118.0","","","","1"
"2019-10","Canada","2016A000011124","Recreation, education and reading","2002=100","17","units","0","v41691170","2.219","117.6","","","","1"
"2019-11","Canada","2016A000011124","Recreation, education and reading","2002=100","17","units","0","v41691170","2.219","114.5","","","","1"
"2019-12","Canada","2016A000011124","Recreation, education and reading","2002=100","17","units","0","v41691170","2.219","113.2","","","","1"
"2020-01","Canada","2016A000011124","Recreation, education and reading","2002=100","17","units","0","v41691170","2.219","113.0","","","","1"
"2020-02","Canada","2016A000011124","Recreation, education and reading","2002=100","17","units","0","v41691170","2.219","116.0","","","","1"
"2020-03","Canada","2016A000011124","Recreation, education and reading","2002=100","17","units","0","v41691170","2.219","116.0","","","","1"
"2020-04","Canada","2016A000011124","Recreation, education and reading","2002=100","17","units","0","v41691170","2.219","115.0","","","","1"
"2020-05","Canada","2016A000011124","Recreation, education and reading","2002=100","17","units","0","v41691170","2.219","115.5","","","","1"
"2020-06","Canada","2016A000011124","Recreation, education and reading","2002=100","17","units","0","v41691170","2.219","116.3","","","","1"
"2020-07","Canada","2016A000011124","Recreation, education and reading","2002=100","17","units","0","v41691170","2.219","116.3","","","","1"
"2020-08","Canada","2016A000011124","Recreation, education and reading","2002=100","17","units","0","v41691170","2.219","116.1","","","","1"
"2020-09","Canada","2016A000011124","Recreation, education and reading","2002=100","17","units","0","v41691170","2.219","116.6","","","","1"
"2020-10","Canada","2016A000011124","Recreation, education and reading","2002=100","17","units","0","v41691170","2.219","116.1","","","","1"
"2020-11","Canada","2016A000011124","Recreation, education and reading","2002=100","17","units","0","v41691170","2.219","115.6","","","","1"
"2020-12","Canada","2016A000011124","Recreation, education and reading","2002=100","17","units","0","v41691170","2.219","115.5","","","","1"
"2021-01","Canada","2016A000011124","Recreation, education and reading","2002=100","17","units","0","v41691170","2.219","116.3","","","","1"
"2021-02","Canada","2016A000011124","Recreation, education and reading","2002=100","17","units","0","v41691170","2.219","116.1","","","","1"
"2021-03","Canada","2016A000011124","Recreation, education and reading","2002=100","17","units","0","v41691170","2.219","116.4","","","","1"
"2021-04","Canada","2016A000011124","Recreation, education and reading","2002=100","17","units","0","v41691170","2.219","116.8","","","","1"
"2021-05","Canada","2016A000011124","Recreation, education and reading","2002=100","17","units","0","v41691170","2.219","117.6","","","","1"
"2021-06","Canada","2016A000011124","Recreation, education and reading","2002=100","17","units","0","v41691170","2.219","118.0","","","","1"
"2021-07","Canada","2016A000011124","Recreation, education and reading","2002=100","17","units","0","v41691170","2.219","119.7","","","","1"
"2021-08","Canada","2016A000011124","Recreation, education and reading","2002=100","17","units","0","v41691170","2.219","118.6","","","","1"
"2021-09","Canada","2016A000011124","Recreation, education and reading","2002=100","17","units","0","v41691170","2.219","119.0","","","","1"
"2021-10","Canada","2016A000011124","Recreation, education and reading","2002=100","17","units","0","v41691170","2.219","120.1","","","","1"
"2021-11","Canada","2016A000011124","Recreation, education and reading","2002=100","17","units","0","v41691170","2.219","118.5","","","","1"
"2021-12","Canada","2016A000011124","Recreation, education and reading","2002=100","17","units","0","v41691170","2.219","117.7","","","","1"
"2022-01","Canada","2016A000011124","Recreation, education and reading","2002=100","17","units","0","v41691170","2.219","119.2","","","","1"
"2022-02","Canada","2016A000011124","Recreation, education and reading","2002=100","17","units","0","v41691170","2.219","120.9","","","","1"
"2022-03","Canada","2016A000011124","Recreation, education and reading","2002=100","17","units","0","v41691170","2.219","123.1","","","","1"
"2022-04","Canada","2016A000011124","Recreation, education and reading","2002=100","17","units","0","v41691170","2.219","121.6","","","","1"
"2022-05","Canada","2016A000011124","Recreation, education and reading","2002=100","17","units","0","v41691170","2.219","123.9","","","","1"
"2022-06","Canada","2016A000011124","Recreation, education and reading","2002=100","17","units","0","v41691170","2.219","125.3","","","","1"
"2022-07","Canada","2016A000011124","Recreation, education and reading","2002=100","17","units","0","v41691170","2.219","127.1","","","","1"
"2022-08","Canada","2016A000011124","Recreation, education and reading","2002=100","17","units","0","v41691170","2.219","125.4","","","","1"
"2022-09","Canada","2016A000011124","Recreation, education and reading","2002=100","17","units","0","v41691170","2.219","125.2","","","","1"
"2022-10","Canada","2016A000011124","Recreation, education and reading","2002=100","17","units","0","v41691170","2.219","125.0","","","","1"
"2022-11","Canada","2016A000011124","Recreation, education and reading","2002=100","17","units","0","v41691170","2.219","123.4","","","","1"
"2022-12","Canada","2016A000011124","Recreation, education and reading","2002=100","17","units","0","v41691170","2.219","121.7","","","","1"
"2023-01","Canada","2016A000011124","Recreation, education and reading","2002=100","17","units","0","v41691170","2.219","122.6","","","","1"
"2023-02","Canada","2016A000011124","Recreation, education and reading","2002=100","17","units","0","v41691170","2.219","123.7","","","","1"
"2023-03","Canada","2016A000011124","Recreation, education and reading","2002=100","17","units","0","v41691170","2.219","125.1","","","","1"
"2023-04","Canada","2016A000011124","Recreation, education and reading","2002=100","17","units","0","v41691170","2.219","125.4","","","","1"
"2023-05","Canada","2016A000011124","Recreation, education and reading","2002=100","17","units","0","v41691170","2.219","127.8","","","","1"
"2023-06","Canada","2016A000011124","Recreation, education and reading","2002=100","17","units","0","v41691170","2.219","126.8","","","","1"
"2023-07","Canada","2016A000011124","Recreation, education and reading","2002=100","17","units","0","v41691170","2.219","129.4","","","","1"
"2023-08","Canada","2016A000011124","Recreation, education and reading","2002=100","17","units","0","v41691170","2.219","128.2","","","","1"
"2023-09","Canada","2016A000011124","Recreation, education and reading","2002=100","17","units","0","v41691170","2.219","127.5","","","","1"
"2023-10","Canada","2016A000011124","Recreation, education and reading","2002=100","17","units","0","v41691170","2.219","128.6","","","","1"
"2023-11","Canada","2016A000011124","Recreation, education and reading","2002=100","17","units","0","v41691170","2.219","128.1","","","","1"
"2023-12","Canada","2016A000011124","Recreation, education and reading","2002=100","17","units","0","v41691170","2.219","123.8","","","","1"
"2024-01","Canada","2016A000011124","Recreation, education and reading","2002=100","17","units","0","v41691170","2.219","123.0","","","","1"
"2024-02","Canada","2016A000011124","Recreation, education and reading","2002=100","17","units","0","v41691170","2.219","125.0","","","","1"
"2024-03","Canada","2016A000011124","Recreation, education and reading","2002=100","17","units","0","v41691170","2.219","127.5","","","","1"
"2024-04","Canada","2016A000011124","Recreation, education and reading","2002=100","17","units","0","v41691170","2.219","126.6","","","","1"
"2024-05","Canada","2016A000011124","Recreation, education and reading","2002=100","17","units","0","v41691170","2.219","129.5","","","","1"
"2024-06","Canada","2016A000011124","Recreation, education and reading","2002=100","17","units","0","v41691170","2.219","127.6","","","","1"
"2024-07","Canada","2016A000011124","Recreation, education and reading","2002=100","17","units","0","v41691170","2.219","129.1","","","","1"
"2024-08","Canada","2016A000011124","Recreation, education and reading","2002=100","17","units","0","v41691170","2.219","128.0","","","","1"
"2024-09","Canada","2016A000011124","Recreation, education and reading","2002=100","17","units","0","v41691170","2.219","127.5","","","","1"
"2024-10","Canada","2016A000011124","Recreation, education and reading","2002=100","17","units","0","v41691170","2.219","127.5","","","","1"
"2024-11","Canada","2016A000011124","Recreation, education and reading","2002=100","17","units","0","v41691170","2.219","126.9","","","","1"
"2024-12","Canada","2016A000011124","Recreation, education and reading","2002=100","17","units","0","v41691170","2.219","126.0","","","","1"
"2025-01","Canada","2016A000011124","Recreation, education and reading","2002=100","17","units","0","v41691170","2.219","125.3","","","","1"
"2025-02","Canada","2016A000011124","Recreation, education and reading","2002=100","17","units","0","v41691170","2.219","129.6","","","","1"
"2025-03","Canada","2016A000011124","Recreation, education and reading","2002=100","17","units","0","v41691170","2.219","128.6","","","","1"
"2025-04","Canada","2016A000011124","Recreation, education and reading","2002=100","17","units","0","v41691170","2.219","128.4","","","","1"
"2025-05","Canada","2016A000011124","Recreation, education and reading","2002=100","17","units","0","v41691170","2.219","130.6","","","","1"
"2025-06","Canada","2016A000011124","Recreation, education and reading","2002=100","17","units","0","v41691170","2.219","129.6","","","","1"
"2025-07","Canada","2016A000011124","Recreation, education and reading","2002=100","17","units","0","v41691170","2.219","130.3","","","","1"
"2025-08","Canada","2016A000011124","Recreation, education and reading","2002=100","17","units","0","v41691170","2.219","128.7","","","","1"
"2025-09","Canada","2016A000011124","Recreation, education and reading","2002=100","17","units","0","v41691170","2.219","129.6","","","","1"
"2025-10","Canada","2016A000011124","Recreation, education and reading","2002=100","17","units","0","v41691170","2.219","130.0","","","","1"
"2025-11","Canada","2016A000011124","Recreation, education and reading","2002=100","17","units","0","v41691170","2.219","127.4","","","","1"
"1990-01","Canada","2016A000011124","Alcoholic beverages, tobacco products and recreational cannabis","2002=100","17","units","0","v41691206","2.256","62.6","","","","1"
"1990-02","Canada","2016A000011124","Alcoholic beverages, tobacco products and recreational cannabis","2002=100","17","units","0","v41691206","2.256","62.9","","","","1"
"1990-03","Canada","2016A000011124","Alcoholic beverages, tobacco products and recreational cannabis","2002=100","17","units","0","v41691206","2.256","63.0","","","","1"
"1990-04","Canada","2016A000011124","Alcoholic beverages, tobacco products and recreational cannabis","2002=100","17","units","0","v41691206","2.256","63.5","","","","1"
"1990-05","Canada","2016A000011124","Alcoholic beverages, tobacco products and recreational cannabis","2002=100","17","units","0","v41691206","2.256","65.5","","","","1"
"1990-06","Canada","2016A000011124","Alcoholic beverages, tobacco products and recreational cannabis","2002=100","17","units","0","v41691206","2.256","65.6","","","","1"
"1990-07","Canada","2016A000011124","Alcoholic beverages, tobacco products and recreational cannabis","2002=100","17","units","0","v41691206","2.256","65.7","","","","1"
"1990-08","Canada","2016A000011124","Alcoholic beverages, tobacco products and recreational cannabis","2002=100","17","units","0","v41691206","2.256","65.9","","","","1"
"1990-09","Canada","2016A000011124","Alcoholic beverages, tobacco products and recreational cannabis","2002=100","17","units","0","v41691206","2.256","66.4","","","","1"
"1990-10","Canada","2016A000011124","Alcoholic beverages, tobacco products and recreational cannabis","2002=100","17","units","0","v41691206","2.256","66.8","","","","1"
"1990-11","Canada","2016A000011124","Alcoholic beverages, tobacco products and recreational cannabis","2002=100","17","units","0","v41691206","2.256","67.2","","","","1"
"1990-12","Canada","2016A000011124","Alcoholic beverages, tobacco products and recreational cannabis","2002=100","17","units","0","v41691206","2.256","67.2","","","","1"
"1991-01","Canada","2016A000011124","Alcoholic beverages, tobacco products and recreational cannabis","2002=100","17","units","0","v41691206","2.256","68.9","","","","1"
"1991-02","Canada","2016A000011124","Alcoholic beverages, tobacco products and recreational cannabis","2002=100","17","units","0","v41691206","2.256","69.1","","","","1"
"1991-03","Canada","2016A000011124","Alcoholic beverages, tobacco products and recreational cannabis","2002=100","17","units","0","v41691206","2.256","74.7","","","","1"
"1991-04","Canada","2016A000011124","Alcoholic beverages, tobacco products and recreational cannabis","2002=100","17","units","0","v41691206","2.256","75.3","","","","1"
"1991-05","Canada","2016A000011124","Alcoholic beverages, tobacco products and recreational cannabis","2002=100","17","units","0","v41691206","2.256","77.6","","","","1"
"1991-06","Canada","2016A000011124","Alcoholic beverages, tobacco products and recreational cannabis","2002=100","17","units","0","v41691206","2.256","78.0","","","","1"
"1991-07","Canada","2016A000011124","Alcoholic beverages, tobacco products and recreational cannabis","2002=100","17","units","0","v41691206","2.256","78.3","","","","1"
"1991-08","Canada","2016A000011124","Alcoholic beverages, tobacco products and recreational cannabis","2002=100","17","units","0","v41691206","2.256","78.4","","","","1"
"1991-09","Canada","2016A000011124","Alcoholic beverages, tobacco products and recreational cannabis","2002=100","17","units","0","v41691206","2.256","78.6","","","","1"
"1991-10","Canada","2016A000011124","Alcoholic beverages, tobacco products and recreational cannabis","2002=100","17","units","0","v41691206","2.256","79.1","","","","1"
"1991-11","Canada","2016A000011124","Alcoholic beverages, tobacco products and recreational cannabis","2002=100","17","units","0","v41691206","2.256","79.1","","","","1"
"1991-12","Canada","2016A000011124","Alcoholic beverages, tobacco products and recreational cannabis","2002=100","17","units","0","v41691206","2.256","79.1","","","","1"
"1992-01","Canada","2016A000011124","Alcoholic beverages, tobacco products and recreational cannabis","2002=100","17","units","0","v41691206","2.256","79.8","","","","1"
"1992-02","Canada","2016A000011124","Alcoholic beverages, tobacco products and recreational cannabis","2002=100","17","units","0","v41691206","2.256","80.0","","","","1"
"1992-03","Canada","2016A000011124","Alcoholic beverages, tobacco products and recreational cannabis","2002=100","17","units","0","v41691206","2.256","80.2","","","","1"
"1992-04","Canada","2016A000011124","Alcoholic beverages, tobacco products and recreational cannabis","2002=100","17","units","0","v41691206","2.256","80.5","","","","1"
"1992-05","Canada","2016A000011124","Alcoholic beverages, tobacco products and recreational cannabis","2002=100","17","units","0","v41691206","2.256","80.8","","","","1"
"1992-06","Canada","2016A000011124","Alcoholic beverages, tobacco products and recreational cannabis","2002=100","17","units","0","v41691206","2.256","81.1","","","","1"
"1992-07","Canada","2016A000011124","Alcoholic beverages, tobacco products and recreational cannabis","2002=100","17","units","0","v41691206","2.256","81.1","","","","1"
"1992-08","Canada","2016A000011124","Alcoholic beverages, tobacco products and recreational cannabis","2002=100","17","units","0","v41691206","2.256","81.5","","","","1"
"1992-09","Canada","2016A000011124","Alcoholic beverages, tobacco products and recreational cannabis","2002=100","17","units","0","v41691206","2.256","81.5","","","","1"
"1992-10","Canada","2016A000011124","Alcoholic beverages, tobacco products and recreational cannabis","2002=100","17","units","0","v41691206","2.256","81.5","","","","1"
"1992-11","Canada","2016A000011124","Alcoholic beverages, tobacco products and recreational cannabis","2002=100","17","units","0","v41691206","2.256","81.7","","","","1"
"1992-12","Canada","2016A000011124","Alcoholic beverages, tobacco products and recreational cannabis","2002=100","17","units","0","v41691206","2.256","81.7","","","","1"
"1993-01","Canada","2016A000011124","Alcoholic beverages, tobacco products and recreational cannabis","2002=100","17","units","0","v41691206","2.256","81.8","","","","1"
"1993-02","Canada","2016A000011124","Alcoholic beverages, tobacco products and recreational cannabis","2002=100","17","units","0","v41691206","2.256","81.9","","","","1"
"1993-03","Canada","2016A000011124","Alcoholic beverages, tobacco products and recreational cannabis","2002=100","17","units","0","v41691206","2.256","81.9","","","","1"
"1993-04","Canada","2016A000011124","Alcoholic beverages, tobacco products and recreational cannabis","2002=100","17","units","0","v41691206","2.256","82.1","","","","1"
"1993-05","Canada","2016A000011124","Alcoholic beverages, tobacco products and recreational cannabis","2002=100","17","units","0","v41691206","2.256","82.2","","","","1"
"1993-06","Canada","2016A000011124","Alcoholic beverages, tobacco products and recreational cannabis","2002=100","17","units","0","v41691206","2.256","82.0","","","","1"
"1993-07","Canada","2016A000011124","Alcoholic beverages, tobacco products and recreational cannabis","2002=100","17","units","0","v41691206","2.256","82.1","","","","1"
"1993-08","Canada","2016A000011124","Alcoholic beverages, tobacco products and recreational cannabis","2002=100","17","units","0","v41691206","2.256","82.5","","","","1"
"1993-09","Canada","2016A000011124","Alcoholic beverages, tobacco products and recreational cannabis","2002=100","17","units","0","v41691206","2.256","82.6","","","","1"
"1993-10","Canada","2016A000011124","Alcoholic beverages, tobacco products and recreational cannabis","2002=100","17","units","0","v41691206","2.256","82.5","","","","1"
"1993-11","Canada","2016A000011124","Alcoholic beverages, tobacco products and recreational cannabis","2002=100","17","units","0","v41691206","2.256","82.5","","","","1"
"1993-12","Canada","2016A000011124","Alcoholic beverages, tobacco products and recreational cannabis","2002=100","17","units","0","v41691206","2.256","82.4","","","","1"
"1994-01","Canada","2016A000011124","Alcoholic beverages, tobacco products and recreational cannabis","2002=100","17","units","0","v41691206","2.256","82.4","","","","1"
"1994-02","Canada","2016A000011124","Alcoholic beverages, tobacco products and recreational cannabis","2002=100","17","units","0","v41691206","2.256","68.4","","","","1"
"1994-03","Canada","2016A000011124","Alcoholic beverages, tobacco products and recreational cannabis","2002=100","17","units","0","v41691206","2.256","68.1","","","","1"
"1994-04","Canada","2016A000011124","Alcoholic beverages, tobacco products and recreational cannabis","2002=100","17","units","0","v41691206","2.256","67.7","","","","1"
"1994-05","Canada","2016A000011124","Alcoholic beverages, tobacco products and recreational cannabis","2002=100","17","units","0","v41691206","2.256","67.5","","","","1"
"1994-06","Canada","2016A000011124","Alcoholic beverages, tobacco products and recreational cannabis","2002=100","17","units","0","v41691206","2.256","67.5","","","","1"
"1994-07","Canada","2016A000011124","Alcoholic beverages, tobacco products and recreational cannabis","2002=100","17","units","0","v41691206","2.256","67.2","","","","1"
"1994-08","Canada","2016A000011124","Alcoholic beverages, tobacco products and recreational cannabis","2002=100","17","units","0","v41691206","2.256","67.2","","","","1"
"1994-09","Canada","2016A000011124","Alcoholic beverages, tobacco products and recreational cannabis","2002=100","17","units","0","v41691206","2.256","67.2","","","","1"
"1994-10","Canada","2016A000011124","Alcoholic beverages, tobacco products and recreational cannabis","2002=100","17","units","0","v41691206","2.256","67.3","","","","1"
"1994-11","Canada","2016A000011124","Alcoholic beverages, tobacco products and recreational cannabis","2002=100","17","units","0","v41691206","2.256","67.5","","","","1"
"1994-12","Canada","2016A000011124","Alcoholic beverages, tobacco products and recreational cannabis","2002=100","17","units","0","v41691206","2.256","67.4","","","","1"
"1995-01","Canada","2016A000011124","Alcoholic beverages, tobacco products and recreational cannabis","2002=100","17","units","0","v41691206","2.256","67.5","","","","1"
"1995-02","Canada","2016A000011124","Alcoholic beverages, tobacco products and recreational cannabis","2002=100","17","units","0","v41691206","2.256","67.7","","","","1"
"1995-03","Canada","2016A000011124","Alcoholic beverages, tobacco products and recreational cannabis","2002=100","17","units","0","v41691206","2.256","68.2","","","","1"
"1995-04","Canada","2016A000011124","Alcoholic beverages, tobacco products and recreational cannabis","2002=100","17","units","0","v41691206","2.256","68.3","","","","1"
"1995-05","Canada","2016A000011124","Alcoholic beverages, tobacco products and recreational cannabis","2002=100","17","units","0","v41691206","2.256","68.8","","","","1"
"1995-06","Canada","2016A000011124","Alcoholic beverages, tobacco products and recreational cannabis","2002=100","17","units","0","v41691206","2.256","68.9","","","","1"
"1995-07","Canada","2016A000011124","Alcoholic beverages, tobacco products and recreational cannabis","2002=100","17","units","0","v41691206","2.256","68.9","","","","1"
"1995-08","Canada","2016A000011124","Alcoholic beverages, tobacco products and recreational cannabis","2002=100","17","units","0","v41691206","2.256","69.0","","","","1"
"1995-09","Canada","2016A000011124","Alcoholic beverages, tobacco products and recreational cannabis","2002=100","17","units","0","v41691206","2.256","69.0","","","","1"
"1995-10","Canada","2016A000011124","Alcoholic beverages, tobacco products and recreational cannabis","2002=100","17","units","0","v41691206","2.256","69.3","","","","1"
"1995-11","Canada","2016A000011124","Alcoholic beverages, tobacco products and recreational cannabis","2002=100","17","units","0","v41691206","2.256","69.4","","","","1"
"1995-12","Canada","2016A000011124","Alcoholic beverages, tobacco products and recreational cannabis","2002=100","17","units","0","v41691206","2.256","69.3","","","","1"
"1996-01","Canada","2016A000011124","Alcoholic beverages, tobacco products and recreational cannabis","2002=100","17","units","0","v41691206","2.256","69.4","","","","1"
"1996-02","Canada","2016A000011124","Alcoholic beverages, tobacco products and recreational cannabis","2002=100","17","units","0","v41691206","2.256","69.6","","","","1"
"1996-03","Canada","2016A000011124","Alcoholic beverages, tobacco products and recreational cannabis","2002=100","17","units","0","v41691206","2.256","69.6","","","","1"
"1996-04","Canada","2016A000011124","Alcoholic beverages, tobacco products and recreational cannabis","2002=100","17","units","0","v41691206","2.256","69.7","","","","1"
"1996-05","Canada","2016A000011124","Alcoholic beverages, tobacco products and recreational cannabis","2002=100","17","units","0","v41691206","2.256","70.1","","","","1"
"1996-06","Canada","2016A000011124","Alcoholic beverages, tobacco products and recreational cannabis","2002=100","17","units","0","v41691206","2.256","70.2","","","","1"
"1996-07","Canada","2016A000011124","Alcoholic beverages, tobacco products and recreational cannabis","2002=100","17","units","0","v41691206","2.256","70.1","","","","1"
"1996-08","Canada","2016A000011124","Alcoholic beverages, tobacco products and recreational cannabis","2002=100","17","units","0","v41691206","2.256","70.1","","","","1"
"1996-09","Canada","2016A000011124","Alcoholic beverages, tobacco products and recreational cannabis","2002=100","17","units","0","v41691206","2.256","70.2","","","","1"
"1996-10","Canada","2016A000011124","Alcoholic beverages, tobacco products and recreational cannabis","2002=100","17","units","0","v41691206","2.256","70.2","","","","1"
"1996-11","Canada","2016A000011124","Alcoholic beverages, tobacco products and recreational cannabis","2002=100","17","units","0","v41691206","2.256","70.3","","","","1"
"1996-12","Canada","2016A000011124","Alcoholic beverages, tobacco products and recreational cannabis","2002=100","17","units","0","v41691206","2.256","71.3","","","","1"
"1997-01","Canada","2016A000011124","Alcoholic beverages, tobacco products and recreational cannabis","2002=100","17","units","0","v41691206","2.256","71.5","","","","1"
"1997-02","Canada","2016A000011124","Alcoholic beverages, tobacco products and recreational cannabis","2002=100","17","units","0","v41691206","2.256","71.8","","","","1"
"1997-03","Canada","2016A000011124","Alcoholic beverages, tobacco products and recreational cannabis","2002=100","17","units","0","v41691206","2.256","71.9","","","","1"
"1997-04","Canada","2016A000011124","Alcoholic beverages, tobacco products and recreational cannabis","2002=100","17","units","0","v41691206","2.256","71.9","","","","1"
"1997-05","Canada","2016A000011124","Alcoholic beverages, tobacco products and recreational cannabis","2002=100","17","units","0","v41691206","2.256","72.3","","","","1"
"1997-06","Canada","2016A000011124","Alcoholic beverages, tobacco products and recreational cannabis","2002=100","17","units","0","v41691206","2.256","72.4","","","","1"
"1997-07","Canada","2016A000011124","Alcoholic beverages, tobacco products and recreational cannabis","2002=100","17","units","0","v41691206","2.256","72.1","","","","1"
"1997-08","Canada","2016A000011124","Alcoholic beverages, tobacco products and recreational cannabis","2002=100","17","units","0","v41691206","2.256","72.4","","","","1"
"1997-09","Canada","2016A000011124","Alcoholic beverages, tobacco products and recreational cannabis","2002=100","17","units","0","v41691206","2.256","72.5","","","","1"
"1997-10","Canada","2016A000011124","Alcoholic beverages, tobacco products and recreational cannabis","2002=100","17","units","0","v41691206","2.256","72.8","","","","1"
"1997-11","Canada","2016A000011124","Alcoholic beverages, tobacco products and recreational cannabis","2002=100","17","units","0","v41691206","2.256","73.0","","","","1"
"1997-12","Canada","2016A000011124","Alcoholic beverages, tobacco products and recreational cannabis","2002=100","17","units","0","v41691206","2.256","72.9","","","","1"
"1998-01","Canada","2016A000011124","Alcoholic beverages, tobacco products and recreational cannabis","2002=100","17","units","0","v41691206","2.256","73.2","","","","1"
"1998-02","Canada","2016A000011124","Alcoholic beverages, tobacco products and recreational cannabis","2002=100","17","units","0","v41691206","2.256","74.4","","","","1"
"1998-03","Canada","2016A000011124","Alcoholic beverages, tobacco products and recreational cannabis","2002=100","17","units","0","v41691206","2.256","74.5","","","","1"
"1998-04","Canada","2016A000011124","Alcoholic beverages, tobacco products and recreational cannabis","2002=100","17","units","0","v41691206","2.256","74.6","","","","1"
"1998-05","Canada","2016A000011124","Alcoholic beverages, tobacco products and recreational cannabis","2002=100","17","units","0","v41691206","2.256","74.9","","","","1"
"1998-06","Canada","2016A000011124","Alcoholic beverages, tobacco products and recreational cannabis","2002=100","17","units","0","v41691206","2.256","74.9","","","","1"
"1998-07","Canada","2016A000011124","Alcoholic beverages, tobacco products and recreational cannabis","2002=100","17","units","0","v41691206","2.256","75.1","","","","1"
"1998-08","Canada","2016A000011124","Alcoholic beverages, tobacco products and recreational cannabis","2002=100","17","units","0","v41691206","2.256","75.2","","","","1"
"1998-09","Canada","2016A000011124","Alcoholic beverages, tobacco products and recreational cannabis","2002=100","17","units","0","v41691206","2.256","75.5","","","","1"
"1998-10","Canada","2016A000011124","Alcoholic beverages, tobacco products and recreational cannabis","2002=100","17","units","0","v41691206","2.256","75.5","","","","1"
"1998-11","Canada","2016A000011124","Alcoholic beverages, tobacco products and recreational cannabis","2002=100","17","units","0","v41691206","2.256","75.7","","","","1"
"1998-12","Canada","2016A000011124","Alcoholic beverages, tobacco products and recreational cannabis","2002=100","17","units","0","v41691206","2.256","75.6","","","","1"
"1999-01","Canada","2016A000011124","Alcoholic beverages, tobacco products and recreational cannabis","2002=100","17","units","0","v41691206","2.256","75.8","","","","1"
"1999-02","Canada","2016A000011124","Alcoholic beverages, tobacco products and recreational cannabis","2002=100","17","units","0","v41691206","2.256","75.9","","","","1"
"1999-03","Canada","2016A000011124","Alcoholic beverages, tobacco products and recreational cannabis","2002=100","17","units","0","v41691206","2.256","75.8","","","","1"
"1999-04","Canada","2016A000011124","Alcoholic beverages, tobacco products and recreational cannabis","2002=100","17","units","0","v41691206","2.256","76.1","","","","1"
"1999-05","Canada","2016A000011124","Alcoholic beverages, tobacco products and recreational cannabis","2002=100","17","units","0","v41691206","2.256","76.6","","","","1"
"1999-06","Canada","2016A000011124","Alcoholic beverages, tobacco products and recreational cannabis","2002=100","17","units","0","v41691206","2.256","76.6","","","","1"
"1999-07","Canada","2016A000011124","Alcoholic beverages, tobacco products and recreational cannabis","2002=100","17","units","0","v41691206","2.256","76.7","","","","1"
"1999-08","Canada","2016A000011124","Alcoholic beverages, tobacco products and recreational cannabis","2002=100","17","units","0","v41691206","2.256","76.5","","","","1"
"1999-09","Canada","2016A000011124","Alcoholic beverages, tobacco products and recreational cannabis","2002=100","17","units","0","v41691206","2.256","76.6","","","","1"
"1999-10","Canada","2016A000011124","Alcoholic beverages, tobacco products and recreational cannabis","2002=100","17","units","0","v41691206","2.256","76.5","","","","1"
"1999-11","Canada","2016A000011124","Alcoholic beverages, tobacco products and recreational cannabis","2002=100","17","units","0","v41691206","2.256","76.9","","","","1"
"1999-12","Canada","2016A000011124","Alcoholic beverages, tobacco products and recreational cannabis","2002=100","17","units","0","v41691206","2.256","77.6","","","","1"
"2000-01","Canada","2016A000011124","Alcoholic beverages, tobacco products and recreational cannabis","2002=100","17","units","0","v41691206","2.256","77.8","","","","1"
"2000-02","Canada","2016A000011124","Alcoholic beverages, tobacco products and recreational cannabis","2002=100","17","units","0","v41691206","2.256","78.0","","","","1"
"2000-03","Canada","2016A000011124","Alcoholic beverages, tobacco products and recreational cannabis","2002=100","17","units","0","v41691206","2.256","78.2","","","","1"
"2000-04","Canada","2016A000011124","Alcoholic beverages, tobacco products and recreational cannabis","2002=100","17","units","0","v41691206","2.256","78.4","","","","1"
"2000-05","Canada","2016A000011124","Alcoholic beverages, tobacco products and recreational cannabis","2002=100","17","units","0","v41691206","2.256","78.9","","","","1"
"2000-06","Canada","2016A000011124","Alcoholic beverages, tobacco products and recreational cannabis","2002=100","17","units","0","v41691206","2.256","79.2","","","","1"
"2000-07","Canada","2016A000011124","Alcoholic beverages, tobacco products and recreational cannabis","2002=100","17","units","0","v41691206","2.256","79.3","","","","1"
"2000-08","Canada","2016A000011124","Alcoholic beverages, tobacco products and recreational cannabis","2002=100","17","units","0","v41691206","2.256","79.3","","","","1"
"2000-09","Canada","2016A000011124","Alcoholic beverages, tobacco products and recreational cannabis","2002=100","17","units","0","v41691206","2.256","79.6","","","","1"
"2000-10","Canada","2016A000011124","Alcoholic beverages, tobacco products and recreational cannabis","2002=100","17","units","0","v41691206","2.256","79.4","","","","1"
"2000-11","Canada","2016A000011124","Alcoholic beverages, tobacco products and recreational cannabis","2002=100","17","units","0","v41691206","2.256","79.8","","","","1"
"2000-12","Canada","2016A000011124","Alcoholic beverages, tobacco products and recreational cannabis","2002=100","17","units","0","v41691206","2.256","80.1","","","","1"
"2001-01","Canada","2016A000011124","Alcoholic beverages, tobacco products and recreational cannabis","2002=100","17","units","0","v41691206","2.256","80.2","","","","1"
"2001-02","Canada","2016A000011124","Alcoholic beverages, tobacco products and recreational cannabis","2002=100","17","units","0","v41691206","2.256","80.5","","","","1"
"2001-03","Canada","2016A000011124","Alcoholic beverages, tobacco products and recreational cannabis","2002=100","17","units","0","v41691206","2.256","80.5","","","","1"
"2001-04","Canada","2016A000011124","Alcoholic beverages, tobacco products and recreational cannabis","2002=100","17","units","0","v41691206","2.256","83.6","","","","1"
"2001-05","Canada","2016A000011124","Alcoholic beverages, tobacco products and recreational cannabis","2002=100","17","units","0","v41691206","2.256","85.2","","","","1"
"2001-06","Canada","2016A000011124","Alcoholic beverages, tobacco products and recreational cannabis","2002=100","17","units","0","v41691206","2.256","85.3","","","","1"
"2001-07","Canada","2016A000011124","Alcoholic beverages, tobacco products and recreational cannabis","2002=100","17","units","0","v41691206","2.256","85.5","","","","1"
"2001-08","Canada","2016A000011124","Alcoholic beverages, tobacco products and recreational cannabis","2002=100","17","units","0","v41691206","2.256","86.1","","","","1"
"2001-09","Canada","2016A000011124","Alcoholic beverages, tobacco products and recreational cannabis","2002=100","17","units","0","v41691206","2.256","86.2","","","","1"
"2001-10","Canada","2016A000011124","Alcoholic beverages, tobacco products and recreational cannabis","2002=100","17","units","0","v41691206","2.256","86.4","","","","1"
"2001-11","Canada","2016A000011124","Alcoholic beverages, tobacco products and recreational cannabis","2002=100","17","units","0","v41691206","2.256","90.4","","","","1"
"2001-12","Canada","2016A000011124","Alcoholic beverages, tobacco products and recreational cannabis","2002=100","17","units","0","v41691206","2.256","90.6","","","","1"
"2002-01","Canada","2016A000011124","Alcoholic beverages, tobacco products and recreational cannabis","2002=100","17","units","0","v41691206","2.256","90.8","","","","1"
"2002-02","Canada","2016A000011124","Alcoholic beverages, tobacco products and recreational cannabis","2002=100","17","units","0","v41691206","2.256","91.4","","","","1"
"2002-03","Canada","2016A000011124","Alcoholic beverages, tobacco products and recreational cannabis","2002=100","17","units","0","v41691206","2.256","92.4","","","","1"
"2002-04","Canada","2016A000011124","Alcoholic beverages, tobacco products and recreational cannabis","2002=100","17","units","0","v41691206","2.256","94.5","","","","1"
"2002-05","Canada","2016A000011124","Alcoholic beverages, tobacco products and recreational cannabis","2002=100","17","units","0","v41691206","2.256","96.1","","","","1"
"2002-06","Canada","2016A000011124","Alcoholic beverages, tobacco products and recreational cannabis","2002=100","17","units","0","v41691206","2.256","100.5","","","","1"
"2002-07","Canada","2016A000011124","Alcoholic beverages, tobacco products and recreational cannabis","2002=100","17","units","0","v41691206","2.256","104.8","","","","1"
"2002-08","Canada","2016A000011124","Alcoholic beverages, tobacco products and recreational cannabis","2002=100","17","units","0","v41691206","2.256","105.0","","","","1"
"2002-09","Canada","2016A000011124","Alcoholic beverages, tobacco products and recreational cannabis","2002=100","17","units","0","v41691206","2.256","105.2","","","","1"
"2002-10","Canada","2016A000011124","Alcoholic beverages, tobacco products and recreational cannabis","2002=100","17","units","0","v41691206","2.256","106.2","","","","1"
"2002-11","Canada","2016A000011124","Alcoholic beverages, tobacco products and recreational cannabis","2002=100","17","units","0","v41691206","2.256","106.7","","","","1"
"2002-12","Canada","2016A000011124","Alcoholic beverages, tobacco products and recreational cannabis","2002=100","17","units","0","v41691206","2.256","106.5","","","","1"
"2003-01","Canada","2016A000011124","Alcoholic beverages, tobacco products and recreational cannabis","2002=100","17","units","0","v41691206","2.256","106.8","","","","1"
"2003-02","Canada","2016A000011124","Alcoholic beverages, tobacco products and recreational cannabis","2002=100","17","units","0","v41691206","2.256","108.1","","","","1"
"2003-03","Canada","2016A000011124","Alcoholic beverages, tobacco products and recreational cannabis","2002=100","17","units","0","v41691206","2.256","108.3","","","","1"
"2003-04","Canada","2016A000011124","Alcoholic beverages, tobacco products and recreational cannabis","2002=100","17","units","0","v41691206","2.256","108.9","","","","1"
"2003-05","Canada","2016A000011124","Alcoholic beverages, tobacco products and recreational cannabis","2002=100","17","units","0","v41691206","2.256","110.2","","","","1"
"2003-06","Canada","2016A000011124","Alcoholic beverages, tobacco products and recreational cannabis","2002=100","17","units","0","v41691206","2.256","110.4","","","","1"
"2003-07","Canada","2016A000011124","Alcoholic beverages, tobacco products and recreational cannabis","2002=100","17","units","0","v41691206","2.256","110.5","","","","1"
"2003-08","Canada","2016A000011124","Alcoholic beverages, tobacco products and recreational cannabis","2002=100","17","units","0","v41691206","2.256","110.9","","","","1"
"2003-09","Canada","2016A000011124","Alcoholic beverages, tobacco products and recreational cannabis","2002=100","17","units","0","v41691206","2.256","111.0","","","","1"
"2003-10","Canada","2016A000011124","Alcoholic beverages, tobacco products and recreational cannabis","2002=100","17","units","0","v41691206","2.256","110.9","","","","1"
"2003-11","Canada","2016A000011124","Alcoholic beverages, tobacco products and recreational cannabis","2002=100","17","units","0","v41691206","2.256","111.4","","","","1"
"2003-12","Canada","2016A000011124","Alcoholic beverages, tobacco products and recreational cannabis","2002=100","17","units","0","v41691206","2.256","113.3","","","","1"
"2004-01","Canada","2016A000011124","Alcoholic beverages, tobacco products and recreational cannabis","2002=100","17","units","0","v41691206","2.256","113.9","","","","1"
"2004-02","Canada","2016A000011124","Alcoholic beverages, tobacco products and recreational cannabis","2002=100","17","units","0","v41691206","2.256","114.2","","","","1"
"2004-03","Canada","2016A000011124","Alcoholic beverages, tobacco products and recreational cannabis","2002=100","17","units","0","v41691206","2.256","114.3","","","","1"
"2004-04","Canada","2016A000011124","Alcoholic beverages, tobacco products and recreational cannabis","2002=100","17","units","0","v41691206","2.256","115.1","","","","1"
"2004-05","Canada","2016A000011124","Alcoholic beverages, tobacco products and recreational cannabis","2002=100","17","units","0","v41691206","2.256","116.0","","","","1"
"2004-06","Canada","2016A000011124","Alcoholic beverages, tobacco products and recreational cannabis","2002=100","17","units","0","v41691206","2.256","116.5","","","","1"
"2004-07","Canada","2016A000011124","Alcoholic beverages, tobacco products and recreational cannabis","2002=100","17","units","0","v41691206","2.256","116.7","","","","1"
"2004-08","Canada","2016A000011124","Alcoholic beverages, tobacco products and recreational cannabis","2002=100","17","units","0","v41691206","2.256","117.1","","","","1"
"2004-09","Canada","2016A000011124","Alcoholic beverages, tobacco products and recreational cannabis","2002=100","17","units","0","v41691206","2.256","117.0","","","","1"
"2004-10","Canada","2016A000011124","Alcoholic beverages, tobacco products and recreational cannabis","2002=100","17","units","0","v41691206","2.256","117.0","","","","1"
"2004-11","Canada","2016A000011124","Alcoholic beverages, tobacco products and recreational cannabis","2002=100","17","units","0","v41691206","2.256","117.1","","","","1"
"2004-12","Canada","2016A000011124","Alcoholic beverages, tobacco products and recreational cannabis","2002=100","17","units","0","v41691206","2.256","116.9","","","","1"
"2005-01","Canada","2016A000011124","Alcoholic beverages, tobacco products and recreational cannabis","2002=100","17","units","0","v41691206","2.256","117.4","","","","1"
"2005-02","Canada","2016A000011124","Alcoholic beverages, tobacco products and recreational cannabis","2002=100","17","units","0","v41691206","2.256","117.5","","","","1"
"2005-03","Canada","2016A000011124","Alcoholic beverages, tobacco products and recreational cannabis","2002=100","17","units","0","v41691206","2.256","118.4","","","","1"
"2005-04","Canada","2016A000011124","Alcoholic beverages, tobacco products and recreational cannabis","2002=100","17","units","0","v41691206","2.256","118.6","","","","1"
"2005-05","Canada","2016A000011124","Alcoholic beverages, tobacco products and recreational cannabis","2002=100","17","units","0","v41691206","2.256","119.4","","","","1"
"2005-06","Canada","2016A000011124","Alcoholic beverages, tobacco products and recreational cannabis","2002=100","17","units","0","v41691206","2.256","119.6","","","","1"
"2005-07","Canada","2016A000011124","Alcoholic beverages, tobacco products and recreational cannabis","2002=100","17","units","0","v41691206","2.256","119.5","","","","1"
"2005-08","Canada","2016A000011124","Alcoholic beverages, tobacco products and recreational cannabis","2002=100","17","units","0","v41691206","2.256","119.7","","","","1"
"2005-09","Canada","2016A000011124","Alcoholic beverages, tobacco products and recreational cannabis","2002=100","17","units","0","v41691206","2.256","120.0","","","","1"
"2005-10","Canada","2016A000011124","Alcoholic beverages, tobacco products and recreational cannabis","2002=100","17","units","0","v41691206","2.256","119.7","","","","1"
"2005-11","Canada","2016A000011124","Alcoholic beverages, tobacco products and recreational cannabis","2002=100","17","units","0","v41691206","2.256","120.0","","","","1"
"2005-12","Canada","2016A000011124","Alcoholic beverages, tobacco products and recreational cannabis","2002=100","17","units","0","v41691206","2.256","119.4","","","","1"
"2006-01","Canada","2016A000011124","Alcoholic beverages, tobacco products and recreational cannabis","2002=100","17","units","0","v41691206","2.256","120.0","","","","1"
"2006-02","Canada","2016A000011124","Alcoholic beverages, tobacco products and recreational cannabis","2002=100","17","units","0","v41691206","2.256","120.5","","","","1"
"2006-03","Canada","2016A000011124","Alcoholic beverages, tobacco products and recreational cannabis","2002=100","17","units","0","v41691206","2.256","121.5","","","","1"
"2006-04","Canada","2016A000011124","Alcoholic beverages, tobacco products and recreational cannabis","2002=100","17","units","0","v41691206","2.256","121.9","","","","1"
"2006-05","Canada","2016A000011124","Alcoholic beverages, tobacco products and recreational cannabis","2002=100","17","units","0","v41691206","2.256","121.8","","","","1"
"2006-06","Canada","2016A000011124","Alcoholic beverages, tobacco products and recreational cannabis","2002=100","17","units","0","v41691206","2.256","121.8","","","","1"
"2006-07","Canada","2016A000011124","Alcoholic beverages, tobacco products and recreational cannabis","2002=100","17","units","0","v41691206","2.256","121.5","","","","1"
"2006-08","Canada","2016A000011124","Alcoholic beverages, tobacco products and recreational cannabis","2002=100","17","units","0","v41691206","2.256","121.8","","","","1"
"2006-09","Canada","2016A000011124","Alcoholic beverages, tobacco products and recreational cannabis","2002=100","17","units","0","v41691206","2.256","122.0","","","","1"
"2006-10","Canada","2016A000011124","Alcoholic beverages, tobacco products and recreational cannabis","2002=100","17","units","0","v41691206","2.256","122.2","","","","1"
"2006-11","Canada","2016A000011124","Alcoholic beverages, tobacco products and recreational cannabis","2002=100","17","units","0","v41691206","2.256","122.3","","","","1"
"2006-12","Canada","2016A000011124","Alcoholic beverages, tobacco products and recreational cannabis","2002=100","17","units","0","v41691206","2.256","123.2","","","","1"
"2007-01","Canada","2016A000011124","Alcoholic beverages, tobacco products and recreational cannabis","2002=100","17","units","0","v41691206","2.256","124.2","","","","1"
"2007-02","Canada","2016A000011124","Alcoholic beverages, tobacco products and recreational cannabis","2002=100","17","units","0","v41691206","2.256","124.2","","","","1"
"2007-03","Canada","2016A000011124","Alcoholic beverages, tobacco products and recreational cannabis","2002=100","17","units","0","v41691206","2.256","124.1","","","","1"
"2007-04","Canada","2016A000011124","Alcoholic beverages, tobacco products and recreational cannabis","2002=100","17","units","0","v41691206","2.256","124.5","","","","1"
"2007-05","Canada","2016A000011124","Alcoholic beverages, tobacco products and recreational cannabis","2002=100","17","units","0","v41691206","2.256","125.2","","","","1"
"2007-06","Canada","2016A000011124","Alcoholic beverages, tobacco products and recreational cannabis","2002=100","17","units","0","v41691206","2.256","125.7","","","","1"
"2007-07","Canada","2016A000011124","Alcoholic beverages, tobacco products and recreational cannabis","2002=100","17","units","0","v41691206","2.256","126.0","","","","1"
"2007-08","Canada","2016A000011124","Alcoholic beverages, tobacco products and recreational cannabis","2002=100","17","units","0","v41691206","2.256","126.1","","","","1"
"2007-09","Canada","2016A000011124","Alcoholic beverages, tobacco products and recreational cannabis","2002=100","17","units","0","v41691206","2.256","126.6","","","","1"
"2007-10","Canada","2016A000011124","Alcoholic beverages, tobacco products and recreational cannabis","2002=100","17","units","0","v41691206","2.256","126.3","","","","1"
"2007-11","Canada","2016A000011124","Alcoholic beverages, tobacco products and recreational cannabis","2002=100","17","units","0","v41691206","2.256","126.5","","","","1"
"2007-12","Canada","2016A000011124","Alcoholic beverages, tobacco products and recreational cannabis","2002=100","17","units","0","v41691206","2.256","126.2","","","","1"
"2008-01","Canada","2016A000011124","Alcoholic beverages, tobacco products and recreational cannabis","2002=100","17","units","0","v41691206","2.256","126.4","","","","1"
"2008-02","Canada","2016A000011124","Alcoholic beverages, tobacco products and recreational cannabis","2002=100","17","units","0","v41691206","2.256","126.8","","","","1"
"2008-03","Canada","2016A000011124","Alcoholic beverages, tobacco products and recreational cannabis","2002=100","17","units","0","v41691206","2.256","126.6","","","","1"
"2008-04","Canada","2016A000011124","Alcoholic beverages, tobacco products and recreational cannabis","2002=100","17","units","0","v41691206","2.256","126.7","","","","1"
"2008-05","Canada","2016A000011124","Alcoholic beverages, tobacco products and recreational cannabis","2002=100","17","units","0","v41691206","2.256","127.4","","","","1"
"2008-06","Canada","2016A000011124","Alcoholic beverages, tobacco products and recreational cannabis","2002=100","17","units","0","v41691206","2.256","127.7","","","","1"
"2008-07","Canada","2016A000011124","Alcoholic beverages, tobacco products and recreational cannabis","2002=100","17","units","0","v41691206","2.256","127.6","","","","1"
"2008-08","Canada","2016A000011124","Alcoholic beverages, tobacco products and recreational cannabis","2002=100","17","units","0","v41691206","2.256","127.5","","","","1"
"2008-09","Canada","2016A000011124","Alcoholic beverages, tobacco products and recreational cannabis","2002=100","17","units","0","v41691206","2.256","128.0","","","","1"
"2008-10","Canada","2016A000011124","Alcoholic beverages, tobacco products and recreational cannabis","2002=100","17","units","0","v41691206","2.256","128.0","","","","1"
"2008-11","Canada","2016A000011124","Alcoholic beverages, tobacco products and recreational cannabis","2002=100","17","units","0","v41691206","2.256","128.5","","","","1"
"2008-12","Canada","2016A000011124","Alcoholic beverages, tobacco products and recreational cannabis","2002=100","17","units","0","v41691206","2.256","128.7","","","","1"
"2009-01","Canada","2016A000011124","Alcoholic beverages, tobacco products and recreational cannabis","2002=100","17","units","0","v41691206","2.256","129.2","","","","1"
"2009-02","Canada","2016A000011124","Alcoholic beverages, tobacco products and recreational cannabis","2002=100","17","units","0","v41691206","2.256","129.2","","","","1"
"2009-03","Canada","2016A000011124","Alcoholic beverages, tobacco products and recreational cannabis","2002=100","17","units","0","v41691206","2.256","129.7","","","","1"
"2009-04","Canada","2016A000011124","Alcoholic beverages, tobacco products and recreational cannabis","2002=100","17","units","0","v41691206","2.256","129.7","","","","1"
"2009-05","Canada","2016A000011124","Alcoholic beverages, tobacco products and recreational cannabis","2002=100","17","units","0","v41691206","2.256","131.2","","","","1"
"2009-06","Canada","2016A000011124","Alcoholic beverages, tobacco products and recreational cannabis","2002=100","17","units","0","v41691206","2.256","131.6","","","","1"
"2009-07","Canada","2016A000011124","Alcoholic beverages, tobacco products and recreational cannabis","2002=100","17","units","0","v41691206","2.256","131.5","","","","1"
"2009-08","Canada","2016A000011124","Alcoholic beverages, tobacco products and recreational cannabis","2002=100","17","units","0","v41691206","2.256","131.4","","","","1"
"2009-09","Canada","2016A000011124","Alcoholic beverages, tobacco products and recreational cannabis","2002=100","17","units","0","v41691206","2.256","131.3","","","","1"
"2009-10","Canada","2016A000011124","Alcoholic beverages, tobacco products and recreational cannabis","2002=100","17","units","0","v41691206","2.256","131.4","","","","1"
"2009-11","Canada","2016A000011124","Alcoholic beverages, tobacco products and recreational cannabis","2002=100","17","units","0","v41691206","2.256","131.3","","","","1"
"2009-12","Canada","2016A000011124","Alcoholic beverages, tobacco products and recreational cannabis","2002=100","17","units","0","v41691206","2.256","131.2","","","","1"
"2010-01","Canada","2016A000011124","Alcoholic beverages, tobacco products and recreational cannabis","2002=100","17","units","0","v41691206","2.256","131.1","","","","1"
"2010-02","Canada","2016A000011124","Alcoholic beverages, tobacco products and recreational cannabis","2002=100","17","units","0","v41691206","2.256","131.4","","","","1"
"2010-03","Canada","2016A000011124","Alcoholic beverages, tobacco products and recreational cannabis","2002=100","17","units","0","v41691206","2.256","131.5","","","","1"
"2010-04","Canada","2016A000011124","Alcoholic beverages, tobacco products and recreational cannabis","2002=100","17","units","0","v41691206","2.256","131.8","","","","1"
"2010-05","Canada","2016A000011124","Alcoholic beverages, tobacco products and recreational cannabis","2002=100","17","units","0","v41691206","2.256","132.1","","","","1"
"2010-06","Canada","2016A000011124","Alcoholic beverages, tobacco products and recreational cannabis","2002=100","17","units","0","v41691206","2.256","132.2","","","","1"
"2010-07","Canada","2016A000011124","Alcoholic beverages, tobacco products and recreational cannabis","2002=100","17","units","0","v41691206","2.256","134.5","","","","1"
"2010-08","Canada","2016A000011124","Alcoholic beverages, tobacco products and recreational cannabis","2002=100","17","units","0","v41691206","2.256","134.4","","","","1"
"2010-09","Canada","2016A000011124","Alcoholic beverages, tobacco products and recreational cannabis","2002=100","17","units","0","v41691206","2.256","134.4","","","","1"
"2010-10","Canada","2016A000011124","Alcoholic beverages, tobacco products and recreational cannabis","2002=100","17","units","0","v41691206","2.256","134.5","","","","1"
"2010-11","Canada","2016A000011124","Alcoholic beverages, tobacco products and recreational cannabis","2002=100","17","units","0","v41691206","2.256","134.6","","","","1"
"2010-12","Canada","2016A000011124","Alcoholic beverages, tobacco products and recreational cannabis","2002=100","17","units","0","v41691206","2.256","134.6","","","","1"
"2011-01","Canada","2016A000011124","Alcoholic beverages, tobacco products and recreational cannabis","2002=100","17","units","0","v41691206","2.256","135.2","","","","1"
"2011-02","Canada","2016A000011124","Alcoholic beverages, tobacco products and recreational cannabis","2002=100","17","units","0","v41691206","2.256","135.0","","","","1"
"2011-03","Canada","2016A000011124","Alcoholic beverages, tobacco products and recreational cannabis","2002=100","17","units","0","v41691206","2.256","134.8","","","","1"
"2011-04","Canada","2016A000011124","Alcoholic beverages, tobacco products and recreational cannabis","2002=100","17","units","0","v41691206","2.256","135.0","","","","1"
"2011-05","Canada","2016A000011124","Alcoholic beverages, tobacco products and recreational cannabis","2002=100","17","units","0","v41691206","2.256","135.7","","","","1"
"2011-06","Canada","2016A000011124","Alcoholic beverages, tobacco products and recreational cannabis","2002=100","17","units","0","v41691206","2.256","135.6","","","","1"
"2011-07","Canada","2016A000011124","Alcoholic beverages, tobacco products and recreational cannabis","2002=100","17","units","0","v41691206","2.256","136.1","","","","1"
"2011-08","Canada","2016A000011124","Alcoholic beverages, tobacco products and recreational cannabis","2002=100","17","units","0","v41691206","2.256","136.1","","","","1"
"2011-09","Canada","2016A000011124","Alcoholic beverages, tobacco products and recreational cannabis","2002=100","17","units","0","v41691206","2.256","135.9","","","","1"
"2011-10","Canada","2016A000011124","Alcoholic beverages, tobacco products and recreational cannabis","2002=100","17","units","0","v41691206","2.256","135.8","","","","1"
"2011-11","Canada","2016A000011124","Alcoholic beverages, tobacco products and recreational cannabis","2002=100","17","units","0","v41691206","2.256","135.8","","","","1"
"2011-12","Canada","2016A000011124","Alcoholic beverages, tobacco products and recreational cannabis","2002=100","17","units","0","v41691206","2.256","135.8","","","","1"
"2012-01","Canada","2016A000011124","Alcoholic beverages, tobacco products and recreational cannabis","2002=100","17","units","0","v41691206","2.256","136.3","","","","1"
"2012-02","Canada","2016A000011124","Alcoholic beverages, tobacco products and recreational cannabis","2002=100","17","units","0","v41691206","2.256","136.6","","","","1"
"2012-03","Canada","2016A000011124","Alcoholic beverages, tobacco products and recreational cannabis","2002=100","17","units","0","v41691206","2.256","137.5","","","","1"
"2012-04","Canada","2016A000011124","Alcoholic beverages, tobacco products and recreational cannabis","2002=100","17","units","0","v41691206","2.256","137.7","","","","1"
"2012-05","Canada","2016A000011124","Alcoholic beverages, tobacco products and recreational cannabis","2002=100","17","units","0","v41691206","2.256","137.7","","","","1"
"2012-06","Canada","2016A000011124","Alcoholic beverages, tobacco products and recreational cannabis","2002=100","17","units","0","v41691206","2.256","137.5","","","","1"
"2012-07","Canada","2016A000011124","Alcoholic beverages, tobacco products and recreational cannabis","2002=100","17","units","0","v41691206","2.256","137.6","","","","1"
"2012-08","Canada","2016A000011124","Alcoholic beverages, tobacco products and recreational cannabis","2002=100","17","units","0","v41691206","2.256","137.8","","","","1"
"2012-09","Canada","2016A000011124","Alcoholic beverages, tobacco products and recreational cannabis","2002=100","17","units","0","v41691206","2.256","137.7","","","","1"
"2012-10","Canada","2016A000011124","Alcoholic beverages, tobacco products and recreational cannabis","2002=100","17","units","0","v41691206","2.256","137.8","","","","1"
"2012-11","Canada","2016A000011124","Alcoholic beverages, tobacco products and recreational cannabis","2002=100","17","units","0","v41691206","2.256","138.3","","","","1"
"2012-12","Canada","2016A000011124","Alcoholic beverages, tobacco products and recreational cannabis","2002=100","17","units","0","v41691206","2.256","138.3","","","","1"
"2013-01","Canada","2016A000011124","Alcoholic beverages, tobacco products and recreational cannabis","2002=100","17","units","0","v41691206","2.256","138.9","","","","1"
"2013-02","Canada","2016A000011124","Alcoholic beverages, tobacco products and recreational cannabis","2002=100","17","units","0","v41691206","2.256","139.4","","","","1"
"2013-03","Canada","2016A000011124","Alcoholic beverages, tobacco products and recreational cannabis","2002=100","17","units","0","v41691206","2.256","139.8","","","","1"
"2013-04","Canada","2016A000011124","Alcoholic beverages, tobacco products and recreational cannabis","2002=100","17","units","0","v41691206","2.256","140.1","","","","1"
"2013-05","Canada","2016A000011124","Alcoholic beverages, tobacco products and recreational cannabis","2002=100","17","units","0","v41691206","2.256","141.1","","","","1"
"2013-06","Canada","2016A000011124","Alcoholic beverages, tobacco products and recreational cannabis","2002=100","17","units","0","v41691206","2.256","140.9","","","","1"
"2013-07","Canada","2016A000011124","Alcoholic beverages, tobacco products and recreational cannabis","2002=100","17","units","0","v41691206","2.256","140.5","","","","1"
"2013-08","Canada","2016A000011124","Alcoholic beverages, tobacco products and recreational cannabis","2002=100","17","units","0","v41691206","2.256","140.4","","","","1"
"2013-09","Canada","2016A000011124","Alcoholic beverages, tobacco products and recreational cannabis","2002=100","17","units","0","v41691206","2.256","140.9","","","","1"
"2013-10","Canada","2016A000011124","Alcoholic beverages, tobacco products and recreational cannabis","2002=100","17","units","0","v41691206","2.256","141.0","","","","1"
"2013-11","Canada","2016A000011124","Alcoholic beverages, tobacco products and recreational cannabis","2002=100","17","units","0","v41691206","2.256","141.1","","","","1"
"2013-12","Canada","2016A000011124","Alcoholic beverages, tobacco products and recreational cannabis","2002=100","17","units","0","v41691206","2.256","141.2","","","","1"
"2014-01","Canada","2016A000011124","Alcoholic beverages, tobacco products and recreational cannabis","2002=100","17","units","0","v41691206","2.256","140.9","","","","1"
"2014-02","Canada","2016A000011124","Alcoholic beverages, tobacco products and recreational cannabis","2002=100","17","units","0","v41691206","2.256","142.9","","","","1"
"2014-03","Canada","2016A000011124","Alcoholic beverages, tobacco products and recreational cannabis","2002=100","17","units","0","v41691206","2.256","145.3","","","","1"
"2014-04","Canada","2016A000011124","Alcoholic beverages, tobacco products and recreational cannabis","2002=100","17","units","0","v41691206","2.256","145.1","","","","1"
"2014-05","Canada","2016A000011124","Alcoholic beverages, tobacco products and recreational cannabis","2002=100","17","units","0","v41691206","2.256","146.2","","","","1"
"2014-06","Canada","2016A000011124","Alcoholic beverages, tobacco products and recreational cannabis","2002=100","17","units","0","v41691206","2.256","146.7","","","","1"
"2014-07","Canada","2016A000011124","Alcoholic beverages, tobacco products and recreational cannabis","2002=100","17","units","0","v41691206","2.256","147.1","","","","1"
"2014-08","Canada","2016A000011124","Alcoholic beverages, tobacco products and recreational cannabis","2002=100","17","units","0","v41691206","2.256","148.4","","","","1"
"2014-09","Canada","2016A000011124","Alcoholic beverages, tobacco products and recreational cannabis","2002=100","17","units","0","v41691206","2.256","148.5","","","","1"
"2014-10","Canada","2016A000011124","Alcoholic beverages, tobacco products and recreational cannabis","2002=100","17","units","0","v41691206","2.256","149.2","","","","1"
"2014-11","Canada","2016A000011124","Alcoholic beverages, tobacco products and recreational cannabis","2002=100","17","units","0","v41691206","2.256","149.4","","","","1"
"2014-12","Canada","2016A000011124","Alcoholic beverages, tobacco products and recreational cannabis","2002=100","17","units","0","v41691206","2.256","149.1","","","","1"
"2015-01","Canada","2016A000011124","Alcoholic beverages, tobacco products and recreational cannabis","2002=100","17","units","0","v41691206","2.256","149.9","","","","1"
"2015-02","Canada","2016A000011124","Alcoholic beverages, tobacco products and recreational cannabis","2002=100","17","units","0","v41691206","2.256","150.3","","","","1"
"2015-03","Canada","2016A000011124","Alcoholic beverages, tobacco products and recreational cannabis","2002=100","17","units","0","v41691206","2.256","150.7","","","","1"
"2015-04","Canada","2016A000011124","Alcoholic beverages, tobacco products and recreational cannabis","2002=100","17","units","0","v41691206","2.256","151.4","","","","1"
"2015-05","Canada","2016A000011124","Alcoholic beverages, tobacco products and recreational cannabis","2002=100","17","units","0","v41691206","2.256","151.9","","","","1"
"2015-06","Canada","2016A000011124","Alcoholic beverages, tobacco products and recreational cannabis","2002=100","17","units","0","v41691206","2.256","152.1","","","","1"
"2015-07","Canada","2016A000011124","Alcoholic beverages, tobacco products and recreational cannabis","2002=100","17","units","0","v41691206","2.256","152.2","","","","1"
"2015-08","Canada","2016A000011124","Alcoholic beverages, tobacco products and recreational cannabis","2002=100","17","units","0","v41691206","2.256","152.6","","","","1"
"2015-09","Canada","2016A000011124","Alcoholic beverages, tobacco products and recreational cannabis","2002=100","17","units","0","v41691206","2.256","152.9","","","","1"
"2015-10","Canada","2016A000011124","Alcoholic beverages, tobacco products and recreational cannabis","2002=100","17","units","0","v41691206","2.256","152.9","","","","1"
"2015-11","Canada","2016A000011124","Alcoholic beverages, tobacco products and recreational cannabis","2002=100","17","units","0","v41691206","2.256","153.8","","","","1"
"2015-12","Canada","2016A000011124","Alcoholic beverages, tobacco products and recreational cannabis","2002=100","17","units","0","v41691206","2.256","153.5","","","","1"
"2016-01","Canada","2016A000011124","Alcoholic beverages, tobacco products and recreational cannabis","2002=100","17","units","0","v41691206","2.256","154.5","","","","1"
"2016-02","Canada","2016A000011124","Alcoholic beverages, tobacco products and recreational cannabis","2002=100","17","units","0","v41691206","2.256","155.2","","","","1"
"2016-03","Canada","2016A000011124","Alcoholic beverages, tobacco products and recreational cannabis","2002=100","17","units","0","v41691206","2.256","156.2","","","","1"
"2016-04","Canada","2016A000011124","Alcoholic beverages, tobacco products and recreational cannabis","2002=100","17","units","0","v41691206","2.256","156.5","","","","1"
"2016-05","Canada","2016A000011124","Alcoholic beverages, tobacco products and recreational cannabis","2002=100","17","units","0","v41691206","2.256","156.8","","","","1"
"2016-06","Canada","2016A000011124","Alcoholic beverages, tobacco products and recreational cannabis","2002=100","17","units","0","v41691206","2.256","156.7","","","","1"
"2016-07","Canada","2016A000011124","Alcoholic beverages, tobacco products and recreational cannabis","2002=100","17","units","0","v41691206","2.256","157.1","","","","1"
"2016-08","Canada","2016A000011124","Alcoholic beverages, tobacco products and recreational cannabis","2002=100","17","units","0","v41691206","2.256","157.3","","","","1"
"2016-09","Canada","2016A000011124","Alcoholic beverages, tobacco products and recreational cannabis","2002=100","17","units","0","v41691206","2.256","157.7","","","","1"
"2016-10","Canada","2016A000011124","Alcoholic beverages, tobacco products and recreational cannabis","2002=100","17","units","0","v41691206","2.256","158.1","","","","1"
"2016-11","Canada","2016A000011124","Alcoholic beverages, tobacco products and recreational cannabis","2002=100","17","units","0","v41691206","2.256","158.0","","","","1"
"2016-12","Canada","2016A000011124","Alcoholic beverages, tobacco products and recreational cannabis","2002=100","17","units","0","v41691206","2.256","157.8","","","","1"
"2017-01","Canada","2016A000011124","Alcoholic beverages, tobacco products and recreational cannabis","2002=100","17","units","0","v41691206","2.256","158.7","","","","1"
"2017-02","Canada","2016A000011124","Alcoholic beverages, tobacco products and recreational cannabis","2002=100","17","units","0","v41691206","2.256","159.2","","","","1"
"2017-03","Canada","2016A000011124","Alcoholic beverages, tobacco products and recreational cannabis","2002=100","17","units","0","v41691206","2.256","159.7","","","","1"
"2017-04","Canada","2016A000011124","Alcoholic beverages, tobacco products and recreational cannabis","2002=100","17","units","0","v41691206","2.256","160.1","","","","1"
"2017-05","Canada","2016A000011124","Alcoholic beverages, tobacco products and recreational cannabis","2002=100","17","units","0","v41691206","2.256","160.7","","","","1"
"2017-06","Canada","2016A000011124","Alcoholic beverages, tobacco products and recreational cannabis","2002=100","17","units","0","v41691206","2.256","161.2","","","","1"
"2017-07","Canada","2016A000011124","Alcoholic beverages, tobacco products and recreational cannabis","2002=100","17","units","0","v41691206","2.256","161.7","","","","1"
"2017-08","Canada","2016A000011124","Alcoholic beverages, tobacco products and recreational cannabis","2002=100","17","units","0","v41691206","2.256","162.0","","","","1"
"2017-09","Canada","2016A000011124","Alcoholic beverages, tobacco products and recreational cannabis","2002=100","17","units","0","v41691206","2.256","162.5","","","","1"
"2017-10","Canada","2016A000011124","Alcoholic beverages, tobacco products and recreational cannabis","2002=100","17","units","0","v41691206","2.256","162.4","","","","1"
"2017-11","Canada","2016A000011124","Alcoholic beverages, tobacco products and recreational cannabis","2002=100","17","units","0","v41691206","2.256","162.5","","","","1"
"2017-12","Canada","2016A000011124","Alcoholic beverages, tobacco products and recreational cannabis","2002=100","17","units","0","v41691206","2.256","162.2","","","","1"
"2018-01","Canada","2016A000011124","Alcoholic beverages, tobacco products and recreational cannabis","2002=100","17","units","0","v41691206","2.256","163.2","","","","1"
"2018-02","Canada","2016A000011124","Alcoholic beverages, tobacco products and recreational cannabis","2002=100","17","units","0","v41691206","2.256","164.1","","","","1"
"2018-03","Canada","2016A000011124","Alcoholic beverages, tobacco products and recreational cannabis","2002=100","17","units","0","v41691206","2.256","166.0","","","","1"
"2018-04","Canada","2016A000011124","Alcoholic beverages, tobacco products and recreational cannabis","2002=100","17","units","0","v41691206","2.256","167.9","","","","1"
"2018-05","Canada","2016A000011124","Alcoholic beverages, tobacco products and recreational cannabis","2002=100","17","units","0","v41691206","2.256","168.1","","","","1"
"2018-06","Canada","2016A000011124","Alcoholic beverages, tobacco products and recreational cannabis","2002=100","17","units","0","v41691206","2.256","168.9","","","","1"
"2018-07","Canada","2016A000011124","Alcoholic beverages, tobacco products and recreational cannabis","2002=100","17","units","0","v41691206","2.256","169.0","","","","1"
"2018-08","Canada","2016A000011124","Alcoholic beverages, tobacco products and recreational cannabis","2002=100","17","units","0","v41691206","2.256","169.5","","","","1"
"2018-09","Canada","2016A000011124","Alcoholic beverages, tobacco products and recreational cannabis","2002=100","17","units","0","v41691206","2.256","169.7","","","","1"
"2018-10","Canada","2016A000011124","Alcoholic beverages, tobacco products and recreational cannabis","2002=100","17","units","0","v41691206","2.256","169.7","","","","1"
"2018-11","Canada","2016A000011124","Alcoholic beverages, tobacco products and recreational cannabis","2002=100","17","units","0","v41691206","2.256","169.9","","","","1"
"2018-12","Canada","2016A000011124","Alcoholic beverages, tobacco products and recreational cannabis","2002=100","17","units","0","v41691206","2.256","169.3","","","","1"
"2019-01","Canada","2016A000011124","Alcoholic beverages, tobacco products and recreational cannabis","2002=100","17","units","0","v41691206","2.256","170.6","","","","1"
"2019-02","Canada","2016A000011124","Alcoholic beverages, tobacco products and recreational cannabis","2002=100","17","units","0","v41691206","2.256","170.9","","","","1"
"2019-03","Canada","2016A000011124","Alcoholic beverages, tobacco products and recreational cannabis","2002=100","17","units","0","v41691206","2.256","170.9","","","","1"
"2019-04","Canada","2016A000011124","Alcoholic beverages, tobacco products and recreational cannabis","2002=100","17","units","0","v41691206","2.256","171.3","","","","1"
"2019-05","Canada","2016A000011124","Alcoholic beverages, tobacco products and recreational cannabis","2002=100","17","units","0","v41691206","2.256","171.7","","","","1"
"2019-06","Canada","2016A000011124","Alcoholic beverages, tobacco products and recreational cannabis","2002=100","17","units","0","v41691206","2.256","171.2","","","","1"
"2019-07","Canada","2016A000011124","Alcoholic beverages, tobacco products and recreational cannabis","2002=100","17","units","0","v41691206","2.256","171.0","","","","1"
"2019-08","Canada","2016A000011124","Alcoholic beverages, tobacco products and recreational cannabis","2002=100","17","units","0","v41691206","2.256","171.1","","","","1"
"2019-09","Canada","2016A000011124","Alcoholic beverages, tobacco products and recreational cannabis","2002=100","17","units","0","v41691206","2.256","170.9","","","","1"
"2019-10","Canada","2016A000011124","Alcoholic beverages, tobacco products and recreational cannabis","2002=100","17","units","0","v41691206","2.256","171.3","","","","1"
"2019-11","Canada","2016A000011124","Alcoholic beverages, tobacco products and recreational cannabis","2002=100","17","units","0","v41691206","2.256","172.0","","","","1"
"2019-12","Canada","2016A000011124","Alcoholic beverages, tobacco products and recreational cannabis","2002=100","17","units","0","v41691206","2.256","170.0","","","","1"
"2020-01","Canada","2016A000011124","Alcoholic beverages, tobacco products and recreational cannabis","2002=100","17","units","0","v41691206","2.256","171.4","","","","1"
"2020-02","Canada","2016A000011124","Alcoholic beverages, tobacco products and recreational cannabis","2002=100","17","units","0","v41691206","2.256","171.4","","","","1"
"2020-03","Canada","2016A000011124","Alcoholic beverages, tobacco products and recreational cannabis","2002=100","17","units","0","v41691206","2.256","171.5","","","","1"
"2020-04","Canada","2016A000011124","Alcoholic beverages, tobacco products and recreational cannabis","2002=100","17","units","0","v41691206","2.256","172.1","","","","1"
"2020-05","Canada","2016A000011124","Alcoholic beverages, tobacco products and recreational cannabis","2002=100","17","units","0","v41691206","2.256","172.1","","","","1"
"2020-06","Canada","2016A000011124","Alcoholic beverages, tobacco products and recreational cannabis","2002=100","17","units","0","v41691206","2.256","172.2","","","","1"
"2020-07","Canada","2016A000011124","Alcoholic beverages, tobacco products and recreational cannabis","2002=100","17","units","0","v41691206","2.256","172.0","","","","1"
"2020-08","Canada","2016A000011124","Alcoholic beverages, tobacco products and recreational cannabis","2002=100","17","units","0","v41691206","2.256","171.8","","","","1"
"2020-09","Canada","2016A000011124","Alcoholic beverages, tobacco products and recreational cannabis","2002=100","17","units","0","v41691206","2.256","172.1","","","","1"
"2020-10","Canada","2016A000011124","Alcoholic beverages, tobacco products and recreational cannabis","2002=100","17","units","0","v41691206","2.256","172.5","","","","1"
"2020-11","Canada","2016A000011124","Alcoholic beverages, tobacco products and recreational cannabis","2002=100","17","units","0","v41691206","2.256","172.1","","","","1"
"2020-12","Canada","2016A000011124","Alcoholic beverages, tobacco products and recreational cannabis","2002=100","17","units","0","v41691206","2.256","171.4","","","","1"
"2021-01","Canada","2016A000011124","Alcoholic beverages, tobacco products and recreational cannabis","2002=100","17","units","0","v41691206","2.256","172.5","","","","1"
"2021-02","Canada","2016A000011124","Alcoholic beverages, tobacco products and recreational cannabis","2002=100","17","units","0","v41691206","2.256","173.2","","","","1"
"2021-03","Canada","2016A000011124","Alcoholic beverages, tobacco products and recreational cannabis","2002=100","17","units","0","v41691206","2.256","173.6","","","","1"
"2021-04","Canada","2016A000011124","Alcoholic beverages, tobacco products and recreational cannabis","2002=100","17","units","0","v41691206","2.256","174.4","","","","1"
"2021-05","Canada","2016A000011124","Alcoholic beverages, tobacco products and recreational cannabis","2002=100","17","units","0","v41691206","2.256","175.2","","","","1"
"2021-06","Canada","2016A000011124","Alcoholic beverages, tobacco products and recreational cannabis","2002=100","17","units","0","v41691206","2.256","175.5","","","","1"
"2021-07","Canada","2016A000011124","Alcoholic beverages, tobacco products and recreational cannabis","2002=100","17","units","0","v41691206","2.256","175.0","","","","1"
"2021-08","Canada","2016A000011124","Alcoholic beverages, tobacco products and recreational cannabis","2002=100","17","units","0","v41691206","2.256","176.2","","","","1"
"2021-09","Canada","2016A000011124","Alcoholic beverages, tobacco products and recreational cannabis","2002=100","17","units","0","v41691206","2.256","175.8","","","","1"
"2021-10","Canada","2016A000011124","Alcoholic beverages, tobacco products and recreational cannabis","2002=100","17","units","0","v41691206","2.256","176.2","","","","1"
"2021-11","Canada","2016A000011124","Alcoholic beverages, tobacco products and recreational cannabis","2002=100","17","units","0","v41691206","2.256","176.6","","","","1"
"2021-12","Canada","2016A000011124","Alcoholic beverages, tobacco products and recreational cannabis","2002=100","17","units","0","v41691206","2.256","175.7","","","","1"
"2022-01","Canada","2016A000011124","Alcoholic beverages, tobacco products and recreational cannabis","2002=100","17","units","0","v41691206","2.256","178.2","","","","1"
"2022-02","Canada","2016A000011124","Alcoholic beverages, tobacco products and recreational cannabis","2002=100","17","units","0","v41691206","2.256","178.5","","","","1"
"2022-03","Canada","2016A000011124","Alcoholic beverages, tobacco products and recreational cannabis","2002=100","17","units","0","v41691206","2.256","179.3","","","","1"
"2022-04","Canada","2016A000011124","Alcoholic beverages, tobacco products and recreational cannabis","2002=100","17","units","0","v41691206","2.256","179.8","","","","1"
"2022-05","Canada","2016A000011124","Alcoholic beverages, tobacco products and recreational cannabis","2002=100","17","units","0","v41691206","2.256","180.4","","","","1"
"2022-06","Canada","2016A000011124","Alcoholic beverages, tobacco products and recreational cannabis","2002=100","17","units","0","v41691206","2.256","180.7","","","","1"
"2022-07","Canada","2016A000011124","Alcoholic beverages, tobacco products and recreational cannabis","2002=100","17","units","0","v41691206","2.256","181.6","","","","1"
"2022-08","Canada","2016A000011124","Alcoholic beverages, tobacco products and recreational cannabis","2002=100","17","units","0","v41691206","2.256","182.4","","","","1"
"2022-09","Canada","2016A000011124","Alcoholic beverages, tobacco products and recreational cannabis","2002=100","17","units","0","v41691206","2.256","182.4","","","","1"
"2022-10","Canada","2016A000011124","Alcoholic beverages, tobacco products and recreational cannabis","2002=100","17","units","0","v41691206","2.256","183.5","","","","1"
"2022-11","Canada","2016A000011124","Alcoholic beverages, tobacco products and recreational cannabis","2002=100","17","units","0","v41691206","2.256","184.5","","","","1"
"2022-12","Canada","2016A000011124","Alcoholic beverages, tobacco products and recreational cannabis","2002=100","17","units","0","v41691206","2.256","184.2","","","","1"
"2023-01","Canada","2016A000011124","Alcoholic beverages, tobacco products and recreational cannabis","2002=100","17","units","0","v41691206","2.256","186.5","","","","1"
"2023-02","Canada","2016A000011124","Alcoholic beverages, tobacco products and recreational cannabis","2002=100","17","units","0","v41691206","2.256","187.3","","","","1"
"2023-03","Canada","2016A000011124","Alcoholic beverages, tobacco products and recreational cannabis","2002=100","17","units","0","v41691206","2.256","189.0","","","","1"
"2023-04","Canada","2016A000011124","Alcoholic beverages, tobacco products and recreational cannabis","2002=100","17","units","0","v41691206","2.256","189.4","","","","1"
"2023-05","Canada","2016A000011124","Alcoholic beverages, tobacco products and recreational cannabis","2002=100","17","units","0","v41691206","2.256","190.3","","","","1"
"2023-06","Canada","2016A000011124","Alcoholic beverages, tobacco products and recreational cannabis","2002=100","17","units","0","v41691206","2.256","190.5","","","","1"
"2023-07","Canada","2016A000011124","Alcoholic beverages, tobacco products and recreational cannabis","2002=100","17","units","0","v41691206","2.256","191.2","","","","1"
"2023-08","Canada","2016A000011124","Alcoholic beverages, tobacco products and recreational cannabis","2002=100","17","units","0","v41691206","2.256","191.9","","","","1"
"2023-09","Canada","2016A000011124","Alcoholic beverages, tobacco products and recreational cannabis","2002=100","17","units","0","v41691206","2.256","192.0","","","","1"
"2023-10","Canada","2016A000011124","Alcoholic beverages, tobacco products and recreational cannabis","2002=100","17","units","0","v41691206","2.256","192.2","","","","1"
"2023-11","Canada","2016A000011124","Alcoholic beverages, tobacco products and recreational cannabis","2002=100","17","units","0","v41691206","2.256","193.0","","","","1"
"2023-12","Canada","2016A000011124","Alcoholic beverages, tobacco products and recreational cannabis","2002=100","17","units","0","v41691206","2.256","192.1","","","","1"
"2024-01","Canada","2016A000011124","Alcoholic beverages, tobacco products and recreational cannabis","2002=100","17","units","0","v41691206","2.256","194.3","","","","1"
"2024-02","Canada","2016A000011124","Alcoholic beverages, tobacco products and recreational cannabis","2002=100","17","units","0","v41691206","2.256","194.1","","","","1"
"2024-03","Canada","2016A000011124","Alcoholic beverages, tobacco products and recreational cannabis","2002=100","17","units","0","v41691206","2.256","195.0","","","","1"
"2024-04","Canada","2016A000011124","Alcoholic beverages, tobacco products and recreational cannabis","2002=100","17","units","0","v41691206","2.256","195.9","","","","1"
"2024-05","Canada","2016A000011124","Alcoholic beverages, tobacco products and recreational cannabis","2002=100","17","units","0","v41691206","2.256","196.4","","","","1"
"2024-06","Canada","2016A000011124","Alcoholic beverages, tobacco products and recreational cannabis","2002=100","17","units","0","v41691206","2.256","196.5","","","","1"
"2024-07","Canada","2016A000011124","Alcoholic beverages, tobacco products and recreational cannabis","2002=100","17","units","0","v41691206","2.256","196.4","","","","1"
"2024-08","Canada","2016A000011124","Alcoholic beverages, tobacco products and recreational cannabis","2002=100","17","units","0","v41691206","2.256","197.9","","","","1"
"2024-09","Canada","2016A000011124","Alcoholic beverages, tobacco products and recreational cannabis","2002=100","17","units","0","v41691206","2.256","197.8","","","","1"
"2024-10","Canada","2016A000011124","Alcoholic beverages, tobacco products and recreational cannabis","2002=100","17","units","0","v41691206","2.256","198.0","","","","1"
"2024-11","Canada","2016A000011124","Alcoholic beverages, tobacco products and recreational cannabis","2002=100","17","units","0","v41691206","2.256","198.3","","","","1"
"2024-12","Canada","2016A000011124","Alcoholic beverages, tobacco products and recreational cannabis","2002=100","17","units","0","v41691206","2.256","193.5","","","","1"
"2025-01","Canada","2016A000011124","Alcoholic beverages, tobacco products and recreational cannabis","2002=100","17","units","0","v41691206","2.256","192.3","","","","1"
"2025-02","Canada","2016A000011124","Alcoholic beverages, tobacco products and recreational cannabis","2002=100","17","units","0","v41691206","2.256","195.2","","","","1"
"2025-03","Canada","2016A000011124","Alcoholic beverages, tobacco products and recreational cannabis","2002=100","17","units","0","v41691206","2.256","199.7","","","","1"
"2025-04","Canada","2016A000011124","Alcoholic beverages, tobacco products and recreational cannabis","2002=100","17","units","0","v41691206","2.256","200.0","","","","1"
"2025-05","Canada","2016A000011124","Alcoholic beverages, tobacco products and recreational cannabis","2002=100","17","units","0","v41691206","2.256","200.4","","","","1"
"2025-06","Canada","2016A000011124","Alcoholic beverages, tobacco products and recreational cannabis","2002=100","17","units","0","v41691206","2.256","200.2","","","","1"
"2025-07","Canada","2016A000011124","Alcoholic beverages, tobacco products and recreational cannabis","2002=100","17","units","0","v41691206","2.256","200.1","","","","1"
"2025-08","Canada","2016A000011124","Alcoholic beverages, tobacco products and recreational cannabis","2002=100","17","units","0","v41691206","2.256","200.5","","","","1"
"2025-09","Canada","2016A000011124","Alcoholic beverages, tobacco products and recreational cannabis","2002=100","17","units","0","v41691206","2.256","200.8","","","","1"
"2025-10","Canada","2016A000011124","Alcoholic beverages, tobacco products and recreational cannabis","2002=100","17","units","0","v41691206","2.256","201.0","","","","1"
"2025-11","Canada","2016A000011124","Alcoholic beverages, tobacco products and recreational cannabis","2002=100","17","units","0","v41691206","2.256","201.1","","","","1"
"1990-01","Canada","2016A000011124","All-items excluding food and energy","2002=100","17","units","0","v41691233","2.285","77.3","","","","1"
"1990-02","Canada","2016A000011124","All-items excluding food and energy","2002=100","17","units","0","v41691233","2.285","77.7","","","","1"
"1990-03","Canada","2016A000011124","All-items excluding food and energy","2002=100","17","units","0","v41691233","2.285","78.0","","","","1"
"1990-04","Canada","2016A000011124","All-items excluding food and energy","2002=100","17","units","0","v41691233","2.285","78.1","","","","1"
"1990-05","Canada","2016A000011124","All-items excluding food and energy","2002=100","17","units","0","v41691233","2.285","78.4","","","","1"
"1990-06","Canada","2016A000011124","All-items excluding food and energy","2002=100","17","units","0","v41691233","2.285","78.6","","","","1"
"1990-07","Canada","2016A000011124","All-items excluding food and energy","2002=100","17","units","0","v41691233","2.285","78.9","","","","1"
"1990-08","Canada","2016A000011124","All-items excluding food and energy","2002=100","17","units","0","v41691233","2.285","79.2","","","","1"
"1990-09","Canada","2016A000011124","All-items excluding food and energy","2002=100","17","units","0","v41691233","2.285","79.4","","","","1"
"1990-10","Canada","2016A000011124","All-items excluding food and energy","2002=100","17","units","0","v41691233","2.285","79.9","","","","1"
"1990-11","Canada","2016A000011124","All-items excluding food and energy","2002=100","17","units","0","v41691233","2.285","80.2","","","","1"
"1990-12","Canada","2016A000011124","All-items excluding food and energy","2002=100","17","units","0","v41691233","2.285","80.2","","","","1"
"1991-01","Canada","2016A000011124","All-items excluding food and energy","2002=100","17","units","0","v41691233","2.285","81.9","","","","1"
"1991-02","Canada","2016A000011124","All-items excluding food and energy","2002=100","17","units","0","v41691233","2.285","82.3","","","","1"
"1991-03","Canada","2016A000011124","All-items excluding food and energy","2002=100","17","units","0","v41691233","2.285","83.0","","","","1"
"1991-04","Canada","2016A000011124","All-items excluding food and energy","2002=100","17","units","0","v41691233","2.285","83.0","","","","1"
"1991-05","Canada","2016A000011124","All-items excluding food and energy","2002=100","17","units","0","v41691233","2.285","83.3","","","","1"
"1991-06","Canada","2016A000011124","All-items excluding food and energy","2002=100","17","units","0","v41691233","2.285","83.4","","","","1"
"1991-07","Canada","2016A000011124","All-items excluding food and energy","2002=100","17","units","0","v41691233","2.285","83.6","","","","1"
"1991-08","Canada","2016A000011124","All-items excluding food and energy","2002=100","17","units","0","v41691233","2.285","83.8","","","","1"
"1991-09","Canada","2016A000011124","All-items excluding food and energy","2002=100","17","units","0","v41691233","2.285","83.9","","","","1"
"1991-10","Canada","2016A000011124","All-items excluding food and energy","2002=100","17","units","0","v41691233","2.285","84.1","","","","1"
"1991-11","Canada","2016A000011124","All-items excluding food and energy","2002=100","17","units","0","v41691233","2.285","84.4","","","","1"
"1991-12","Canada","2016A000011124","All-items excluding food and energy","2002=100","17","units","0","v41691233","2.285","84.1","","","","1"
"1992-01","Canada","2016A000011124","All-items excluding food and energy","2002=100","17","units","0","v41691233","2.285","84.3","","","","1"
"1992-02","Canada","2016A000011124","All-items excluding food and energy","2002=100","17","units","0","v41691233","2.285","84.6","","","","1"
"1992-03","Canada","2016A000011124","All-items excluding food and energy","2002=100","17","units","0","v41691233","2.285","84.9","","","","1"
"1992-04","Canada","2016A000011124","All-items excluding food and energy","2002=100","17","units","0","v41691233","2.285","84.9","","","","1"
"1992-05","Canada","2016A000011124","All-items excluding food and energy","2002=100","17","units","0","v41691233","2.285","84.9","","","","1"
"1992-06","Canada","2016A000011124","All-items excluding food and energy","2002=100","17","units","0","v41691233","2.285","84.9","","","","1"
"1992-07","Canada","2016A000011124","All-items excluding food and energy","2002=100","17","units","0","v41691233","2.285","85.2","","","","1"
"1992-08","Canada","2016A000011124","All-items excluding food and energy","2002=100","17","units","0","v41691233","2.285","85.3","","","","1"
"1992-09","Canada","2016A000011124","All-items excluding food and energy","2002=100","17","units","0","v41691233","2.285","85.3","","","","1"
"1992-10","Canada","2016A000011124","All-items excluding food and energy","2002=100","17","units","0","v41691233","2.285","85.5","","","","1"
"1992-11","Canada","2016A000011124","All-items excluding food and energy","2002=100","17","units","0","v41691233","2.285","85.9","","","","1"
"1992-12","Canada","2016A000011124","All-items excluding food and energy","2002=100","17","units","0","v41691233","2.285","85.8","","","","1"
"1993-01","Canada","2016A000011124","All-items excluding food and energy","2002=100","17","units","0","v41691233","2.285","86.1","","","","1"
"1993-02","Canada","2016A000011124","All-items excluding food and energy","2002=100","17","units","0","v41691233","2.285","86.4","","","","1"
"1993-03","Canada","2016A000011124","All-items excluding food and energy","2002=100","17","units","0","v41691233","2.285","86.5","","","","1"
"1993-04","Canada","2016A000011124","All-items excluding food and energy","2002=100","17","units","0","v41691233","2.285","86.5","","","","1"
"1993-05","Canada","2016A000011124","All-items excluding food and energy","2002=100","17","units","0","v41691233","2.285","86.4","","","","1"
"1993-06","Canada","2016A000011124","All-items excluding food and energy","2002=100","17","units","0","v41691233","2.285","86.4","","","","1"
"1993-07","Canada","2016A000011124","All-items excluding food and energy","2002=100","17","units","0","v41691233","2.285","86.7","","","","1"
"1993-08","Canada","2016A000011124","All-items excluding food and energy","2002=100","17","units","0","v41691233","2.285","86.9","","","","1"
"1993-09","Canada","2016A000011124","All-items excluding food and energy","2002=100","17","units","0","v41691233","2.285","87.2","","","","1"
"1993-10","Canada","2016A000011124","All-items excluding food and energy","2002=100","17","units","0","v41691233","2.285","87.2","","","","1"
"1993-11","Canada","2016A000011124","All-items excluding food and energy","2002=100","17","units","0","v41691233","2.285","87.8","","","","1"
"1993-12","Canada","2016A000011124","All-items excluding food and energy","2002=100","17","units","0","v41691233","2.285","87.6","","","","1"
"1994-01","Canada","2016A000011124","All-items excluding food and energy","2002=100","17","units","0","v41691233","2.285","87.5","","","","1"
"1994-02","Canada","2016A000011124","All-items excluding food and energy","2002=100","17","units","0","v41691233","2.285","86.6","","","","1"
"1994-03","Canada","2016A000011124","All-items excluding food and energy","2002=100","17","units","0","v41691233","2.285","86.6","","","","1"
"1994-04","Canada","2016A000011124","All-items excluding food and energy","2002=100","17","units","0","v41691233","2.285","86.6","","","","1"
"1994-05","Canada","2016A000011124","All-items excluding food and energy","2002=100","17","units","0","v41691233","2.285","86.3","","","","1"
"1994-06","Canada","2016A000011124","All-items excluding food and energy","2002=100","17","units","0","v41691233","2.285","86.4","","","","1"
"1994-07","Canada","2016A000011124","All-items excluding food and energy","2002=100","17","units","0","v41691233","2.285","86.6","","","","1"
"1994-08","Canada","2016A000011124","All-items excluding food and energy","2002=100","17","units","0","v41691233","2.285","86.7","","","","1"
"1994-09","Canada","2016A000011124","All-items excluding food and energy","2002=100","17","units","0","v41691233","2.285","87.0","","","","1"
"1994-10","Canada","2016A000011124","All-items excluding food and energy","2002=100","17","units","0","v41691233","2.285","86.9","","","","1"
"1994-11","Canada","2016A000011124","All-items excluding food and energy","2002=100","17","units","0","v41691233","2.285","87.4","","","","1"
"1994-12","Canada","2016A000011124","All-items excluding food and energy","2002=100","17","units","0","v41691233","2.285","87.6","","","","1"
"1995-01","Canada","2016A000011124","All-items excluding food and energy","2002=100","17","units","0","v41691233","2.285","87.8","","","","1"
"1995-02","Canada","2016A000011124","All-items excluding food and energy","2002=100","17","units","0","v41691233","2.285","88.1","","","","1"
"1995-03","Canada","2016A000011124","All-items excluding food and energy","2002=100","17","units","0","v41691233","2.285","88.4","","","","1"
"1995-04","Canada","2016A000011124","All-items excluding food and energy","2002=100","17","units","0","v41691233","2.285","88.4","","","","1"
"1995-05","Canada","2016A000011124","All-items excluding food and energy","2002=100","17","units","0","v41691233","2.285","88.6","","","","1"
"1995-06","Canada","2016A000011124","All-items excluding food and energy","2002=100","17","units","0","v41691233","2.285","88.6","","","","1"
"1995-07","Canada","2016A000011124","All-items excluding food and energy","2002=100","17","units","0","v41691233","2.285","88.9","","","","1"
"1995-08","Canada","2016A000011124","All-items excluding food and energy","2002=100","17","units","0","v41691233","2.285","89.1","","","","1"
"1995-09","Canada","2016A000011124","All-items excluding food and energy","2002=100","17","units","0","v41691233","2.285","89.3","","","","1"
"1995-10","Canada","2016A000011124","All-items excluding food and energy","2002=100","17","units","0","v41691233","2.285","89.2","","","","1"
"1995-11","Canada","2016A000011124","All-items excluding food and energy","2002=100","17","units","0","v41691233","2.285","89.5","","","","1"
"1995-12","Canada","2016A000011124","All-items excluding food and energy","2002=100","17","units","0","v41691233","2.285","89.2","","","","1"
"1996-01","Canada","2016A000011124","All-items excluding food and energy","2002=100","17","units","0","v41691233","2.285","89.3","","","","1"
"1996-02","Canada","2016A000011124","All-items excluding food and energy","2002=100","17","units","0","v41691233","2.285","89.5","","","","1"
"1996-03","Canada","2016A000011124","All-items excluding food and energy","2002=100","17","units","0","v41691233","2.285","89.7","","","","1"
"1996-04","Canada","2016A000011124","All-items excluding food and energy","2002=100","17","units","0","v41691233","2.285","89.8","","","","1"
"1996-05","Canada","2016A000011124","All-items excluding food and energy","2002=100","17","units","0","v41691233","2.285","90.0","","","","1"
"1996-06","Canada","2016A000011124","All-items excluding food and energy","2002=100","17","units","0","v41691233","2.285","89.8","","","","1"
"1996-07","Canada","2016A000011124","All-items excluding food and energy","2002=100","17","units","0","v41691233","2.285","90.2","","","","1"
"1996-08","Canada","2016A000011124","All-items excluding food and energy","2002=100","17","units","0","v41691233","2.285","90.3","","","","1"
"1996-09","Canada","2016A000011124","All-items excluding food and energy","2002=100","17","units","0","v41691233","2.285","90.4","","","","1"
"1996-10","Canada","2016A000011124","All-items excluding food and energy","2002=100","17","units","0","v41691233","2.285","90.4","","","","1"
"1996-11","Canada","2016A000011124","All-items excluding food and energy","2002=100","17","units","0","v41691233","2.285","90.8","","","","1"
"1996-12","Canada","2016A000011124","All-items excluding food and energy","2002=100","17","units","0","v41691233","2.285","90.8","","","","1"
"1997-01","Canada","2016A000011124","All-items excluding food and energy","2002=100","17","units","0","v41691233","2.285","90.8","","","","1"
"1997-02","Canada","2016A000011124","All-items excluding food and energy","2002=100","17","units","0","v41691233","2.285","90.9","","","","1"
"1997-03","Canada","2016A000011124","All-items excluding food and energy","2002=100","17","units","0","v41691233","2.285","91.3","","","","1"
"1997-04","Canada","2016A000011124","All-items excluding food and energy","2002=100","17","units","0","v41691233","2.285","91.4","","","","1"
"1997-05","Canada","2016A000011124","All-items excluding food and energy","2002=100","17","units","0","v41691233","2.285","91.4","","","","1"
"1997-06","Canada","2016A000011124","All-items excluding food and energy","2002=100","17","units","0","v41691233","2.285","91.7","","","","1"
"1997-07","Canada","2016A000011124","All-items excluding food and energy","2002=100","17","units","0","v41691233","2.285","91.6","","","","1"
"1997-08","Canada","2016A000011124","All-items excluding food and energy","2002=100","17","units","0","v41691233","2.285","91.7","","","","1"
"1997-09","Canada","2016A000011124","All-items excluding food and energy","2002=100","17","units","0","v41691233","2.285","91.8","","","","1"
"1997-10","Canada","2016A000011124","All-items excluding food and energy","2002=100","17","units","0","v41691233","2.285","91.9","","","","1"
"1997-11","Canada","2016A000011124","All-items excluding food and energy","2002=100","17","units","0","v41691233","2.285","91.7","","","","1"
"1997-12","Canada","2016A000011124","All-items excluding food and energy","2002=100","17","units","0","v41691233","2.285","91.5","","","","1"
"1998-01","Canada","2016A000011124","All-items excluding food and energy","2002=100","17","units","0","v41691233","2.285","91.9","","","","1"
"1998-02","Canada","2016A000011124","All-items excluding food and energy","2002=100","17","units","0","v41691233","2.285","92.3","","","","1"
"1998-03","Canada","2016A000011124","All-items excluding food and energy","2002=100","17","units","0","v41691233","2.285","92.5","","","","1"
"1998-04","Canada","2016A000011124","All-items excluding food and energy","2002=100","17","units","0","v41691233","2.285","92.5","","","","1"
"1998-05","Canada","2016A000011124","All-items excluding food and energy","2002=100","17","units","0","v41691233","2.285","92.7","","","","1"
"1998-06","Canada","2016A000011124","All-items excluding food and energy","2002=100","17","units","0","v41691233","2.285","92.6","","","","1"
"1998-07","Canada","2016A000011124","All-items excluding food and energy","2002=100","17","units","0","v41691233","2.285","92.8","","","","1"
"1998-08","Canada","2016A000011124","All-items excluding food and energy","2002=100","17","units","0","v41691233","2.285","93.0","","","","1"
"1998-09","Canada","2016A000011124","All-items excluding food and energy","2002=100","17","units","0","v41691233","2.285","93.0","","","","1"
"1998-10","Canada","2016A000011124","All-items excluding food and energy","2002=100","17","units","0","v41691233","2.285","93.2","","","","1"
"1998-11","Canada","2016A000011124","All-items excluding food and energy","2002=100","17","units","0","v41691233","2.285","93.0","","","","1"
"1998-12","Canada","2016A000011124","All-items excluding food and energy","2002=100","17","units","0","v41691233","2.285","92.8","","","","1"
"1999-01","Canada","2016A000011124","All-items excluding food and energy","2002=100","17","units","0","v41691233","2.285","92.8","","","","1"
"1999-02","Canada","2016A000011124","All-items excluding food and energy","2002=100","17","units","0","v41691233","2.285","93.1","","","","1"
"1999-03","Canada","2016A000011124","All-items excluding food and energy","2002=100","17","units","0","v41691233","2.285","93.5","","","","1"
"1999-04","Canada","2016A000011124","All-items excluding food and energy","2002=100","17","units","0","v41691233","2.285","93.8","","","","1"
"1999-05","Canada","2016A000011124","All-items excluding food and energy","2002=100","17","units","0","v41691233","2.285","94.0","","","","1"
"1999-06","Canada","2016A000011124","All-items excluding food and energy","2002=100","17","units","0","v41691233","2.285","94.1","","","","1"
"1999-07","Canada","2016A000011124","All-items excluding food and energy","2002=100","17","units","0","v41691233","2.285","94.2","","","","1"
"1999-08","Canada","2016A000011124","All-items excluding food and energy","2002=100","17","units","0","v41691233","2.285","94.4","","","","1"
"1999-09","Canada","2016A000011124","All-items excluding food and energy","2002=100","17","units","0","v41691233","2.285","94.8","","","","1"
"1999-10","Canada","2016A000011124","All-items excluding food and energy","2002=100","17","units","0","v41691233","2.285","94.7","","","","1"
"1999-11","Canada","2016A000011124","All-items excluding food and energy","2002=100","17","units","0","v41691233","2.285","94.5","","","","1"
"1999-12","Canada","2016A000011124","All-items excluding food and energy","2002=100","17","units","0","v41691233","2.285","94.4","","","","1"
"2000-01","Canada","2016A000011124","All-items excluding food and energy","2002=100","17","units","0","v41691233","2.285","94.2","","","","1"
"2000-02","Canada","2016A000011124","All-items excluding food and energy","2002=100","17","units","0","v41691233","2.285","94.6","","","","1"
"2000-03","Canada","2016A000011124","All-items excluding food and energy","2002=100","17","units","0","v41691233","2.285","95.0","","","","1"
"2000-04","Canada","2016A000011124","All-items excluding food and energy","2002=100","17","units","0","v41691233","2.285","95.0","","","","1"
"2000-05","Canada","2016A000011124","All-items excluding food and energy","2002=100","17","units","0","v41691233","2.285","95.3","","","","1"
"2000-06","Canada","2016A000011124","All-items excluding food and energy","2002=100","17","units","0","v41691233","2.285","95.5","","","","1"
"2000-07","Canada","2016A000011124","All-items excluding food and energy","2002=100","17","units","0","v41691233","2.285","95.7","","","","1"
"2000-08","Canada","2016A000011124","All-items excluding food and energy","2002=100","17","units","0","v41691233","2.285","95.8","","","","1"
"2000-09","Canada","2016A000011124","All-items excluding food and energy","2002=100","17","units","0","v41691233","2.285","96.0","","","","1"
"2000-10","Canada","2016A000011124","All-items excluding food and energy","2002=100","17","units","0","v41691233","2.285","96.1","","","","1"
"2000-11","Canada","2016A000011124","All-items excluding food and energy","2002=100","17","units","0","v41691233","2.285","96.2","","","","1"
"2000-12","Canada","2016A000011124","All-items excluding food and energy","2002=100","17","units","0","v41691233","2.285","96.2","","","","1"
"2001-01","Canada","2016A000011124","All-items excluding food and energy","2002=100","17","units","0","v41691233","2.285","96.0","","","","1"
"2001-02","Canada","2016A000011124","All-items excluding food and energy","2002=100","17","units","0","v41691233","2.285","96.5","","","","1"
"2001-03","Canada","2016A000011124","All-items excluding food and energy","2002=100","17","units","0","v41691233","2.285","96.6","","","","1"
"2001-04","Canada","2016A000011124","All-items excluding food and energy","2002=100","17","units","0","v41691233","2.285","97.0","","","","1"
"2001-05","Canada","2016A000011124","All-items excluding food and energy","2002=100","17","units","0","v41691233","2.285","97.3","","","","1"
"2001-06","Canada","2016A000011124","All-items excluding food and energy","2002=100","17","units","0","v41691233","2.285","97.4","","","","1"
"2001-07","Canada","2016A000011124","All-items excluding food and energy","2002=100","17","units","0","v41691233","2.285","97.8","","","","1"
"2001-08","Canada","2016A000011124","All-items excluding food and energy","2002=100","17","units","0","v41691233","2.285","97.9","","","","1"
"2001-09","Canada","2016A000011124","All-items excluding food and energy","2002=100","17","units","0","v41691233","2.285","98.1","","","","1"
"2001-10","Canada","2016A000011124","All-items excluding food and energy","2002=100","17","units","0","v41691233","2.285","98.0","","","","1"
"2001-11","Canada","2016A000011124","All-items excluding food and energy","2002=100","17","units","0","v41691233","2.285","97.8","","","","1"
"2001-12","Canada","2016A000011124","All-items excluding food and energy","2002=100","17","units","0","v41691233","2.285","97.7","","","","1"
"2002-01","Canada","2016A000011124","All-items excluding food and energy","2002=100","17","units","0","v41691233","2.285","97.6","","","","1"
"2002-02","Canada","2016A000011124","All-items excluding food and energy","2002=100","17","units","0","v41691233","2.285","98.2","","","","1"
"2002-03","Canada","2016A000011124","All-items excluding food and energy","2002=100","17","units","0","v41691233","2.285","98.7","","","","1"
"2002-04","Canada","2016A000011124","All-items excluding food and energy","2002=100","17","units","0","v41691233","2.285","99.2","","","","1"
"2002-05","Canada","2016A000011124","All-items excluding food and energy","2002=100","17","units","0","v41691233","2.285","99.6","","","","1"
"2002-06","Canada","2016A000011124","All-items excluding food and energy","2002=100","17","units","0","v41691233","2.285","100.0","","","","1"
"2002-07","Canada","2016A000011124","All-items excluding food and energy","2002=100","17","units","0","v41691233","2.285","100.6","","","","1"
"2002-08","Canada","2016A000011124","All-items excluding food and energy","2002=100","17","units","0","v41691233","2.285","100.9","","","","1"
"2002-09","Canada","2016A000011124","All-items excluding food and energy","2002=100","17","units","0","v41691233","2.285","101.0","","","","1"
"2002-10","Canada","2016A000011124","All-items excluding food and energy","2002=100","17","units","0","v41691233","2.285","101.2","","","","1"
"2002-11","Canada","2016A000011124","All-items excluding food and energy","2002=100","17","units","0","v41691233","2.285","101.4","","","","1"
"2002-12","Canada","2016A000011124","All-items excluding food and energy","2002=100","17","units","0","v41691233","2.285","101.5","","","","1"
"2003-01","Canada","2016A000011124","All-items excluding food and energy","2002=100","17","units","0","v41691233","2.285","101.5","","","","1"
"2003-02","Canada","2016A000011124","All-items excluding food and energy","2002=100","17","units","0","v41691233","2.285","102.1","","","","1"
"2003-03","Canada","2016A000011124","All-items excluding food and energy","2002=100","17","units","0","v41691233","2.285","102.3","","","","1"
"2003-04","Canada","2016A000011124","All-items excluding food and energy","2002=100","17","units","0","v41691233","2.285","102.3","","","","1"
"2003-05","Canada","2016A000011124","All-items excluding food and energy","2002=100","17","units","0","v41691233","2.285","102.5","","","","1"
"2003-06","Canada","2016A000011124","All-items excluding food and energy","2002=100","17","units","0","v41691233","2.285","102.3","","","","1"
"2003-07","Canada","2016A000011124","All-items excluding food and energy","2002=100","17","units","0","v41691233","2.285","102.4","","","","1"
"2003-08","Canada","2016A000011124","All-items excluding food and energy","2002=100","17","units","0","v41691233","2.285","102.6","","","","1"
"2003-09","Canada","2016A000011124","All-items excluding food and energy","2002=100","17","units","0","v41691233","2.285","102.9","","","","1"
"2003-10","Canada","2016A000011124","All-items excluding food and energy","2002=100","17","units","0","v41691233","2.285","103.0","","","","1"
"2003-11","Canada","2016A000011124","All-items excluding food and energy","2002=100","17","units","0","v41691233","2.285","103.3","","","","1"
"2003-12","Canada","2016A000011124","All-items excluding food and energy","2002=100","17","units","0","v41691233","2.285","103.2","","","","1"
"2004-01","Canada","2016A000011124","All-items excluding food and energy","2002=100","17","units","0","v41691233","2.285","103.1","","","","1"
"2004-02","Canada","2016A000011124","All-items excluding food and energy","2002=100","17","units","0","v41691233","2.285","103.2","","","","1"
"2004-03","Canada","2016A000011124","All-items excluding food and energy","2002=100","17","units","0","v41691233","2.285","103.5","","","","1"
"2004-04","Canada","2016A000011124","All-items excluding food and energy","2002=100","17","units","0","v41691233","2.285","103.6","","","","1"
"2004-05","Canada","2016A000011124","All-items excluding food and energy","2002=100","17","units","0","v41691233","2.285","103.9","","","","1"
"2004-06","Canada","2016A000011124","All-items excluding food and energy","2002=100","17","units","0","v41691233","2.285","103.8","","","","1"
"2004-07","Canada","2016A000011124","All-items excluding food and energy","2002=100","17","units","0","v41691233","2.285","104.0","","","","1"
"2004-08","Canada","2016A000011124","All-items excluding food and energy","2002=100","17","units","0","v41691233","2.285","103.8","","","","1"
"2004-09","Canada","2016A000011124","All-items excluding food and energy","2002=100","17","units","0","v41691233","2.285","104.1","","","","1"
"2004-10","Canada","2016A000011124","All-items excluding food and energy","2002=100","17","units","0","v41691233","2.285","104.1","","","","1"
"2004-11","Canada","2016A000011124","All-items excluding food and energy","2002=100","17","units","0","v41691233","2.285","104.6","","","","1"
"2004-12","Canada","2016A000011124","All-items excluding food and energy","2002=100","17","units","0","v41691233","2.285","104.6","","","","1"
"2005-01","Canada","2016A000011124","All-items excluding food and energy","2002=100","17","units","0","v41691233","2.285","104.3","","","","1"
"2005-02","Canada","2016A000011124","All-items excluding food and energy","2002=100","17","units","0","v41691233","2.285","104.7","","","","1"
"2005-03","Canada","2016A000011124","All-items excluding food and energy","2002=100","17","units","0","v41691233","2.285","105.1","","","","1"
"2005-04","Canada","2016A000011124","All-items excluding food and energy","2002=100","17","units","0","v41691233","2.285","104.8","","","","1"
"2005-05","Canada","2016A000011124","All-items excluding food and energy","2002=100","17","units","0","v41691233","2.285","105.1","","","","1"
"2005-06","Canada","2016A000011124","All-items excluding food and energy","2002=100","17","units","0","v41691233","2.285","105.2","","","","1"
"2005-07","Canada","2016A000011124","All-items excluding food and energy","2002=100","17","units","0","v41691233","2.285","105.1","","","","1"
"2005-08","Canada","2016A000011124","All-items excluding food and energy","2002=100","17","units","0","v41691233","2.285","105.3","","","","1"
"2005-09","Canada","2016A000011124","All-items excluding food and energy","2002=100","17","units","0","v41691233","2.285","105.7","","","","1"
"2005-10","Canada","2016A000011124","All-items excluding food and energy","2002=100","17","units","0","v41691233","2.285","105.6","","","","1"
"2005-11","Canada","2016A000011124","All-items excluding food and energy","2002=100","17","units","0","v41691233","2.285","106.1","","","","1"
"2005-12","Canada","2016A000011124","All-items excluding food and energy","2002=100","17","units","0","v41691233","2.285","106.0","","","","1"
"2006-01","Canada","2016A000011124","All-items excluding food and energy","2002=100","17","units","0","v41691233","2.285","105.8","","","","1"
"2006-02","Canada","2016A000011124","All-items excluding food and energy","2002=100","17","units","0","v41691233","2.285","106.1","","","","1"
"2006-03","Canada","2016A000011124","All-items excluding food and energy","2002=100","17","units","0","v41691233","2.285","106.6","","","","1"
"2006-04","Canada","2016A000011124","All-items excluding food and energy","2002=100","17","units","0","v41691233","2.285","106.6","","","","1"
"2006-05","Canada","2016A000011124","All-items excluding food and energy","2002=100","17","units","0","v41691233","2.285","107.0","","","","1"
"2006-06","Canada","2016A000011124","All-items excluding food and energy","2002=100","17","units","0","v41691233","2.285","106.7","","","","1"
"2006-07","Canada","2016A000011124","All-items excluding food and energy","2002=100","17","units","0","v41691233","2.285","106.5","","","","1"
"2006-08","Canada","2016A000011124","All-items excluding food and energy","2002=100","17","units","0","v41691233","2.285","106.8","","","","1"
"2006-09","Canada","2016A000011124","All-items excluding food and energy","2002=100","17","units","0","v41691233","2.285","107.4","","","","1"
"2006-10","Canada","2016A000011124","All-items excluding food and energy","2002=100","17","units","0","v41691233","2.285","107.5","","","","1"
"2006-11","Canada","2016A000011124","All-items excluding food and energy","2002=100","17","units","0","v41691233","2.285","107.7","","","","1"
"2006-12","Canada","2016A000011124","All-items excluding food and energy","2002=100","17","units","0","v41691233","2.285","107.6","","","","1"
"2007-01","Canada","2016A000011124","All-items excluding food and energy","2002=100","17","units","0","v41691233","2.285","107.6","","","","1"
"2007-02","Canada","2016A000011124","All-items excluding food and energy","2002=100","17","units","0","v41691233","2.285","108.0","","","","1"
"2007-03","Canada","2016A000011124","All-items excluding food and energy","2002=100","17","units","0","v41691233","2.285","108.5","","","","1"
"2007-04","Canada","2016A000011124","All-items excluding food and energy","2002=100","17","units","0","v41691233","2.285","108.7","","","","1"
"2007-05","Canada","2016A000011124","All-items excluding food and energy","2002=100","17","units","0","v41691233","2.285","109.0","","","","1"
"2007-06","Canada","2016A000011124","All-items excluding food and energy","2002=100","17","units","0","v41691233","2.285","109.0","","","","1"
"2007-07","Canada","2016A000011124","All-items excluding food and energy","2002=100","17","units","0","v41691233","2.285","109.1","","","","1"
"2007-08","Canada","2016A000011124","All-items excluding food and energy","2002=100","17","units","0","v41691233","2.285","109.2","","","","1"
"2007-09","Canada","2016A000011124","All-items excluding food and energy","2002=100","17","units","0","v41691233","2.285","109.7","","","","1"
"2007-10","Canada","2016A000011124","All-items excluding food and energy","2002=100","17","units","0","v41691233","2.285","109.6","","","","1"
"2007-11","Canada","2016A000011124","All-items excluding food and energy","2002=100","17","units","0","v41691233","2.285","109.6","","","","1"
"2007-12","Canada","2016A000011124","All-items excluding food and energy","2002=100","17","units","0","v41691233","2.285","109.4","","","","1"
"2008-01","Canada","2016A000011124","All-items excluding food and energy","2002=100","17","units","0","v41691233","2.285","109.0","","","","1"
"2008-02","Canada","2016A000011124","All-items excluding food and energy","2002=100","17","units","0","v41691233","2.285","109.4","","","","1"
"2008-03","Canada","2016A000011124","All-items excluding food and energy","2002=100","17","units","0","v41691233","2.285","109.6","","","","1"
"2008-04","Canada","2016A000011124","All-items excluding food and energy","2002=100","17","units","0","v41691233","2.285","109.9","","","","1"
"2008-05","Canada","2016A000011124","All-items excluding food and energy","2002=100","17","units","0","v41691233","2.285","110.3","","","","1"
"2008-06","Canada","2016A000011124","All-items excluding food and energy","2002=100","17","units","0","v41691233","2.285","110.3","","","","1"
"2008-07","Canada","2016A000011124","All-items excluding food and energy","2002=100","17","units","0","v41691233","2.285","110.4","","","","1"
"2008-08","Canada","2016A000011124","All-items excluding food and energy","2002=100","17","units","0","v41691233","2.285","110.5","","","","1"
"2008-09","Canada","2016A000011124","All-items excluding food and energy","2002=100","17","units","0","v41691233","2.285","110.8","","","","1"
"2008-10","Canada","2016A000011124","All-items excluding food and energy","2002=100","17","units","0","v41691233","2.285","110.6","","","","1"
"2008-11","Canada","2016A000011124","All-items excluding food and energy","2002=100","17","units","0","v41691233","2.285","111.3","","","","1"
"2008-12","Canada","2016A000011124","All-items excluding food and energy","2002=100","17","units","0","v41691233","2.285","111.0","","","","1"
"2009-01","Canada","2016A000011124","All-items excluding food and energy","2002=100","17","units","0","v41691233","2.285","110.3","","","","1"
"2009-02","Canada","2016A000011124","All-items excluding food and energy","2002=100","17","units","0","v41691233","2.285","110.8","","","","1"
"2009-03","Canada","2016A000011124","All-items excluding food and energy","2002=100","17","units","0","v41691233","2.285","111.1","","","","1"
"2009-04","Canada","2016A000011124","All-items excluding food and energy","2002=100","17","units","0","v41691233","2.285","111.2","","","","1"
"2009-05","Canada","2016A000011124","All-items excluding food and energy","2002=100","17","units","0","v41691233","2.285","111.7","","","","1"
"2009-06","Canada","2016A000011124","All-items excluding food and energy","2002=100","17","units","0","v41691233","2.285","111.7","","","","1"
"2009-07","Canada","2016A000011124","All-items excluding food and energy","2002=100","17","units","0","v41691233","2.285","111.5","","","","1"
"2009-08","Canada","2016A000011124","All-items excluding food and energy","2002=100","17","units","0","v41691233","2.285","111.5","","","","1"
"2009-09","Canada","2016A000011124","All-items excluding food and energy","2002=100","17","units","0","v41691233","2.285","111.8","","","","1"
"2009-10","Canada","2016A000011124","All-items excluding food and energy","2002=100","17","units","0","v41691233","2.285","112.0","","","","1"
"2009-11","Canada","2016A000011124","All-items excluding food and energy","2002=100","17","units","0","v41691233","2.285","112.2","","","","1"
"2009-12","Canada","2016A000011124","All-items excluding food and energy","2002=100","17","units","0","v41691233","2.285","111.7","","","","1"
"2010-01","Canada","2016A000011124","All-items excluding food and energy","2002=100","17","units","0","v41691233","2.285","111.6","","","","1"
"2010-02","Canada","2016A000011124","All-items excluding food and energy","2002=100","17","units","0","v41691233","2.285","112.4","","","","1"
"2010-03","Canada","2016A000011124","All-items excluding food and energy","2002=100","17","units","0","v41691233","2.285","112.1","","","","1"
"2010-04","Canada","2016A000011124","All-items excluding food and energy","2002=100","17","units","0","v41691233","2.285","112.5","","","","1"
"2010-05","Canada","2016A000011124","All-items excluding food and energy","2002=100","17","units","0","v41691233","2.285","112.8","","","","1"
"2010-06","Canada","2016A000011124","All-items excluding food and energy","2002=100","17","units","0","v41691233","2.285","112.7","","","","1"
"2010-07","Canada","2016A000011124","All-items excluding food and energy","2002=100","17","units","0","v41691233","2.285","113.0","","","","1"
"2010-08","Canada","2016A000011124","All-items excluding food and energy","2002=100","17","units","0","v41691233","2.285","113.0","","","","1"
"2010-09","Canada","2016A000011124","All-items excluding food and energy","2002=100","17","units","0","v41691233","2.285","113.4","","","","1"
"2010-10","Canada","2016A000011124","All-items excluding food and energy","2002=100","17","units","0","v41691233","2.285","113.9","","","","1"
"2010-11","Canada","2016A000011124","All-items excluding food and energy","2002=100","17","units","0","v41691233","2.285","113.9","","","","1"
"2010-12","Canada","2016A000011124","All-items excluding food and energy","2002=100","17","units","0","v41691233","2.285","113.5","","","","1"
"2011-01","Canada","2016A000011124","All-items excluding food and energy","2002=100","17","units","0","v41691233","2.285","113.4","","","","1"
"2011-02","Canada","2016A000011124","All-items excluding food and energy","2002=100","17","units","0","v41691233","2.285","113.7","","","","1"
"2011-03","Canada","2016A000011124","All-items excluding food and energy","2002=100","17","units","0","v41691233","2.285","114.4","","","","1"
"2011-04","Canada","2016A000011124","All-items excluding food and energy","2002=100","17","units","0","v41691233","2.285","114.4","","","","1"
"2011-05","Canada","2016A000011124","All-items excluding food and energy","2002=100","17","units","0","v41691233","2.285","115.0","","","","1"
"2011-06","Canada","2016A000011124","All-items excluding food and energy","2002=100","17","units","0","v41691233","2.285","114.3","","","","1"
"2011-07","Canada","2016A000011124","All-items excluding food and energy","2002=100","17","units","0","v41691233","2.285","114.3","","","","1"
"2011-08","Canada","2016A000011124","All-items excluding food and energy","2002=100","17","units","0","v41691233","2.285","114.7","","","","1"
"2011-09","Canada","2016A000011124","All-items excluding food and energy","2002=100","17","units","0","v41691233","2.285","115.5","","","","1"
"2011-10","Canada","2016A000011124","All-items excluding food and energy","2002=100","17","units","0","v41691233","2.285","115.6","","","","1"
"2011-11","Canada","2016A000011124","All-items excluding food and energy","2002=100","17","units","0","v41691233","2.285","115.7","","","","1"
"2011-12","Canada","2016A000011124","All-items excluding food and energy","2002=100","17","units","0","v41691233","2.285","115.0","","","","1"
"2012-01","Canada","2016A000011124","All-items excluding food and energy","2002=100","17","units","0","v41691233","2.285","115.2","","","","1"
"2012-02","Canada","2016A000011124","All-items excluding food and energy","2002=100","17","units","0","v41691233","2.285","115.6","","","","1"
"2012-03","Canada","2016A000011124","All-items excluding food and energy","2002=100","17","units","0","v41691233","2.285","116.1","","","","1"
"2012-04","Canada","2016A000011124","All-items excluding food and energy","2002=100","17","units","0","v41691233","2.285","116.6","","","","1"
"2012-05","Canada","2016A000011124","All-items excluding food and energy","2002=100","17","units","0","v41691233","2.285","116.7","","","","1"
"2012-06","Canada","2016A000011124","All-items excluding food and energy","2002=100","17","units","0","v41691233","2.285","116.2","","","","1"
"2012-07","Canada","2016A000011124","All-items excluding food and energy","2002=100","17","units","0","v41691233","2.285","115.8","","","","1"
"2012-08","Canada","2016A000011124","All-items excluding food and energy","2002=100","17","units","0","v41691233","2.285","116.0","","","","1"
"2012-09","Canada","2016A000011124","All-items excluding food and energy","2002=100","17","units","0","v41691233","2.285","116.4","","","","1"
"2012-10","Canada","2016A000011124","All-items excluding food and energy","2002=100","17","units","0","v41691233","2.285","116.7","","","","1"
"2012-11","Canada","2016A000011124","All-items excluding food and energy","2002=100","17","units","0","v41691233","2.285","116.7","","","","1"
"2012-12","Canada","2016A000011124","All-items excluding food and energy","2002=100","17","units","0","v41691233","2.285","116.0","","","","1"
"2013-01","Canada","2016A000011124","All-items excluding food and energy","2002=100","17","units","0","v41691233","2.285","115.9","","","","1"
"2013-02","Canada","2016A000011124","All-items excluding food and energy","2002=100","17","units","0","v41691233","2.285","116.9","","","","1"
"2013-03","Canada","2016A000011124","All-items excluding food and energy","2002=100","17","units","0","v41691233","2.285","117.2","","","","1"
"2013-04","Canada","2016A000011124","All-items excluding food and energy","2002=100","17","units","0","v41691233","2.285","117.2","","","","1"
"2013-05","Canada","2016A000011124","All-items excluding food and energy","2002=100","17","units","0","v41691233","2.285","117.3","","","","1"
"2013-06","Canada","2016A000011124","All-items excluding food and energy","2002=100","17","units","0","v41691233","2.285","117.2","","","","1"
"2013-07","Canada","2016A000011124","All-items excluding food and energy","2002=100","17","units","0","v41691233","2.285","117.1","","","","1"
"2013-08","Canada","2016A000011124","All-items excluding food and energy","2002=100","17","units","0","v41691233","2.285","117.1","","","","1"
"2013-09","Canada","2016A000011124","All-items excluding food and energy","2002=100","17","units","0","v41691233","2.285","117.5","","","","1"
"2013-10","Canada","2016A000011124","All-items excluding food and energy","2002=100","17","units","0","v41691233","2.285","117.8","","","","1"
"2013-11","Canada","2016A000011124","All-items excluding food and energy","2002=100","17","units","0","v41691233","2.285","117.5","","","","1"
"2013-12","Canada","2016A000011124","All-items excluding food and energy","2002=100","17","units","0","v41691233","2.285","117.1","","","","1"
"2014-01","Canada","2016A000011124","All-items excluding food and energy","2002=100","17","units","0","v41691233","2.285","117.3","","","","1"
"2014-02","Canada","2016A000011124","All-items excluding food and energy","2002=100","17","units","0","v41691233","2.285","118.2","","","","1"
"2014-03","Canada","2016A000011124","All-items excluding food and energy","2002=100","17","units","0","v41691233","2.285","118.6","","","","1"
"2014-04","Canada","2016A000011124","All-items excluding food and energy","2002=100","17","units","0","v41691233","2.285","118.8","","","","1"
"2014-05","Canada","2016A000011124","All-items excluding food and energy","2002=100","17","units","0","v41691233","2.285","119.1","","","","1"
"2014-06","Canada","2016A000011124","All-items excluding food and energy","2002=100","17","units","0","v41691233","2.285","119.1","","","","1"
"2014-07","Canada","2016A000011124","All-items excluding food and energy","2002=100","17","units","0","v41691233","2.285","118.9","","","","1"
"2014-08","Canada","2016A000011124","All-items excluding food and energy","2002=100","17","units","0","v41691233","2.285","119.4","","","","1"
"2014-09","Canada","2016A000011124","All-items excluding food and energy","2002=100","17","units","0","v41691233","2.285","119.7","","","","1"
"2014-10","Canada","2016A000011124","All-items excluding food and energy","2002=100","17","units","0","v41691233","2.285","120.2","","","","1"
"2014-11","Canada","2016A000011124","All-items excluding food and energy","2002=100","17","units","0","v41691233","2.285","119.8","","","","1"
"2014-12","Canada","2016A000011124","All-items excluding food and energy","2002=100","17","units","0","v41691233","2.285","119.3","","","","1"
"2015-01","Canada","2016A000011124","All-items excluding food and energy","2002=100","17","units","0","v41691233","2.285","119.5","","","","1"
"2015-02","Canada","2016A000011124","All-items excluding food and energy","2002=100","17","units","0","v41691233","2.285","120.3","","","","1"
"2015-03","Canada","2016A000011124","All-items excluding food and energy","2002=100","17","units","0","v41691233","2.285","121.0","","","","1"
"2015-04","Canada","2016A000011124","All-items excluding food and energy","2002=100","17","units","0","v41691233","2.285","121.0","","","","1"
"2015-05","Canada","2016A000011124","All-items excluding food and energy","2002=100","17","units","0","v41691233","2.285","121.3","","","","1"
"2015-06","Canada","2016A000011124","All-items excluding food and energy","2002=100","17","units","0","v41691233","2.285","121.3","","","","1"
"2015-07","Canada","2016A000011124","All-items excluding food and energy","2002=100","17","units","0","v41691233","2.285","121.3","","","","1"
"2015-08","Canada","2016A000011124","All-items excluding food and energy","2002=100","17","units","0","v41691233","2.285","121.5","","","","1"
"2015-09","Canada","2016A000011124","All-items excluding food and energy","2002=100","17","units","0","v41691233","2.285","121.9","","","","1"
"2015-10","Canada","2016A000011124","All-items excluding food and energy","2002=100","17","units","0","v41691233","2.285","122.2","","","","1"
"2015-11","Canada","2016A000011124","All-items excluding food and energy","2002=100","17","units","0","v41691233","2.285","121.9","","","","1"
"2015-12","Canada","2016A000011124","All-items excluding food and energy","2002=100","17","units","0","v41691233","2.285","121.3","","","","1"
"2016-01","Canada","2016A000011124","All-items excluding food and energy","2002=100","17","units","0","v41691233","2.285","121.6","","","","1"
"2016-02","Canada","2016A000011124","All-items excluding food and energy","2002=100","17","units","0","v41691233","2.285","122.3","","","","1"
"2016-03","Canada","2016A000011124","All-items excluding food and energy","2002=100","17","units","0","v41691233","2.285","123.1","","","","1"
"2016-04","Canada","2016A000011124","All-items excluding food and energy","2002=100","17","units","0","v41691233","2.285","123.3","","","","1"
"2016-05","Canada","2016A000011124","All-items excluding food and energy","2002=100","17","units","0","v41691233","2.285","123.8","","","","1"
"2016-06","Canada","2016A000011124","All-items excluding food and energy","2002=100","17","units","0","v41691233","2.285","123.9","","","","1"
"2016-07","Canada","2016A000011124","All-items excluding food and energy","2002=100","17","units","0","v41691233","2.285","123.8","","","","1"
"2016-08","Canada","2016A000011124","All-items excluding food and energy","2002=100","17","units","0","v41691233","2.285","123.8","","","","1"
"2016-09","Canada","2016A000011124","All-items excluding food and energy","2002=100","17","units","0","v41691233","2.285","124.3","","","","1"
"2016-10","Canada","2016A000011124","All-items excluding food and energy","2002=100","17","units","0","v41691233","2.285","124.5","","","","1"
"2016-11","Canada","2016A000011124","All-items excluding food and energy","2002=100","17","units","0","v41691233","2.285","124.0","","","","1"
"2016-12","Canada","2016A000011124","All-items excluding food and energy","2002=100","17","units","0","v41691233","2.285","123.5","","","","1"
"2017-01","Canada","2016A000011124","All-items excluding food and energy","2002=100","17","units","0","v41691233","2.285","124.3","","","","1"
"2017-02","Canada","2016A000011124","All-items excluding food and energy","2002=100","17","units","0","v41691233","2.285","124.8","","","","1"
"2017-03","Canada","2016A000011124","All-items excluding food and energy","2002=100","17","units","0","v41691233","2.285","125.2","","","","1"
"2017-04","Canada","2016A000011124","All-items excluding food and energy","2002=100","17","units","0","v41691233","2.285","125.2","","","","1"
"2017-05","Canada","2016A000011124","All-items excluding food and energy","2002=100","17","units","0","v41691233","2.285","125.5","","","","1"
"2017-06","Canada","2016A000011124","All-items excluding food and energy","2002=100","17","units","0","v41691233","2.285","125.6","","","","1"
"2017-07","Canada","2016A000011124","All-items excluding food and energy","2002=100","17","units","0","v41691233","2.285","125.6","","","","1"
"2017-08","Canada","2016A000011124","All-items excluding food and energy","2002=100","17","units","0","v41691233","2.285","125.6","","","","1"
"2017-09","Canada","2016A000011124","All-items excluding food and energy","2002=100","17","units","0","v41691233","2.285","125.8","","","","1"
"2017-10","Canada","2016A000011124","All-items excluding food and energy","2002=100","17","units","0","v41691233","2.285","126.2","","","","1"
"2017-11","Canada","2016A000011124","All-items excluding food and energy","2002=100","17","units","0","v41691233","2.285","126.2","","","","1"
"2017-12","Canada","2016A000011124","All-items excluding food and energy","2002=100","17","units","0","v41691233","2.285","125.6","","","","1"
"2018-01","Canada","2016A000011124","All-items excluding food and energy","2002=100","17","units","0","v41691233","2.285","126.2","","","","1"
"2018-02","Canada","2016A000011124","All-items excluding food and energy","2002=100","17","units","0","v41691233","2.285","127.1","","","","1"
"2018-03","Canada","2016A000011124","All-items excluding food and energy","2002=100","17","units","0","v41691233","2.285","127.6","","","","1"
"2018-04","Canada","2016A000011124","All-items excluding food and energy","2002=100","17","units","0","v41691233","2.285","127.5","","","","1"
"2018-05","Canada","2016A000011124","All-items excluding food and energy","2002=100","17","units","0","v41691233","2.285","127.6","","","","1"
"2018-06","Canada","2016A000011124","All-items excluding food and energy","2002=100","17","units","0","v41691233","2.285","127.8","","","","1"
"2018-07","Canada","2016A000011124","All-items excluding food and energy","2002=100","17","units","0","v41691233","2.285","128.5","","","","1"
"2018-08","Canada","2016A000011124","All-items excluding food and energy","2002=100","17","units","0","v41691233","2.285","128.5","","","","1"
"2018-09","Canada","2016A000011124","All-items excluding food and energy","2002=100","17","units","0","v41691233","2.285","128.1","","","","1"
"2018-10","Canada","2016A000011124","All-items excluding food and energy","2002=100","17","units","0","v41691233","2.285","128.8","","","","1"
"2018-11","Canada","2016A000011124","All-items excluding food and energy","2002=100","17","units","0","v41691233","2.285","128.4","","","","1"
"2018-12","Canada","2016A000011124","All-items excluding food and energy","2002=100","17","units","0","v41691233","2.285","128.5","","","","1"
"2019-01","Canada","2016A000011124","All-items excluding food and energy","2002=100","17","units","0","v41691233","2.285","128.6","","","","1"
"2019-02","Canada","2016A000011124","All-items excluding food and energy","2002=100","17","units","0","v41691233","2.285","129.6","","","","1"
"2019-03","Canada","2016A000011124","All-items excluding food and energy","2002=100","17","units","0","v41691233","2.285","130.0","","","","1"
"2019-04","Canada","2016A000011124","All-items excluding food and energy","2002=100","17","units","0","v41691233","2.285","130.1","","","","1"
"2019-05","Canada","2016A000011124","All-items excluding food and energy","2002=100","17","units","0","v41691233","2.285","130.7","","","","1"
"2019-06","Canada","2016A000011124","All-items excluding food and energy","2002=100","17","units","0","v41691233","2.285","130.8","","","","1"
"2019-07","Canada","2016A000011124","All-items excluding food and energy","2002=100","17","units","0","v41691233","2.285","131.3","","","","1"
"2019-08","Canada","2016A000011124","All-items excluding food and energy","2002=100","17","units","0","v41691233","2.285","131.3","","","","1"
"2019-09","Canada","2016A000011124","All-items excluding food and energy","2002=100","17","units","0","v41691233","2.285","130.8","","","","1"
"2019-10","Canada","2016A000011124","All-items excluding food and energy","2002=100","17","units","0","v41691233","2.285","131.4","","","","1"
"2019-11","Canada","2016A000011124","All-items excluding food and energy","2002=100","17","units","0","v41691233","2.285","131.0","","","","1"
"2019-12","Canada","2016A000011124","All-items excluding food and energy","2002=100","17","units","0","v41691233","2.285","130.8","","","","1"
"2020-01","Canada","2016A000011124","All-items excluding food and energy","2002=100","17","units","0","v41691233","2.285","131.0","","","","1"
"2020-02","Canada","2016A000011124","All-items excluding food and energy","2002=100","17","units","0","v41691233","2.285","132.1","","","","1"
"2020-03","Canada","2016A000011124","All-items excluding food and energy","2002=100","17","units","0","v41691233","2.285","132.2","","","","1"
"2020-04","Canada","2016A000011124","All-items excluding food and energy","2002=100","17","units","0","v41691233","2.285","131.8","","","","1"
"2020-05","Canada","2016A000011124","All-items excluding food and energy","2002=100","17","units","0","v41691233","2.285","131.5","","","","1"
"2020-06","Canada","2016A000011124","All-items excluding food and energy","2002=100","17","units","0","v41691233","2.285","132.1","","","","1"
"2020-07","Canada","2016A000011124","All-items excluding food and energy","2002=100","17","units","0","v41691233","2.285","131.9","","","","1"
"2020-08","Canada","2016A000011124","All-items excluding food and energy","2002=100","17","units","0","v41691233","2.285","131.9","","","","1"
"2020-09","Canada","2016A000011124","All-items excluding food and energy","2002=100","17","units","0","v41691233","2.285","131.9","","","","1"
"2020-10","Canada","2016A000011124","All-items excluding food and energy","2002=100","17","units","0","v41691233","2.285","132.5","","","","1"
"2020-11","Canada","2016A000011124","All-items excluding food and energy","2002=100","17","units","0","v41691233","2.285","132.7","","","","1"
"2020-12","Canada","2016A000011124","All-items excluding food and energy","2002=100","17","units","0","v41691233","2.285","132.2","","","","1"
"2021-01","Canada","2016A000011124","All-items excluding food and energy","2002=100","17","units","0","v41691233","2.285","132.8","","","","1"
"2021-02","Canada","2016A000011124","All-items excluding food and energy","2002=100","17","units","0","v41691233","2.285","133.1","","","","1"
"2021-03","Canada","2016A000011124","All-items excluding food and energy","2002=100","17","units","0","v41691233","2.285","133.4","","","","1"
"2021-04","Canada","2016A000011124","All-items excluding food and energy","2002=100","17","units","0","v41691233","2.285","134.2","","","","1"
"2021-05","Canada","2016A000011124","All-items excluding food and energy","2002=100","17","units","0","v41691233","2.285","134.6","","","","1"
"2021-06","Canada","2016A000011124","All-items excluding food and energy","2002=100","17","units","0","v41691233","2.285","135.0","","","","1"
"2021-07","Canada","2016A000011124","All-items excluding food and energy","2002=100","17","units","0","v41691233","2.285","135.6","","","","1"
"2021-08","Canada","2016A000011124","All-items excluding food and energy","2002=100","17","units","0","v41691233","2.285","135.9","","","","1"
"2021-09","Canada","2016A000011124","All-items excluding food and energy","2002=100","17","units","0","v41691233","2.285","136.2","","","","1"
"2021-10","Canada","2016A000011124","All-items excluding food and energy","2002=100","17","units","0","v41691233","2.285","136.8","","","","1"
"2021-11","Canada","2016A000011124","All-items excluding food and energy","2002=100","17","units","0","v41691233","2.285","136.8","","","","1"
"2021-12","Canada","2016A000011124","All-items excluding food and energy","2002=100","17","units","0","v41691233","2.285","136.7","","","","1"
"2022-01","Canada","2016A000011124","All-items excluding food and energy","2002=100","17","units","0","v41691233","2.285","137.5","","","","1"
"2022-02","Canada","2016A000011124","All-items excluding food and energy","2002=100","17","units","0","v41691233","2.285","138.3","","","","1"
"2022-03","Canada","2016A000011124","All-items excluding food and energy","2002=100","17","units","0","v41691233","2.285","139.6","","","","1"
"2022-04","Canada","2016A000011124","All-items excluding food and energy","2002=100","17","units","0","v41691233","2.285","140.4","","","","1"
"2022-05","Canada","2016A000011124","All-items excluding food and energy","2002=100","17","units","0","v41691233","2.285","141.6","","","","1"
"2022-06","Canada","2016A000011124","All-items excluding food and energy","2002=100","17","units","0","v41691233","2.285","142.2","","","","1"
"2022-07","Canada","2016A000011124","All-items excluding food and energy","2002=100","17","units","0","v41691233","2.285","143.1","","","","1"
"2022-08","Canada","2016A000011124","All-items excluding food and energy","2002=100","17","units","0","v41691233","2.285","143.1","","","","1"
"2022-09","Canada","2016A000011124","All-items excluding food and energy","2002=100","17","units","0","v41691233","2.285","143.6","","","","1"
"2022-10","Canada","2016A000011124","All-items excluding food and energy","2002=100","17","units","0","v41691233","2.285","144.1","","","","1"
"2022-11","Canada","2016A000011124","All-items excluding food and energy","2002=100","17","units","0","v41691233","2.285","144.2","","","","1"
"2022-12","Canada","2016A000011124","All-items excluding food and energy","2002=100","17","units","0","v41691233","2.285","144.0","","","","1"
"2023-01","Canada","2016A000011124","All-items excluding food and energy","2002=100","17","units","0","v41691233","2.285","144.3","","","","1"
"2023-02","Canada","2016A000011124","All-items excluding food and energy","2002=100","17","units","0","v41691233","2.285","145.0","","","","1"
"2023-03","Canada","2016A000011124","All-items excluding food and energy","2002=100","17","units","0","v41691233","2.285","145.9","","","","1"
"2023-04","Canada","2016A000011124","All-items excluding food and energy","2002=100","17","units","0","v41691233","2.285","146.6","","","","1"
"2023-05","Canada","2016A000011124","All-items excluding food and energy","2002=100","17","units","0","v41691233","2.285","147.2","","","","1"
"2023-06","Canada","2016A000011124","All-items excluding food and energy","2002=100","17","units","0","v41691233","2.285","147.2","","","","1"
"2023-07","Canada","2016A000011124","All-items excluding food and energy","2002=100","17","units","0","v41691233","2.285","148.0","","","","1"
"2023-08","Canada","2016A000011124","All-items excluding food and energy","2002=100","17","units","0","v41691233","2.285","148.3","","","","1"
"2023-09","Canada","2016A000011124","All-items excluding food and energy","2002=100","17","units","0","v41691233","2.285","148.2","","","","1"
"2023-10","Canada","2016A000011124","All-items excluding food and energy","2002=100","17","units","0","v41691233","2.285","149.0","","","","1"
"2023-11","Canada","2016A000011124","All-items excluding food and energy","2002=100","17","units","0","v41691233","2.285","149.3","","","","1"
"2023-12","Canada","2016A000011124","All-items excluding food and energy","2002=100","17","units","0","v41691233","2.285","148.9","","","","1"
"2024-01","Canada","2016A000011124","All-items excluding food and energy","2002=100","17","units","0","v41691233","2.285","148.8","","","","1"
"2024-02","Canada","2016A000011124","All-items excluding food and energy","2002=100","17","units","0","v41691233","2.285","149.1","","","","1"
"2024-03","Canada","2016A000011124","All-items excluding food and energy","2002=100","17","units","0","v41691233","2.285","150.1","","","","1"
"2024-04","Canada","2016A000011124","All-items excluding food and energy","2002=100","17","units","0","v41691233","2.285","150.5","","","","1"
"2024-05","Canada","2016A000011124","All-items excluding food and energy","2002=100","17","units","0","v41691233","2.285","151.4","","","","1"
"2024-06","Canada","2016A000011124","All-items excluding food and energy","2002=100","17","units","0","v41691233","2.285","151.4","","","","1"
"2024-07","Canada","2016A000011124","All-items excluding food and energy","2002=100","17","units","0","v41691233","2.285","152.0","","","","1"
"2024-08","Canada","2016A000011124","All-items excluding food and energy","2002=100","17","units","0","v41691233","2.285","151.8","","","","1"
"2024-09","Canada","2016A000011124","All-items excluding food and energy","2002=100","17","units","0","v41691233","2.285","151.7","","","","1"
"2024-10","Canada","2016A000011124","All-items excluding food and energy","2002=100","17","units","0","v41691233","2.285","152.4","","","","1"
"2024-11","Canada","2016A000011124","All-items excluding food and energy","2002=100","17","units","0","v41691233","2.285","152.2","","","","1"
"2024-12","Canada","2016A000011124","All-items excluding food and energy","2002=100","17","units","0","v41691233","2.285","152.1","","","","1"
"2025-01","Canada","2016A000011124","All-items excluding food and energy","2002=100","17","units","0","v41691233","2.285","152.0","","","","1"
"2025-02","Canada","2016A000011124","All-items excluding food and energy","2002=100","17","units","0","v41691233","2.285","153.4","","","","1"
"2025-03","Canada","2016A000011124","All-items excluding food and energy","2002=100","17","units","0","v41691233","2.285","153.7","","","","1"
"2025-04","Canada","2016A000011124","All-items excluding food and energy","2002=100","17","units","0","v41691233","2.285","154.4","","","","1"
"2025-05","Canada","2016A000011124","All-items excluding food and energy","2002=100","17","units","0","v41691233","2.285","155.3","","","","1"
"2025-06","Canada","2016A000011124","All-items excluding food and energy","2002=100","17","units","0","v41691233","2.285","155.4","","","","1"
"2025-07","Canada","2016A000011124","All-items excluding food and energy","2002=100","17","units","0","v41691233","2.285","155.8","","","","1"
"2025-08","Canada","2016A000011124","All-items excluding food and energy","2002=100","17","units","0","v41691233","2.285","155.5","","","","1"
"2025-09","Canada","2016A000011124","All-items excluding food and energy","2002=100","17","units","0","v41691233","2.285","155.4","","","","1"
"2025-10","Canada","2016A000011124","All-items excluding food and energy","2002=100","17","units","0","v41691233","2.285","156.5","","","","1"
"2025-11","Canada","2016A000011124","All-items excluding food and energy","2002=100","17","units","0","v41691233","2.285","155.9","","","","1"
"1990-01","Canada","2016A000011124","All-items excluding energy","2002=100","17","units","0","v41691238","2.287","77.4","","","","1"
"1990-02","Canada","2016A000011124","All-items excluding energy","2002=100","17","units","0","v41691238","2.287","77.9","","","","1"
"1990-03","Canada","2016A000011124","All-items excluding energy","2002=100","17","units","0","v41691238","2.287","78.2","","","","1"
"1990-04","Canada","2016A000011124","All-items excluding energy","2002=100","17","units","0","v41691238","2.287","78.2","","","","1"
"1990-05","Canada","2016A000011124","All-items excluding energy","2002=100","17","units","0","v41691238","2.287","78.4","","","","1"
"1990-06","Canada","2016A000011124","All-items excluding energy","2002=100","17","units","0","v41691238","2.287","78.8","","","","1"
"1990-07","Canada","2016A000011124","All-items excluding energy","2002=100","17","units","0","v41691238","2.287","79.2","","","","1"
"1990-08","Canada","2016A000011124","All-items excluding energy","2002=100","17","units","0","v41691238","2.287","79.3","","","","1"
"1990-09","Canada","2016A000011124","All-items excluding energy","2002=100","17","units","0","v41691238","2.287","79.5","","","","1"
"1990-10","Canada","2016A000011124","All-items excluding energy","2002=100","17","units","0","v41691238","2.287","79.8","","","","1"
"1990-11","Canada","2016A000011124","All-items excluding energy","2002=100","17","units","0","v41691238","2.287","80.1","","","","1"
"1990-12","Canada","2016A000011124","All-items excluding energy","2002=100","17","units","0","v41691238","2.287","80.1","","","","1"
"1991-01","Canada","2016A000011124","All-items excluding energy","2002=100","17","units","0","v41691238","2.287","82.2","","","","1"
"1991-02","Canada","2016A000011124","All-items excluding energy","2002=100","17","units","0","v41691238","2.287","82.5","","","","1"
"1991-03","Canada","2016A000011124","All-items excluding energy","2002=100","17","units","0","v41691238","2.287","83.0","","","","1"
"1991-04","Canada","2016A000011124","All-items excluding energy","2002=100","17","units","0","v41691238","2.287","83.1","","","","1"
"1991-05","Canada","2016A000011124","All-items excluding energy","2002=100","17","units","0","v41691238","2.287","83.3","","","","1"
"1991-06","Canada","2016A000011124","All-items excluding energy","2002=100","17","units","0","v41691238","2.287","83.7","","","","1"
"1991-07","Canada","2016A000011124","All-items excluding energy","2002=100","17","units","0","v41691238","2.287","83.8","","","","1"
"1991-08","Canada","2016A000011124","All-items excluding energy","2002=100","17","units","0","v41691238","2.287","83.9","","","","1"
"1991-09","Canada","2016A000011124","All-items excluding energy","2002=100","17","units","0","v41691238","2.287","83.7","","","","1"
"1991-10","Canada","2016A000011124","All-items excluding energy","2002=100","17","units","0","v41691238","2.287","83.7","","","","1"
"1991-11","Canada","2016A000011124","All-items excluding energy","2002=100","17","units","0","v41691238","2.287","83.9","","","","1"
"1991-12","Canada","2016A000011124","All-items excluding energy","2002=100","17","units","0","v41691238","2.287","83.7","","","","1"
"1992-01","Canada","2016A000011124","All-items excluding energy","2002=100","17","units","0","v41691238","2.287","83.9","","","","1"
"1992-02","Canada","2016A000011124","All-items excluding energy","2002=100","17","units","0","v41691238","2.287","84.1","","","","1"
"1992-03","Canada","2016A000011124","All-items excluding energy","2002=100","17","units","0","v41691238","2.287","84.4","","","","1"
"1992-04","Canada","2016A000011124","All-items excluding energy","2002=100","17","units","0","v41691238","2.287","84.5","","","","1"
"1992-05","Canada","2016A000011124","All-items excluding energy","2002=100","17","units","0","v41691238","2.287","84.5","","","","1"
"1992-06","Canada","2016A000011124","All-items excluding energy","2002=100","17","units","0","v41691238","2.287","84.6","","","","1"
"1992-07","Canada","2016A000011124","All-items excluding energy","2002=100","17","units","0","v41691238","2.287","84.9","","","","1"
"1992-08","Canada","2016A000011124","All-items excluding energy","2002=100","17","units","0","v41691238","2.287","84.9","","","","1"
"1992-09","Canada","2016A000011124","All-items excluding energy","2002=100","17","units","0","v41691238","2.287","84.8","","","","1"
"1992-10","Canada","2016A000011124","All-items excluding energy","2002=100","17","units","0","v41691238","2.287","85.0","","","","1"
"1992-11","Canada","2016A000011124","All-items excluding energy","2002=100","17","units","0","v41691238","2.287","85.4","","","","1"
"1992-12","Canada","2016A000011124","All-items excluding energy","2002=100","17","units","0","v41691238","2.287","85.3","","","","1"
"1993-01","Canada","2016A000011124","All-items excluding energy","2002=100","17","units","0","v41691238","2.287","85.6","","","","1"
"1993-02","Canada","2016A000011124","All-items excluding energy","2002=100","17","units","0","v41691238","2.287","86.0","","","","1"
"1993-03","Canada","2016A000011124","All-items excluding energy","2002=100","17","units","0","v41691238","2.287","86.0","","","","1"
"1993-04","Canada","2016A000011124","All-items excluding energy","2002=100","17","units","0","v41691238","2.287","86.0","","","","1"
"1993-05","Canada","2016A000011124","All-items excluding energy","2002=100","17","units","0","v41691238","2.287","86.1","","","","1"
"1993-06","Canada","2016A000011124","All-items excluding energy","2002=100","17","units","0","v41691238","2.287","86.1","","","","1"
"1993-07","Canada","2016A000011124","All-items excluding energy","2002=100","17","units","0","v41691238","2.287","86.3","","","","1"
"1993-08","Canada","2016A000011124","All-items excluding energy","2002=100","17","units","0","v41691238","2.287","86.3","","","","1"
"1993-09","Canada","2016A000011124","All-items excluding energy","2002=100","17","units","0","v41691238","2.287","86.5","","","","1"
"1993-10","Canada","2016A000011124","All-items excluding energy","2002=100","17","units","0","v41691238","2.287","86.7","","","","1"
"1993-11","Canada","2016A000011124","All-items excluding energy","2002=100","17","units","0","v41691238","2.287","87.1","","","","1"
"1993-12","Canada","2016A000011124","All-items excluding energy","2002=100","17","units","0","v41691238","2.287","87.0","","","","1"
"1994-01","Canada","2016A000011124","All-items excluding energy","2002=100","17","units","0","v41691238","2.287","87.0","","","","1"
"1994-02","Canada","2016A000011124","All-items excluding energy","2002=100","17","units","0","v41691238","2.287","86.3","","","","1"
"1994-03","Canada","2016A000011124","All-items excluding energy","2002=100","17","units","0","v41691238","2.287","86.1","","","","1"
"1994-04","Canada","2016A000011124","All-items excluding energy","2002=100","17","units","0","v41691238","2.287","86.1","","","","1"
"1994-05","Canada","2016A000011124","All-items excluding energy","2002=100","17","units","0","v41691238","2.287","86.0","","","","1"
"1994-06","Canada","2016A000011124","All-items excluding energy","2002=100","17","units","0","v41691238","2.287","86.1","","","","1"
"1994-07","Canada","2016A000011124","All-items excluding energy","2002=100","17","units","0","v41691238","2.287","86.3","","","","1"
"1994-08","Canada","2016A000011124","All-items excluding energy","2002=100","17","units","0","v41691238","2.287","86.3","","","","1"
"1994-09","Canada","2016A000011124","All-items excluding energy","2002=100","17","units","0","v41691238","2.287","86.5","","","","1"
"1994-10","Canada","2016A000011124","All-items excluding energy","2002=100","17","units","0","v41691238","2.287","86.5","","","","1"
"1994-11","Canada","2016A000011124","All-items excluding energy","2002=100","17","units","0","v41691238","2.287","86.9","","","","1"
"1994-12","Canada","2016A000011124","All-items excluding energy","2002=100","17","units","0","v41691238","2.287","87.1","","","","1"
"1995-01","Canada","2016A000011124","All-items excluding energy","2002=100","17","units","0","v41691238","2.287","87.5","","","","1"
"1995-02","Canada","2016A000011124","All-items excluding energy","2002=100","17","units","0","v41691238","2.287","87.8","","","","1"
"1995-03","Canada","2016A000011124","All-items excluding energy","2002=100","17","units","0","v41691238","2.287","88.0","","","","1"
"1995-04","Canada","2016A000011124","All-items excluding energy","2002=100","17","units","0","v41691238","2.287","88.3","","","","1"
"1995-05","Canada","2016A000011124","All-items excluding energy","2002=100","17","units","0","v41691238","2.287","88.3","","","","1"
"1995-06","Canada","2016A000011124","All-items excluding energy","2002=100","17","units","0","v41691238","2.287","88.3","","","","1"
"1995-07","Canada","2016A000011124","All-items excluding energy","2002=100","17","units","0","v41691238","2.287","88.7","","","","1"
"1995-08","Canada","2016A000011124","All-items excluding energy","2002=100","17","units","0","v41691238","2.287","88.6","","","","1"
"1995-09","Canada","2016A000011124","All-items excluding energy","2002=100","17","units","0","v41691238","2.287","88.7","","","","1"
"1995-10","Canada","2016A000011124","All-items excluding energy","2002=100","17","units","0","v41691238","2.287","88.7","","","","1"
"1995-11","Canada","2016A000011124","All-items excluding energy","2002=100","17","units","0","v41691238","2.287","88.9","","","","1"
"1995-12","Canada","2016A000011124","All-items excluding energy","2002=100","17","units","0","v41691238","2.287","88.7","","","","1"
"1996-01","Canada","2016A000011124","All-items excluding energy","2002=100","17","units","0","v41691238","2.287","88.9","","","","1"
"1996-02","Canada","2016A000011124","All-items excluding energy","2002=100","17","units","0","v41691238","2.287","89.0","","","","1"
"1996-03","Canada","2016A000011124","All-items excluding energy","2002=100","17","units","0","v41691238","2.287","89.3","","","","1"
"1996-04","Canada","2016A000011124","All-items excluding energy","2002=100","17","units","0","v41691238","2.287","89.4","","","","1"
"1996-05","Canada","2016A000011124","All-items excluding energy","2002=100","17","units","0","v41691238","2.287","89.5","","","","1"
"1996-06","Canada","2016A000011124","All-items excluding energy","2002=100","17","units","0","v41691238","2.287","89.5","","","","1"
"1996-07","Canada","2016A000011124","All-items excluding energy","2002=100","17","units","0","v41691238","2.287","89.8","","","","1"
"1996-08","Canada","2016A000011124","All-items excluding energy","2002=100","17","units","0","v41691238","2.287","89.8","","","","1"
"1996-09","Canada","2016A000011124","All-items excluding energy","2002=100","17","units","0","v41691238","2.287","89.9","","","","1"
"1996-10","Canada","2016A000011124","All-items excluding energy","2002=100","17","units","0","v41691238","2.287","90.0","","","","1"
"1996-11","Canada","2016A000011124","All-items excluding energy","2002=100","17","units","0","v41691238","2.287","90.5","","","","1"
"1996-12","Canada","2016A000011124","All-items excluding energy","2002=100","17","units","0","v41691238","2.287","90.4","","","","1"
"1997-01","Canada","2016A000011124","All-items excluding energy","2002=100","17","units","0","v41691238","2.287","90.5","","","","1"
"1997-02","Canada","2016A000011124","All-items excluding energy","2002=100","17","units","0","v41691238","2.287","90.6","","","","1"
"1997-03","Canada","2016A000011124","All-items excluding energy","2002=100","17","units","0","v41691238","2.287","90.9","","","","1"
"1997-04","Canada","2016A000011124","All-items excluding energy","2002=100","17","units","0","v41691238","2.287","91.0","","","","1"
"1997-05","Canada","2016A000011124","All-items excluding energy","2002=100","17","units","0","v41691238","2.287","91.1","","","","1"
"1997-06","Canada","2016A000011124","All-items excluding energy","2002=100","17","units","0","v41691238","2.287","91.2","","","","1"
"1997-07","Canada","2016A000011124","All-items excluding energy","2002=100","17","units","0","v41691238","2.287","91.2","","","","1"
"1997-08","Canada","2016A000011124","All-items excluding energy","2002=100","17","units","0","v41691238","2.287","91.2","","","","1"
"1997-09","Canada","2016A000011124","All-items excluding energy","2002=100","17","units","0","v41691238","2.287","91.1","","","","1"
"1997-10","Canada","2016A000011124","All-items excluding energy","2002=100","17","units","0","v41691238","2.287","91.3","","","","1"
"1997-11","Canada","2016A000011124","All-items excluding energy","2002=100","17","units","0","v41691238","2.287","91.2","","","","1"
"1997-12","Canada","2016A000011124","All-items excluding energy","2002=100","17","units","0","v41691238","2.287","91.1","","","","1"
"1998-01","Canada","2016A000011124","All-items excluding energy","2002=100","17","units","0","v41691238","2.287","91.8","","","","1"
"1998-02","Canada","2016A000011124","All-items excluding energy","2002=100","17","units","0","v41691238","2.287","92.0","","","","1"
"1998-03","Canada","2016A000011124","All-items excluding energy","2002=100","17","units","0","v41691238","2.287","92.2","","","","1"
"1998-04","Canada","2016A000011124","All-items excluding energy","2002=100","17","units","0","v41691238","2.287","92.1","","","","1"
"1998-05","Canada","2016A000011124","All-items excluding energy","2002=100","17","units","0","v41691238","2.287","92.3","","","","1"
"1998-06","Canada","2016A000011124","All-items excluding energy","2002=100","17","units","0","v41691238","2.287","92.4","","","","1"
"1998-07","Canada","2016A000011124","All-items excluding energy","2002=100","17","units","0","v41691238","2.287","92.5","","","","1"
"1998-08","Canada","2016A000011124","All-items excluding energy","2002=100","17","units","0","v41691238","2.287","92.5","","","","1"
"1998-09","Canada","2016A000011124","All-items excluding energy","2002=100","17","units","0","v41691238","2.287","92.5","","","","1"
"1998-10","Canada","2016A000011124","All-items excluding energy","2002=100","17","units","0","v41691238","2.287","92.6","","","","1"
"1998-11","Canada","2016A000011124","All-items excluding energy","2002=100","17","units","0","v41691238","2.287","92.7","","","","1"
"1998-12","Canada","2016A000011124","All-items excluding energy","2002=100","17","units","0","v41691238","2.287","92.5","","","","1"
"1999-01","Canada","2016A000011124","All-items excluding energy","2002=100","17","units","0","v41691238","2.287","92.7","","","","1"
"1999-02","Canada","2016A000011124","All-items excluding energy","2002=100","17","units","0","v41691238","2.287","92.9","","","","1"
"1999-03","Canada","2016A000011124","All-items excluding energy","2002=100","17","units","0","v41691238","2.287","93.2","","","","1"
"1999-04","Canada","2016A000011124","All-items excluding energy","2002=100","17","units","0","v41691238","2.287","93.4","","","","1"
"1999-05","Canada","2016A000011124","All-items excluding energy","2002=100","17","units","0","v41691238","2.287","93.7","","","","1"
"1999-06","Canada","2016A000011124","All-items excluding energy","2002=100","17","units","0","v41691238","2.287","93.8","","","","1"
"1999-07","Canada","2016A000011124","All-items excluding energy","2002=100","17","units","0","v41691238","2.287","93.9","","","","1"
"1999-08","Canada","2016A000011124","All-items excluding energy","2002=100","17","units","0","v41691238","2.287","93.9","","","","1"
"1999-09","Canada","2016A000011124","All-items excluding energy","2002=100","17","units","0","v41691238","2.287","94.1","","","","1"
"1999-10","Canada","2016A000011124","All-items excluding energy","2002=100","17","units","0","v41691238","2.287","94.0","","","","1"
"1999-11","Canada","2016A000011124","All-items excluding energy","2002=100","17","units","0","v41691238","2.287","94.0","","","","1"
"1999-12","Canada","2016A000011124","All-items excluding energy","2002=100","17","units","0","v41691238","2.287","93.9","","","","1"
"2000-01","Canada","2016A000011124","All-items excluding energy","2002=100","17","units","0","v41691238","2.287","93.8","","","","1"
"2000-02","Canada","2016A000011124","All-items excluding energy","2002=100","17","units","0","v41691238","2.287","94.1","","","","1"
"2000-03","Canada","2016A000011124","All-items excluding energy","2002=100","17","units","0","v41691238","2.287","94.4","","","","1"
"2000-04","Canada","2016A000011124","All-items excluding energy","2002=100","17","units","0","v41691238","2.287","94.5","","","","1"
"2000-05","Canada","2016A000011124","All-items excluding energy","2002=100","17","units","0","v41691238","2.287","94.9","","","","1"
"2000-06","Canada","2016A000011124","All-items excluding energy","2002=100","17","units","0","v41691238","2.287","95.2","","","","1"
"2000-07","Canada","2016A000011124","All-items excluding energy","2002=100","17","units","0","v41691238","2.287","95.4","","","","1"
"2000-08","Canada","2016A000011124","All-items excluding energy","2002=100","17","units","0","v41691238","2.287","95.5","","","","1"
"2000-09","Canada","2016A000011124","All-items excluding energy","2002=100","17","units","0","v41691238","2.287","95.5","","","","1"
"2000-10","Canada","2016A000011124","All-items excluding energy","2002=100","17","units","0","v41691238","2.287","95.5","","","","1"
"2000-11","Canada","2016A000011124","All-items excluding energy","2002=100","17","units","0","v41691238","2.287","95.7","","","","1"
"2000-12","Canada","2016A000011124","All-items excluding energy","2002=100","17","units","0","v41691238","2.287","96.0","","","","1"
"2001-01","Canada","2016A000011124","All-items excluding energy","2002=100","17","units","0","v41691238","2.287","95.8","","","","1"
"2001-02","Canada","2016A000011124","All-items excluding energy","2002=100","17","units","0","v41691238","2.287","96.4","","","","1"
"2001-03","Canada","2016A000011124","All-items excluding energy","2002=100","17","units","0","v41691238","2.287","96.7","","","","1"
"2001-04","Canada","2016A000011124","All-items excluding energy","2002=100","17","units","0","v41691238","2.287","97.0","","","","1"
"2001-05","Canada","2016A000011124","All-items excluding energy","2002=100","17","units","0","v41691238","2.287","97.4","","","","1"
"2001-06","Canada","2016A000011124","All-items excluding energy","2002=100","17","units","0","v41691238","2.287","97.6","","","","1"
"2001-07","Canada","2016A000011124","All-items excluding energy","2002=100","17","units","0","v41691238","2.287","98.0","","","","1"
"2001-08","Canada","2016A000011124","All-items excluding energy","2002=100","17","units","0","v41691238","2.287","97.9","","","","1"
"2001-09","Canada","2016A000011124","All-items excluding energy","2002=100","17","units","0","v41691238","2.287","97.9","","","","1"
"2001-10","Canada","2016A000011124","All-items excluding energy","2002=100","17","units","0","v41691238","2.287","97.8","","","","1"
"2001-11","Canada","2016A000011124","All-items excluding energy","2002=100","17","units","0","v41691238","2.287","97.7","","","","1"
"2001-12","Canada","2016A000011124","All-items excluding energy","2002=100","17","units","0","v41691238","2.287","97.9","","","","1"
"2002-01","Canada","2016A000011124","All-items excluding energy","2002=100","17","units","0","v41691238","2.287","98.0","","","","1"
"2002-02","Canada","2016A000011124","All-items excluding energy","2002=100","17","units","0","v41691238","2.287","98.6","","","","1"
"2002-03","Canada","2016A000011124","All-items excluding energy","2002=100","17","units","0","v41691238","2.287","99.0","","","","1"
"2002-04","Canada","2016A000011124","All-items excluding energy","2002=100","17","units","0","v41691238","2.287","99.4","","","","1"
"2002-05","Canada","2016A000011124","All-items excluding energy","2002=100","17","units","0","v41691238","2.287","99.7","","","","1"
"2002-06","Canada","2016A000011124","All-items excluding energy","2002=100","17","units","0","v41691238","2.287","100.1","","","","1"
"2002-07","Canada","2016A000011124","All-items excluding energy","2002=100","17","units","0","v41691238","2.287","100.6","","","","1"
"2002-08","Canada","2016A000011124","All-items excluding energy","2002=100","17","units","0","v41691238","2.287","100.7","","","","1"
"2002-09","Canada","2016A000011124","All-items excluding energy","2002=100","17","units","0","v41691238","2.287","100.6","","","","1"
"2002-10","Canada","2016A000011124","All-items excluding energy","2002=100","17","units","0","v41691238","2.287","100.7","","","","1"
"2002-11","Canada","2016A000011124","All-items excluding energy","2002=100","17","units","0","v41691238","2.287","101.2","","","","1"
"2002-12","Canada","2016A000011124","All-items excluding energy","2002=100","17","units","0","v41691238","2.287","101.4","","","","1"
"2003-01","Canada","2016A000011124","All-items excluding energy","2002=100","17","units","0","v41691238","2.287","101.5","","","","1"
"2003-02","Canada","2016A000011124","All-items excluding energy","2002=100","17","units","0","v41691238","2.287","102.0","","","","1"
"2003-03","Canada","2016A000011124","All-items excluding energy","2002=100","17","units","0","v41691238","2.287","102.2","","","","1"
"2003-04","Canada","2016A000011124","All-items excluding energy","2002=100","17","units","0","v41691238","2.287","102.2","","","","1"
"2003-05","Canada","2016A000011124","All-items excluding energy","2002=100","17","units","0","v41691238","2.287","102.4","","","","1"
"2003-06","Canada","2016A000011124","All-items excluding energy","2002=100","17","units","0","v41691238","2.287","102.3","","","","1"
"2003-07","Canada","2016A000011124","All-items excluding energy","2002=100","17","units","0","v41691238","2.287","102.4","","","","1"
"2003-08","Canada","2016A000011124","All-items excluding energy","2002=100","17","units","0","v41691238","2.287","102.4","","","","1"
"2003-09","Canada","2016A000011124","All-items excluding energy","2002=100","17","units","0","v41691238","2.287","102.5","","","","1"
"2003-10","Canada","2016A000011124","All-items excluding energy","2002=100","17","units","0","v41691238","2.287","102.6","","","","1"
"2003-11","Canada","2016A000011124","All-items excluding energy","2002=100","17","units","0","v41691238","2.287","103.0","","","","1"
"2003-12","Canada","2016A000011124","All-items excluding energy","2002=100","17","units","0","v41691238","2.287","103.1","","","","1"
"2004-01","Canada","2016A000011124","All-items excluding energy","2002=100","17","units","0","v41691238","2.287","103.0","","","","1"
"2004-02","Canada","2016A000011124","All-items excluding energy","2002=100","17","units","0","v41691238","2.287","103.1","","","","1"
"2004-03","Canada","2016A000011124","All-items excluding energy","2002=100","17","units","0","v41691238","2.287","103.4","","","","1"
"2004-04","Canada","2016A000011124","All-items excluding energy","2002=100","17","units","0","v41691238","2.287","103.4","","","","1"
"2004-05","Canada","2016A000011124","All-items excluding energy","2002=100","17","units","0","v41691238","2.287","103.8","","","","1"
"2004-06","Canada","2016A000011124","All-items excluding energy","2002=100","17","units","0","v41691238","2.287","103.9","","","","1"
"2004-07","Canada","2016A000011124","All-items excluding energy","2002=100","17","units","0","v41691238","2.287","104.0","","","","1"
"2004-08","Canada","2016A000011124","All-items excluding energy","2002=100","17","units","0","v41691238","2.287","103.8","","","","1"
"2004-09","Canada","2016A000011124","All-items excluding energy","2002=100","17","units","0","v41691238","2.287","104.0","","","","1"
"2004-10","Canada","2016A000011124","All-items excluding energy","2002=100","17","units","0","v41691238","2.287","104.1","","","","1"
"2004-11","Canada","2016A000011124","All-items excluding energy","2002=100","17","units","0","v41691238","2.287","104.7","","","","1"
"2004-12","Canada","2016A000011124","All-items excluding energy","2002=100","17","units","0","v41691238","2.287","104.8","","","","1"
"2005-01","Canada","2016A000011124","All-items excluding energy","2002=100","17","units","0","v41691238","2.287","104.5","","","","1"
"2005-02","Canada","2016A000011124","All-items excluding energy","2002=100","17","units","0","v41691238","2.287","104.8","","","","1"
"2005-03","Canada","2016A000011124","All-items excluding energy","2002=100","17","units","0","v41691238","2.287","105.2","","","","1"
"2005-04","Canada","2016A000011124","All-items excluding energy","2002=100","17","units","0","v41691238","2.287","105.1","","","","1"
"2005-05","Canada","2016A000011124","All-items excluding energy","2002=100","17","units","0","v41691238","2.287","105.4","","","","1"
"2005-06","Canada","2016A000011124","All-items excluding energy","2002=100","17","units","0","v41691238","2.287","105.5","","","","1"
"2005-07","Canada","2016A000011124","All-items excluding energy","2002=100","17","units","0","v41691238","2.287","105.4","","","","1"
"2005-08","Canada","2016A000011124","All-items excluding energy","2002=100","17","units","0","v41691238","2.287","105.6","","","","1"
"2005-09","Canada","2016A000011124","All-items excluding energy","2002=100","17","units","0","v41691238","2.287","105.7","","","","1"
"2005-10","Canada","2016A000011124","All-items excluding energy","2002=100","17","units","0","v41691238","2.287","105.7","","","","1"
"2005-11","Canada","2016A000011124","All-items excluding energy","2002=100","17","units","0","v41691238","2.287","106.2","","","","1"
"2005-12","Canada","2016A000011124","All-items excluding energy","2002=100","17","units","0","v41691238","2.287","106.2","","","","1"
"2006-01","Canada","2016A000011124","All-items excluding energy","2002=100","17","units","0","v41691238","2.287","106.3","","","","1"
"2006-02","Canada","2016A000011124","All-items excluding energy","2002=100","17","units","0","v41691238","2.287","106.5","","","","1"
"2006-03","Canada","2016A000011124","All-items excluding energy","2002=100","17","units","0","v41691238","2.287","106.9","","","","1"
"2006-04","Canada","2016A000011124","All-items excluding energy","2002=100","17","units","0","v41691238","2.287","106.8","","","","1"
"2006-05","Canada","2016A000011124","All-items excluding energy","2002=100","17","units","0","v41691238","2.287","107.3","","","","1"
"2006-06","Canada","2016A000011124","All-items excluding energy","2002=100","17","units","0","v41691238","2.287","107.2","","","","1"
"2006-07","Canada","2016A000011124","All-items excluding energy","2002=100","17","units","0","v41691238","2.287","107.0","","","","1"
"2006-08","Canada","2016A000011124","All-items excluding energy","2002=100","17","units","0","v41691238","2.287","107.2","","","","1"
"2006-09","Canada","2016A000011124","All-items excluding energy","2002=100","17","units","0","v41691238","2.287","107.6","","","","1"
"2006-10","Canada","2016A000011124","All-items excluding energy","2002=100","17","units","0","v41691238","2.287","107.8","","","","1"
"2006-11","Canada","2016A000011124","All-items excluding energy","2002=100","17","units","0","v41691238","2.287","108.1","","","","1"
"2006-12","Canada","2016A000011124","All-items excluding energy","2002=100","17","units","0","v41691238","2.287","108.0","","","","1"
"2007-01","Canada","2016A000011124","All-items excluding energy","2002=100","17","units","0","v41691238","2.287","108.2","","","","1"
"2007-02","Canada","2016A000011124","All-items excluding energy","2002=100","17","units","0","v41691238","2.287","108.9","","","","1"
"2007-03","Canada","2016A000011124","All-items excluding energy","2002=100","17","units","0","v41691238","2.287","109.1","","","","1"
"2007-04","Canada","2016A000011124","All-items excluding energy","2002=100","17","units","0","v41691238","2.287","109.3","","","","1"
"2007-05","Canada","2016A000011124","All-items excluding energy","2002=100","17","units","0","v41691238","2.287","109.6","","","","1"
"2007-06","Canada","2016A000011124","All-items excluding energy","2002=100","17","units","0","v41691238","2.287","109.6","","","","1"
"2007-07","Canada","2016A000011124","All-items excluding energy","2002=100","17","units","0","v41691238","2.287","109.7","","","","1"
"2007-08","Canada","2016A000011124","All-items excluding energy","2002=100","17","units","0","v41691238","2.287","109.7","","","","1"
"2007-09","Canada","2016A000011124","All-items excluding energy","2002=100","17","units","0","v41691238","2.287","109.9","","","","1"
"2007-10","Canada","2016A000011124","All-items excluding energy","2002=100","17","units","0","v41691238","2.287","109.8","","","","1"
"2007-11","Canada","2016A000011124","All-items excluding energy","2002=100","17","units","0","v41691238","2.287","109.9","","","","1"
"2007-12","Canada","2016A000011124","All-items excluding energy","2002=100","17","units","0","v41691238","2.287","109.8","","","","1"
"2008-01","Canada","2016A000011124","All-items excluding energy","2002=100","17","units","0","v41691238","2.287","109.6","","","","1"
"2008-02","Canada","2016A000011124","All-items excluding energy","2002=100","17","units","0","v41691238","2.287","110.0","","","","1"
"2008-03","Canada","2016A000011124","All-items excluding energy","2002=100","17","units","0","v41691238","2.287","110.2","","","","1"
"2008-04","Canada","2016A000011124","All-items excluding energy","2002=100","17","units","0","v41691238","2.287","110.5","","","","1"
"2008-05","Canada","2016A000011124","All-items excluding energy","2002=100","17","units","0","v41691238","2.287","111.0","","","","1"
"2008-06","Canada","2016A000011124","All-items excluding energy","2002=100","17","units","0","v41691238","2.287","111.3","","","","1"
"2008-07","Canada","2016A000011124","All-items excluding energy","2002=100","17","units","0","v41691238","2.287","111.5","","","","1"
"2008-08","Canada","2016A000011124","All-items excluding energy","2002=100","17","units","0","v41691238","2.287","111.7","","","","1"
"2008-09","Canada","2016A000011124","All-items excluding energy","2002=100","17","units","0","v41691238","2.287","112.0","","","","1"
"2008-10","Canada","2016A000011124","All-items excluding energy","2002=100","17","units","0","v41691238","2.287","111.8","","","","1"
"2008-11","Canada","2016A000011124","All-items excluding energy","2002=100","17","units","0","v41691238","2.287","112.8","","","","1"
"2008-12","Canada","2016A000011124","All-items excluding energy","2002=100","17","units","0","v41691238","2.287","112.6","","","","1"
"2009-01","Canada","2016A000011124","All-items excluding energy","2002=100","17","units","0","v41691238","2.287","112.1","","","","1"
"2009-02","Canada","2016A000011124","All-items excluding energy","2002=100","17","units","0","v41691238","2.287","112.7","","","","1"
"2009-03","Canada","2016A000011124","All-items excluding energy","2002=100","17","units","0","v41691238","2.287","113.0","","","","1"
"2009-04","Canada","2016A000011124","All-items excluding energy","2002=100","17","units","0","v41691238","2.287","113.1","","","","1"
"2009-05","Canada","2016A000011124","All-items excluding energy","2002=100","17","units","0","v41691238","2.287","113.5","","","","1"
"2009-06","Canada","2016A000011124","All-items excluding energy","2002=100","17","units","0","v41691238","2.287","113.6","","","","1"
"2009-07","Canada","2016A000011124","All-items excluding energy","2002=100","17","units","0","v41691238","2.287","113.5","","","","1"
"2009-08","Canada","2016A000011124","All-items excluding energy","2002=100","17","units","0","v41691238","2.287","113.3","","","","1"
"2009-09","Canada","2016A000011124","All-items excluding energy","2002=100","17","units","0","v41691238","2.287","113.4","","","","1"
"2009-10","Canada","2016A000011124","All-items excluding energy","2002=100","17","units","0","v41691238","2.287","113.4","","","","1"
"2009-11","Canada","2016A000011124","All-items excluding energy","2002=100","17","units","0","v41691238","2.287","113.9","","","","1"
"2009-12","Canada","2016A000011124","All-items excluding energy","2002=100","17","units","0","v41691238","2.287","113.5","","","","1"
"2010-01","Canada","2016A000011124","All-items excluding energy","2002=100","17","units","0","v41691238","2.287","113.6","","","","1"
"2010-02","Canada","2016A000011124","All-items excluding energy","2002=100","17","units","0","v41691238","2.287","114.2","","","","1"
"2010-03","Canada","2016A000011124","All-items excluding energy","2002=100","17","units","0","v41691238","2.287","114.1","","","","1"
"2010-04","Canada","2016A000011124","All-items excluding energy","2002=100","17","units","0","v41691238","2.287","114.4","","","","1"
"2010-05","Canada","2016A000011124","All-items excluding energy","2002=100","17","units","0","v41691238","2.287","114.6","","","","1"
"2010-06","Canada","2016A000011124","All-items excluding energy","2002=100","17","units","0","v41691238","2.287","114.6","","","","1"
"2010-07","Canada","2016A000011124","All-items excluding energy","2002=100","17","units","0","v41691238","2.287","115.0","","","","1"
"2010-08","Canada","2016A000011124","All-items excluding energy","2002=100","17","units","0","v41691238","2.287","114.9","","","","1"
"2010-09","Canada","2016A000011124","All-items excluding energy","2002=100","17","units","0","v41691238","2.287","115.1","","","","1"
"2010-10","Canada","2016A000011124","All-items excluding energy","2002=100","17","units","0","v41691238","2.287","115.5","","","","1"
"2010-11","Canada","2016A000011124","All-items excluding energy","2002=100","17","units","0","v41691238","2.287","115.6","","","","1"
"2010-12","Canada","2016A000011124","All-items excluding energy","2002=100","17","units","0","v41691238","2.287","115.4","","","","1"
"2011-01","Canada","2016A000011124","All-items excluding energy","2002=100","17","units","0","v41691238","2.287","115.5","","","","1"
"2011-02","Canada","2016A000011124","All-items excluding energy","2002=100","17","units","0","v41691238","2.287","115.8","","","","1"
"2011-03","Canada","2016A000011124","All-items excluding energy","2002=100","17","units","0","v41691238","2.287","116.8","","","","1"
"2011-04","Canada","2016A000011124","All-items excluding energy","2002=100","17","units","0","v41691238","2.287","116.7","","","","1"
"2011-05","Canada","2016A000011124","All-items excluding energy","2002=100","17","units","0","v41691238","2.287","117.3","","","","1"
"2011-06","Canada","2016A000011124","All-items excluding energy","2002=100","17","units","0","v41691238","2.287","116.8","","","","1"
"2011-07","Canada","2016A000011124","All-items excluding energy","2002=100","17","units","0","v41691238","2.287","117.0","","","","1"
"2011-08","Canada","2016A000011124","All-items excluding energy","2002=100","17","units","0","v41691238","2.287","117.2","","","","1"
"2011-09","Canada","2016A000011124","All-items excluding energy","2002=100","17","units","0","v41691238","2.287","117.8","","","","1"
"2011-10","Canada","2016A000011124","All-items excluding energy","2002=100","17","units","0","v41691238","2.287","117.9","","","","1"
"2011-11","Canada","2016A000011124","All-items excluding energy","2002=100","17","units","0","v41691238","2.287","118.2","","","","1"
"2011-12","Canada","2016A000011124","All-items excluding energy","2002=100","17","units","0","v41691238","2.287","117.5","","","","1"
"2012-01","Canada","2016A000011124","All-items excluding energy","2002=100","17","units","0","v41691238","2.287","117.9","","","","1"
"2012-02","Canada","2016A000011124","All-items excluding energy","2002=100","17","units","0","v41691238","2.287","118.3","","","","1"
"2012-03","Canada","2016A000011124","All-items excluding energy","2002=100","17","units","0","v41691238","2.287","118.7","","","","1"
"2012-04","Canada","2016A000011124","All-items excluding energy","2002=100","17","units","0","v41691238","2.287","119.1","","","","1"
"2012-05","Canada","2016A000011124","All-items excluding energy","2002=100","17","units","0","v41691238","2.287","119.3","","","","1"
"2012-06","Canada","2016A000011124","All-items excluding energy","2002=100","17","units","0","v41691238","2.287","118.8","","","","1"
"2012-07","Canada","2016A000011124","All-items excluding energy","2002=100","17","units","0","v41691238","2.287","118.7","","","","1"
"2012-08","Canada","2016A000011124","All-items excluding energy","2002=100","17","units","0","v41691238","2.287","118.8","","","","1"
"2012-09","Canada","2016A000011124","All-items excluding energy","2002=100","17","units","0","v41691238","2.287","118.9","","","","1"
"2012-10","Canada","2016A000011124","All-items excluding energy","2002=100","17","units","0","v41691238","2.287","119.2","","","","1"
"2012-11","Canada","2016A000011124","All-items excluding energy","2002=100","17","units","0","v41691238","2.287","119.3","","","","1"
"2012-12","Canada","2016A000011124","All-items excluding energy","2002=100","17","units","0","v41691238","2.287","118.7","","","","1"
"2013-01","Canada","2016A000011124","All-items excluding energy","2002=100","17","units","0","v41691238","2.287","118.7","","","","1"
"2013-02","Canada","2016A000011124","All-items excluding energy","2002=100","17","units","0","v41691238","2.287","119.7","","","","1"
"2013-03","Canada","2016A000011124","All-items excluding energy","2002=100","17","units","0","v41691238","2.287","120.0","","","","1"
"2013-04","Canada","2016A000011124","All-items excluding energy","2002=100","17","units","0","v41691238","2.287","119.9","","","","1"
"2013-05","Canada","2016A000011124","All-items excluding energy","2002=100","17","units","0","v41691238","2.287","120.1","","","","1"
"2013-06","Canada","2016A000011124","All-items excluding energy","2002=100","17","units","0","v41691238","2.287","119.9","","","","1"
"2013-07","Canada","2016A000011124","All-items excluding energy","2002=100","17","units","0","v41691238","2.287","119.9","","","","1"
"2013-08","Canada","2016A000011124","All-items excluding energy","2002=100","17","units","0","v41691238","2.287","120.0","","","","1"
"2013-09","Canada","2016A000011124","All-items excluding energy","2002=100","17","units","0","v41691238","2.287","120.1","","","","1"
"2013-10","Canada","2016A000011124","All-items excluding energy","2002=100","17","units","0","v41691238","2.287","120.3","","","","1"
"2013-11","Canada","2016A000011124","All-items excluding energy","2002=100","17","units","0","v41691238","2.287","120.3","","","","1"
"2013-12","Canada","2016A000011124","All-items excluding energy","2002=100","17","units","0","v41691238","2.287","119.9","","","","1"
"2014-01","Canada","2016A000011124","All-items excluding energy","2002=100","17","units","0","v41691238","2.287","120.1","","","","1"
"2014-02","Canada","2016A000011124","All-items excluding energy","2002=100","17","units","0","v41691238","2.287","121.0","","","","1"
"2014-03","Canada","2016A000011124","All-items excluding energy","2002=100","17","units","0","v41691238","2.287","121.5","","","","1"
"2014-04","Canada","2016A000011124","All-items excluding energy","2002=100","17","units","0","v41691238","2.287","121.6","","","","1"
"2014-05","Canada","2016A000011124","All-items excluding energy","2002=100","17","units","0","v41691238","2.287","122.1","","","","1"
"2014-06","Canada","2016A000011124","All-items excluding energy","2002=100","17","units","0","v41691238","2.287","122.2","","","","1"
"2014-07","Canada","2016A000011124","All-items excluding energy","2002=100","17","units","0","v41691238","2.287","122.1","","","","1"
"2014-08","Canada","2016A000011124","All-items excluding energy","2002=100","17","units","0","v41691238","2.287","122.4","","","","1"
"2014-09","Canada","2016A000011124","All-items excluding energy","2002=100","17","units","0","v41691238","2.287","122.6","","","","1"
"2014-10","Canada","2016A000011124","All-items excluding energy","2002=100","17","units","0","v41691238","2.287","122.9","","","","1"
"2014-11","Canada","2016A000011124","All-items excluding energy","2002=100","17","units","0","v41691238","2.287","122.9","","","","1"
"2014-12","Canada","2016A000011124","All-items excluding energy","2002=100","17","units","0","v41691238","2.287","122.5","","","","1"
"2015-01","Canada","2016A000011124","All-items excluding energy","2002=100","17","units","0","v41691238","2.287","122.9","","","","1"
"2015-02","Canada","2016A000011124","All-items excluding energy","2002=100","17","units","0","v41691238","2.287","123.7","","","","1"
"2015-03","Canada","2016A000011124","All-items excluding energy","2002=100","17","units","0","v41691238","2.287","124.3","","","","1"
"2015-04","Canada","2016A000011124","All-items excluding energy","2002=100","17","units","0","v41691238","2.287","124.3","","","","1"
"2015-05","Canada","2016A000011124","All-items excluding energy","2002=100","17","units","0","v41691238","2.287","124.8","","","","1"
"2015-06","Canada","2016A000011124","All-items excluding energy","2002=100","17","units","0","v41691238","2.287","124.8","","","","1"
"2015-07","Canada","2016A000011124","All-items excluding energy","2002=100","17","units","0","v41691238","2.287","124.8","","","","1"
"2015-08","Canada","2016A000011124","All-items excluding energy","2002=100","17","units","0","v41691238","2.287","124.9","","","","1"
"2015-09","Canada","2016A000011124","All-items excluding energy","2002=100","17","units","0","v41691238","2.287","125.2","","","","1"
"2015-10","Canada","2016A000011124","All-items excluding energy","2002=100","17","units","0","v41691238","2.287","125.5","","","","1"
"2015-11","Canada","2016A000011124","All-items excluding energy","2002=100","17","units","0","v41691238","2.287","125.4","","","","1"
"2015-12","Canada","2016A000011124","All-items excluding energy","2002=100","17","units","0","v41691238","2.287","125.0","","","","1"
"2016-01","Canada","2016A000011124","All-items excluding energy","2002=100","17","units","0","v41691238","2.287","125.6","","","","1"
"2016-02","Canada","2016A000011124","All-items excluding energy","2002=100","17","units","0","v41691238","2.287","126.2","","","","1"
"2016-03","Canada","2016A000011124","All-items excluding energy","2002=100","17","units","0","v41691238","2.287","126.9","","","","1"
"2016-04","Canada","2016A000011124","All-items excluding energy","2002=100","17","units","0","v41691238","2.287","126.9","","","","1"
"2016-05","Canada","2016A000011124","All-items excluding energy","2002=100","17","units","0","v41691238","2.287","127.2","","","","1"
"2016-06","Canada","2016A000011124","All-items excluding energy","2002=100","17","units","0","v41691238","2.287","127.3","","","","1"
"2016-07","Canada","2016A000011124","All-items excluding energy","2002=100","17","units","0","v41691238","2.287","127.2","","","","1"
"2016-08","Canada","2016A000011124","All-items excluding energy","2002=100","17","units","0","v41691238","2.287","127.1","","","","1"
"2016-09","Canada","2016A000011124","All-items excluding energy","2002=100","17","units","0","v41691238","2.287","127.2","","","","1"
"2016-10","Canada","2016A000011124","All-items excluding energy","2002=100","17","units","0","v41691238","2.287","127.3","","","","1"
"2016-11","Canada","2016A000011124","All-items excluding energy","2002=100","17","units","0","v41691238","2.287","127.0","","","","1"
"2016-12","Canada","2016A000011124","All-items excluding energy","2002=100","17","units","0","v41691238","2.287","126.6","","","","1"
"2017-01","Canada","2016A000011124","All-items excluding energy","2002=100","17","units","0","v41691238","2.287","127.3","","","","1"
"2017-02","Canada","2016A000011124","All-items excluding energy","2002=100","17","units","0","v41691238","2.287","127.8","","","","1"
"2017-03","Canada","2016A000011124","All-items excluding energy","2002=100","17","units","0","v41691238","2.287","128.2","","","","1"
"2017-04","Canada","2016A000011124","All-items excluding energy","2002=100","17","units","0","v41691238","2.287","128.2","","","","1"
"2017-05","Canada","2016A000011124","All-items excluding energy","2002=100","17","units","0","v41691238","2.287","128.6","","","","1"
"2017-06","Canada","2016A000011124","All-items excluding energy","2002=100","17","units","0","v41691238","2.287","128.8","","","","1"
"2017-07","Canada","2016A000011124","All-items excluding energy","2002=100","17","units","0","v41691238","2.287","128.9","","","","1"
"2017-08","Canada","2016A000011124","All-items excluding energy","2002=100","17","units","0","v41691238","2.287","128.8","","","","1"
"2017-09","Canada","2016A000011124","All-items excluding energy","2002=100","17","units","0","v41691238","2.287","128.8","","","","1"
"2017-10","Canada","2016A000011124","All-items excluding energy","2002=100","17","units","0","v41691238","2.287","129.1","","","","1"
"2017-11","Canada","2016A000011124","All-items excluding energy","2002=100","17","units","0","v41691238","2.287","129.2","","","","1"
"2017-12","Canada","2016A000011124","All-items excluding energy","2002=100","17","units","0","v41691238","2.287","128.7","","","","1"
"2018-01","Canada","2016A000011124","All-items excluding energy","2002=100","17","units","0","v41691238","2.287","129.5","","","","1"
"2018-02","Canada","2016A000011124","All-items excluding energy","2002=100","17","units","0","v41691238","2.287","130.3","","","","1"
"2018-03","Canada","2016A000011124","All-items excluding energy","2002=100","17","units","0","v41691238","2.287","130.6","","","","1"
"2018-04","Canada","2016A000011124","All-items excluding energy","2002=100","17","units","0","v41691238","2.287","130.6","","","","1"
"2018-05","Canada","2016A000011124","All-items excluding energy","2002=100","17","units","0","v41691238","2.287","130.6","","","","1"
"2018-06","Canada","2016A000011124","All-items excluding energy","2002=100","17","units","0","v41691238","2.287","130.9","","","","1"
"2018-07","Canada","2016A000011124","All-items excluding energy","2002=100","17","units","0","v41691238","2.287","131.6","","","","1"
"2018-08","Canada","2016A000011124","All-items excluding energy","2002=100","17","units","0","v41691238","2.287","131.6","","","","1"
"2018-09","Canada","2016A000011124","All-items excluding energy","2002=100","17","units","0","v41691238","2.287","131.1","","","","1"
"2018-10","Canada","2016A000011124","All-items excluding energy","2002=100","17","units","0","v41691238","2.287","131.7","","","","1"
"2018-11","Canada","2016A000011124","All-items excluding energy","2002=100","17","units","0","v41691238","2.287","131.6","","","","1"
"2018-12","Canada","2016A000011124","All-items excluding energy","2002=100","17","units","0","v41691238","2.287","131.9","","","","1"
"2019-01","Canada","2016A000011124","All-items excluding energy","2002=100","17","units","0","v41691238","2.287","132.2","","","","1"
"2019-02","Canada","2016A000011124","All-items excluding energy","2002=100","17","units","0","v41691238","2.287","133.0","","","","1"
"2019-03","Canada","2016A000011124","All-items excluding energy","2002=100","17","units","0","v41691238","2.287","133.5","","","","1"
"2019-04","Canada","2016A000011124","All-items excluding energy","2002=100","17","units","0","v41691238","2.287","133.5","","","","1"
"2019-05","Canada","2016A000011124","All-items excluding energy","2002=100","17","units","0","v41691238","2.287","134.1","","","","1"
"2019-06","Canada","2016A000011124","All-items excluding energy","2002=100","17","units","0","v41691238","2.287","134.3","","","","1"
"2019-07","Canada","2016A000011124","All-items excluding energy","2002=100","17","units","0","v41691238","2.287","134.9","","","","1"
"2019-08","Canada","2016A000011124","All-items excluding energy","2002=100","17","units","0","v41691238","2.287","134.8","","","","1"
"2019-09","Canada","2016A000011124","All-items excluding energy","2002=100","17","units","0","v41691238","2.287","134.3","","","","1"
"2019-10","Canada","2016A000011124","All-items excluding energy","2002=100","17","units","0","v41691238","2.287","134.7","","","","1"
"2019-11","Canada","2016A000011124","All-items excluding energy","2002=100","17","units","0","v41691238","2.287","134.6","","","","1"
"2019-12","Canada","2016A000011124","All-items excluding energy","2002=100","17","units","0","v41691238","2.287","134.5","","","","1"
"2020-01","Canada","2016A000011124","All-items excluding energy","2002=100","17","units","0","v41691238","2.287","134.9","","","","1"
"2020-02","Canada","2016A000011124","All-items excluding energy","2002=100","17","units","0","v41691238","2.287","135.7","","","","1"
"2020-03","Canada","2016A000011124","All-items excluding energy","2002=100","17","units","0","v41691238","2.287","135.8","","","","1"
"2020-04","Canada","2016A000011124","All-items excluding energy","2002=100","17","units","0","v41691238","2.287","135.7","","","","1"
"2020-05","Canada","2016A000011124","All-items excluding energy","2002=100","17","units","0","v41691238","2.287","135.5","","","","1"
"2020-06","Canada","2016A000011124","All-items excluding energy","2002=100","17","units","0","v41691238","2.287","136.1","","","","1"
"2020-07","Canada","2016A000011124","All-items excluding energy","2002=100","17","units","0","v41691238","2.287","136.0","","","","1"
"2020-08","Canada","2016A000011124","All-items excluding energy","2002=100","17","units","0","v41691238","2.287","135.7","","","","1"
"2020-09","Canada","2016A000011124","All-items excluding energy","2002=100","17","units","0","v41691238","2.287","135.6","","","","1"
"2020-10","Canada","2016A000011124","All-items excluding energy","2002=100","17","units","0","v41691238","2.287","136.2","","","","1"
"2020-11","Canada","2016A000011124","All-items excluding energy","2002=100","17","units","0","v41691238","2.287","136.5","","","","1"
"2020-12","Canada","2016A000011124","All-items excluding energy","2002=100","17","units","0","v41691238","2.287","136.0","","","","1"
"2021-01","Canada","2016A000011124","All-items excluding energy","2002=100","17","units","0","v41691238","2.287","136.7","","","","1"
"2021-02","Canada","2016A000011124","All-items excluding energy","2002=100","17","units","0","v41691238","2.287","137.1","","","","1"
"2021-03","Canada","2016A000011124","All-items excluding energy","2002=100","17","units","0","v41691238","2.287","137.3","","","","1"
"2021-04","Canada","2016A000011124","All-items excluding energy","2002=100","17","units","0","v41691238","2.287","137.9","","","","1"
"2021-05","Canada","2016A000011124","All-items excluding energy","2002=100","17","units","0","v41691238","2.287","138.5","","","","1"
"2021-06","Canada","2016A000011124","All-items excluding energy","2002=100","17","units","0","v41691238","2.287","138.8","","","","1"
"2021-07","Canada","2016A000011124","All-items excluding energy","2002=100","17","units","0","v41691238","2.287","139.5","","","","1"
"2021-08","Canada","2016A000011124","All-items excluding energy","2002=100","17","units","0","v41691238","2.287","139.8","","","","1"
"2021-09","Canada","2016A000011124","All-items excluding energy","2002=100","17","units","0","v41691238","2.287","140.1","","","","1"
"2021-10","Canada","2016A000011124","All-items excluding energy","2002=100","17","units","0","v41691238","2.287","140.7","","","","1"
"2021-11","Canada","2016A000011124","All-items excluding energy","2002=100","17","units","0","v41691238","2.287","141.0","","","","1"
"2021-12","Canada","2016A000011124","All-items excluding energy","2002=100","17","units","0","v41691238","2.287","141.1","","","","1"
"2022-01","Canada","2016A000011124","All-items excluding energy","2002=100","17","units","0","v41691238","2.287","142.1","","","","1"
"2022-02","Canada","2016A000011124","All-items excluding energy","2002=100","17","units","0","v41691238","2.287","143.1","","","","1"
"2022-03","Canada","2016A000011124","All-items excluding energy","2002=100","17","units","0","v41691238","2.287","144.4","","","","1"
"2022-04","Canada","2016A000011124","All-items excluding energy","2002=100","17","units","0","v41691238","2.287","145.3","","","","1"
"2022-05","Canada","2016A000011124","All-items excluding energy","2002=100","17","units","0","v41691238","2.287","146.6","","","","1"
"2022-06","Canada","2016A000011124","All-items excluding energy","2002=100","17","units","0","v41691238","2.287","147.1","","","","1"
"2022-07","Canada","2016A000011124","All-items excluding energy","2002=100","17","units","0","v41691238","2.287","148.1","","","","1"
"2022-08","Canada","2016A000011124","All-items excluding energy","2002=100","17","units","0","v41691238","2.287","148.3","","","","1"
"2022-09","Canada","2016A000011124","All-items excluding energy","2002=100","17","units","0","v41691238","2.287","148.9","","","","1"
"2022-10","Canada","2016A000011124","All-items excluding energy","2002=100","17","units","0","v41691238","2.287","149.4","","","","1"
"2022-11","Canada","2016A000011124","All-items excluding energy","2002=100","17","units","0","v41691238","2.287","149.8","","","","1"
"2022-12","Canada","2016A000011124","All-items excluding energy","2002=100","17","units","0","v41691238","2.287","149.7","","","","1"
"2023-01","Canada","2016A000011124","All-items excluding energy","2002=100","17","units","0","v41691238","2.287","150.4","","","","1"
"2023-02","Canada","2016A000011124","All-items excluding energy","2002=100","17","units","0","v41691238","2.287","151.2","","","","1"
"2023-03","Canada","2016A000011124","All-items excluding energy","2002=100","17","units","0","v41691238","2.287","152.0","","","","1"
"2023-04","Canada","2016A000011124","All-items excluding energy","2002=100","17","units","0","v41691238","2.287","152.7","","","","1"
"2023-05","Canada","2016A000011124","All-items excluding energy","2002=100","17","units","0","v41691238","2.287","153.4","","","","1"
"2023-06","Canada","2016A000011124","All-items excluding energy","2002=100","17","units","0","v41691238","2.287","153.5","","","","1"
"2023-07","Canada","2016A000011124","All-items excluding energy","2002=100","17","units","0","v41691238","2.287","154.3","","","","1"
"2023-08","Canada","2016A000011124","All-items excluding energy","2002=100","17","units","0","v41691238","2.287","154.5","","","","1"
"2023-09","Canada","2016A000011124","All-items excluding energy","2002=100","17","units","0","v41691238","2.287","154.4","","","","1"
"2023-10","Canada","2016A000011124","All-items excluding energy","2002=100","17","units","0","v41691238","2.287","155.1","","","","1"
"2023-11","Canada","2016A000011124","All-items excluding energy","2002=100","17","units","0","v41691238","2.287","155.5","","","","1"
"2023-12","Canada","2016A000011124","All-items excluding energy","2002=100","17","units","0","v41691238","2.287","155.2","","","","1"
"2024-01","Canada","2016A000011124","All-items excluding energy","2002=100","17","units","0","v41691238","2.287","155.3","","","","1"
"2024-02","Canada","2016A000011124","All-items excluding energy","2002=100","17","units","0","v41691238","2.287","155.6","","","","1"
"2024-03","Canada","2016A000011124","All-items excluding energy","2002=100","17","units","0","v41691238","2.287","156.4","","","","1"
"2024-04","Canada","2016A000011124","All-items excluding energy","2002=100","17","units","0","v41691238","2.287","156.6","","","","1"
"2024-05","Canada","2016A000011124","All-items excluding energy","2002=100","17","units","0","v41691238","2.287","157.7","","","","1"
"2024-06","Canada","2016A000011124","All-items excluding energy","2002=100","17","units","0","v41691238","2.287","157.8","","","","1"
"2024-07","Canada","2016A000011124","All-items excluding energy","2002=100","17","units","0","v41691238","2.287","158.5","","","","1"
"2024-08","Canada","2016A000011124","All-items excluding energy","2002=100","17","units","0","v41691238","2.287","158.3","","","","1"
"2024-09","Canada","2016A000011124","All-items excluding energy","2002=100","17","units","0","v41691238","2.287","158.1","","","","1"
"2024-10","Canada","2016A000011124","All-items excluding energy","2002=100","17","units","0","v41691238","2.287","158.8","","","","1"
"2024-11","Canada","2016A000011124","All-items excluding energy","2002=100","17","units","0","v41691238","2.287","158.8","","","","1"
"2024-12","Canada","2016A000011124","All-items excluding energy","2002=100","17","units","0","v41691238","2.287","158.2","","","","1"
"2025-01","Canada","2016A000011124","All-items excluding energy","2002=100","17","units","0","v41691238","2.287","157.9","","","","1"
"2025-02","Canada","2016A000011124","All-items excluding energy","2002=100","17","units","0","v41691238","2.287","159.6","","","","1"
"2025-03","Canada","2016A000011124","All-items excluding energy","2002=100","17","units","0","v41691238","2.287","160.3","","","","1"
"2025-04","Canada","2016A000011124","All-items excluding energy","2002=100","17","units","0","v41691238","2.287","161.1","","","","1"
"2025-05","Canada","2016A000011124","All-items excluding energy","2002=100","17","units","0","v41691238","2.287","161.9","","","","1"
"2025-06","Canada","2016A000011124","All-items excluding energy","2002=100","17","units","0","v41691238","2.287","162.1","","","","1"
"2025-07","Canada","2016A000011124","All-items excluding energy","2002=100","17","units","0","v41691238","2.287","162.6","","","","1"
"2025-08","Canada","2016A000011124","All-items excluding energy","2002=100","17","units","0","v41691238","2.287","162.3","","","","1"
"2025-09","Canada","2016A000011124","All-items excluding energy","2002=100","17","units","0","v41691238","2.287","162.4","","","","1"
"2025-10","Canada","2016A000011124","All-items excluding energy","2002=100","17","units","0","v41691238","2.287","163.2","","","","1"
"2025-11","Canada","2016A000011124","All-items excluding energy","2002=100","17","units","0","v41691238","2.287","163.1","","","","1"
"1990-01","Canada","2016A000011124","Energy","2002=100","17","units","0","v41691239","2.288","69.4","","","","1"
"1990-02","Canada","2016A000011124","Energy","2002=100","17","units","0","v41691239","2.288","70.2","","","","1"
"1990-03","Canada","2016A000011124","Energy","2002=100","17","units","0","v41691239","2.288","70.8","","","","1"
"1990-04","Canada","2016A000011124","Energy","2002=100","17","units","0","v41691239","2.288","71.4","","","","1"
"1990-05","Canada","2016A000011124","Energy","2002=100","17","units","0","v41691239","2.288","72.2","","","","1"
"1990-06","Canada","2016A000011124","Energy","2002=100","17","units","0","v41691239","2.288","72.6","","","","1"
"1990-07","Canada","2016A000011124","Energy","2002=100","17","units","0","v41691239","2.288","72.4","","","","1"
"1990-08","Canada","2016A000011124","Energy","2002=100","17","units","0","v41691239","2.288","72.6","","","","1"
"1990-09","Canada","2016A000011124","Energy","2002=100","17","units","0","v41691239","2.288","73.4","","","","1"
"1990-10","Canada","2016A000011124","Energy","2002=100","17","units","0","v41691239","2.288","76.7","","","","1"
"1990-11","Canada","2016A000011124","Energy","2002=100","17","units","0","v41691239","2.288","79.3","","","","1"
"1990-12","Canada","2016A000011124","Energy","2002=100","17","units","0","v41691239","2.288","79.2","","","","1"
"1991-01","Canada","2016A000011124","Energy","2002=100","17","units","0","v41691239","2.288","82.6","","","","1"
"1991-02","Canada","2016A000011124","Energy","2002=100","17","units","0","v41691239","2.288","77.9","","","","1"
"1991-03","Canada","2016A000011124","Energy","2002=100","17","units","0","v41691239","2.288","75.4","","","","1"
"1991-04","Canada","2016A000011124","Energy","2002=100","17","units","0","v41691239","2.288","74.1","","","","1"
"1991-05","Canada","2016A000011124","Energy","2002=100","17","units","0","v41691239","2.288","76.3","","","","1"
"1991-06","Canada","2016A000011124","Energy","2002=100","17","units","0","v41691239","2.288","76.5","","","","1"
"1991-07","Canada","2016A000011124","Energy","2002=100","17","units","0","v41691239","2.288","77.5","","","","1"
"1991-08","Canada","2016A000011124","Energy","2002=100","17","units","0","v41691239","2.288","77.3","","","","1"
"1991-09","Canada","2016A000011124","Energy","2002=100","17","units","0","v41691239","2.288","77.8","","","","1"
"1991-10","Canada","2016A000011124","Energy","2002=100","17","units","0","v41691239","2.288","76.3","","","","1"
"1991-11","Canada","2016A000011124","Energy","2002=100","17","units","0","v41691239","2.288","76.3","","","","1"
"1991-12","Canada","2016A000011124","Energy","2002=100","17","units","0","v41691239","2.288","75.4","","","","1"
"1992-01","Canada","2016A000011124","Energy","2002=100","17","units","0","v41691239","2.288","77.6","","","","1"
"1992-02","Canada","2016A000011124","Energy","2002=100","17","units","0","v41691239","2.288","75.6","","","","1"
"1992-03","Canada","2016A000011124","Energy","2002=100","17","units","0","v41691239","2.288","75.1","","","","1"
"1992-04","Canada","2016A000011124","Energy","2002=100","17","units","0","v41691239","2.288","75.2","","","","1"
"1992-05","Canada","2016A000011124","Energy","2002=100","17","units","0","v41691239","2.288","76.3","","","","1"
"1992-06","Canada","2016A000011124","Energy","2002=100","17","units","0","v41691239","2.288","77.5","","","","1"
"1992-07","Canada","2016A000011124","Energy","2002=100","17","units","0","v41691239","2.288","79.0","","","","1"
"1992-08","Canada","2016A000011124","Energy","2002=100","17","units","0","v41691239","2.288","78.1","","","","1"
"1992-09","Canada","2016A000011124","Energy","2002=100","17","units","0","v41691239","2.288","77.6","","","","1"
"1992-10","Canada","2016A000011124","Energy","2002=100","17","units","0","v41691239","2.288","77.5","","","","1"
"1992-11","Canada","2016A000011124","Energy","2002=100","17","units","0","v41691239","2.288","78.3","","","","1"
"1992-12","Canada","2016A000011124","Energy","2002=100","17","units","0","v41691239","2.288","78.2","","","","1"
"1993-01","Canada","2016A000011124","Energy","2002=100","17","units","0","v41691239","2.288","78.6","","","","1"
"1993-02","Canada","2016A000011124","Energy","2002=100","17","units","0","v41691239","2.288","78.2","","","","1"
"1993-03","Canada","2016A000011124","Energy","2002=100","17","units","0","v41691239","2.288","77.6","","","","1"
"1993-04","Canada","2016A000011124","Energy","2002=100","17","units","0","v41691239","2.288","77.7","","","","1"
"1993-05","Canada","2016A000011124","Energy","2002=100","17","units","0","v41691239","2.288","78.2","","","","1"
"1993-06","Canada","2016A000011124","Energy","2002=100","17","units","0","v41691239","2.288","78.9","","","","1"
"1993-07","Canada","2016A000011124","Energy","2002=100","17","units","0","v41691239","2.288","78.6","","","","1"
"1993-08","Canada","2016A000011124","Energy","2002=100","17","units","0","v41691239","2.288","78.1","","","","1"
"1993-09","Canada","2016A000011124","Energy","2002=100","17","units","0","v41691239","2.288","78.4","","","","1"
"1993-10","Canada","2016A000011124","Energy","2002=100","17","units","0","v41691239","2.288","78.0","","","","1"
"1993-11","Canada","2016A000011124","Energy","2002=100","17","units","0","v41691239","2.288","78.0","","","","1"
"1993-12","Canada","2016A000011124","Energy","2002=100","17","units","0","v41691239","2.288","77.1","","","","1"
"1994-01","Canada","2016A000011124","Energy","2002=100","17","units","0","v41691239","2.288","76.4","","","","1"
"1994-02","Canada","2016A000011124","Energy","2002=100","17","units","0","v41691239","2.288","77.3","","","","1"
"1994-03","Canada","2016A000011124","Energy","2002=100","17","units","0","v41691239","2.288","77.5","","","","1"
"1994-04","Canada","2016A000011124","Energy","2002=100","17","units","0","v41691239","2.288","77.4","","","","1"
"1994-05","Canada","2016A000011124","Energy","2002=100","17","units","0","v41691239","2.288","78.1","","","","1"
"1994-06","Canada","2016A000011124","Energy","2002=100","17","units","0","v41691239","2.288","79.2","","","","1"
"1994-07","Canada","2016A000011124","Energy","2002=100","17","units","0","v41691239","2.288","79.9","","","","1"
"1994-08","Canada","2016A000011124","Energy","2002=100","17","units","0","v41691239","2.288","80.6","","","","1"
"1994-09","Canada","2016A000011124","Energy","2002=100","17","units","0","v41691239","2.288","79.8","","","","1"
"1994-10","Canada","2016A000011124","Energy","2002=100","17","units","0","v41691239","2.288","78.2","","","","1"
"1994-11","Canada","2016A000011124","Energy","2002=100","17","units","0","v41691239","2.288","79.5","","","","1"
"1994-12","Canada","2016A000011124","Energy","2002=100","17","units","0","v41691239","2.288","78.8","","","","1"
"1995-01","Canada","2016A000011124","Energy","2002=100","17","units","0","v41691239","2.288","78.5","","","","1"
"1995-02","Canada","2016A000011124","Energy","2002=100","17","units","0","v41691239","2.288","78.7","","","","1"
"1995-03","Canada","2016A000011124","Energy","2002=100","17","units","0","v41691239","2.288","79.2","","","","1"
"1995-04","Canada","2016A000011124","Energy","2002=100","17","units","0","v41691239","2.288","79.5","","","","1"
"1995-05","Canada","2016A000011124","Energy","2002=100","17","units","0","v41691239","2.288","81.3","","","","1"
"1995-06","Canada","2016A000011124","Energy","2002=100","17","units","0","v41691239","2.288","81.2","","","","1"
"1995-07","Canada","2016A000011124","Energy","2002=100","17","units","0","v41691239","2.288","80.6","","","","1"
"1995-08","Canada","2016A000011124","Energy","2002=100","17","units","0","v41691239","2.288","79.5","","","","1"
"1995-09","Canada","2016A000011124","Energy","2002=100","17","units","0","v41691239","2.288","79.7","","","","1"
"1995-10","Canada","2016A000011124","Energy","2002=100","17","units","0","v41691239","2.288","78.8","","","","1"
"1995-11","Canada","2016A000011124","Energy","2002=100","17","units","0","v41691239","2.288","78.5","","","","1"
"1995-12","Canada","2016A000011124","Energy","2002=100","17","units","0","v41691239","2.288","79.5","","","","1"
"1996-01","Canada","2016A000011124","Energy","2002=100","17","units","0","v41691239","2.288","79.5","","","","1"
"1996-02","Canada","2016A000011124","Energy","2002=100","17","units","0","v41691239","2.288","79.3","","","","1"
"1996-03","Canada","2016A000011124","Energy","2002=100","17","units","0","v41691239","2.288","80.6","","","","1"
"1996-04","Canada","2016A000011124","Energy","2002=100","17","units","0","v41691239","2.288","81.7","","","","1"
"1996-05","Canada","2016A000011124","Energy","2002=100","17","units","0","v41691239","2.288","84.3","","","","1"
"1996-06","Canada","2016A000011124","Energy","2002=100","17","units","0","v41691239","2.288","83.1","","","","1"
"1996-07","Canada","2016A000011124","Energy","2002=100","17","units","0","v41691239","2.288","81.0","","","","1"
"1996-08","Canada","2016A000011124","Energy","2002=100","17","units","0","v41691239","2.288","81.1","","","","1"
"1996-09","Canada","2016A000011124","Energy","2002=100","17","units","0","v41691239","2.288","81.7","","","","1"
"1996-10","Canada","2016A000011124","Energy","2002=100","17","units","0","v41691239","2.288","83.4","","","","1"
"1996-11","Canada","2016A000011124","Energy","2002=100","17","units","0","v41691239","2.288","83.3","","","","1"
"1996-12","Canada","2016A000011124","Energy","2002=100","17","units","0","v41691239","2.288","83.8","","","","1"
"1997-01","Canada","2016A000011124","Energy","2002=100","17","units","0","v41691239","2.288","84.4","","","","1"
"1997-02","Canada","2016A000011124","Energy","2002=100","17","units","0","v41691239","2.288","84.9","","","","1"
"1997-03","Canada","2016A000011124","Energy","2002=100","17","units","0","v41691239","2.288","84.5","","","","1"
"1997-04","Canada","2016A000011124","Energy","2002=100","17","units","0","v41691239","2.288","83.1","","","","1"
"1997-05","Canada","2016A000011124","Energy","2002=100","17","units","0","v41691239","2.288","83.2","","","","1"
"1997-06","Canada","2016A000011124","Energy","2002=100","17","units","0","v41691239","2.288","83.6","","","","1"
"1997-07","Canada","2016A000011124","Energy","2002=100","17","units","0","v41691239","2.288","82.9","","","","1"
"1997-08","Canada","2016A000011124","Energy","2002=100","17","units","0","v41691239","2.288","84.6","","","","1"
"1997-09","Canada","2016A000011124","Energy","2002=100","17","units","0","v41691239","2.288","84.9","","","","1"
"1997-10","Canada","2016A000011124","Energy","2002=100","17","units","0","v41691239","2.288","84.2","","","","1"
"1997-11","Canada","2016A000011124","Energy","2002=100","17","units","0","v41691239","2.288","83.2","","","","1"
"1997-12","Canada","2016A000011124","Energy","2002=100","17","units","0","v41691239","2.288","82.9","","","","1"
"1998-01","Canada","2016A000011124","Energy","2002=100","17","units","0","v41691239","2.288","82.3","","","","1"
"1998-02","Canada","2016A000011124","Energy","2002=100","17","units","0","v41691239","2.288","80.8","","","","1"
"1998-03","Canada","2016A000011124","Energy","2002=100","17","units","0","v41691239","2.288","79.9","","","","1"
"1998-04","Canada","2016A000011124","Energy","2002=100","17","units","0","v41691239","2.288","80.0","","","","1"
"1998-05","Canada","2016A000011124","Energy","2002=100","17","units","0","v41691239","2.288","81.2","","","","1"
"1998-06","Canada","2016A000011124","Energy","2002=100","17","units","0","v41691239","2.288","81.1","","","","1"
"1998-07","Canada","2016A000011124","Energy","2002=100","17","units","0","v41691239","2.288","80.4","","","","1"
"1998-08","Canada","2016A000011124","Energy","2002=100","17","units","0","v41691239","2.288","80.3","","","","1"
"1998-09","Canada","2016A000011124","Energy","2002=100","17","units","0","v41691239","2.288","79.1","","","","1"
"1998-10","Canada","2016A000011124","Energy","2002=100","17","units","0","v41691239","2.288","80.8","","","","1"
"1998-11","Canada","2016A000011124","Energy","2002=100","17","units","0","v41691239","2.288","80.3","","","","1"
"1998-12","Canada","2016A000011124","Energy","2002=100","17","units","0","v41691239","2.288","79.4","","","","1"
"1999-01","Canada","2016A000011124","Energy","2002=100","17","units","0","v41691239","2.288","79.5","","","","1"
"1999-02","Canada","2016A000011124","Energy","2002=100","17","units","0","v41691239","2.288","78.9","","","","1"
"1999-03","Canada","2016A000011124","Energy","2002=100","17","units","0","v41691239","2.288","80.0","","","","1"
"1999-04","Canada","2016A000011124","Energy","2002=100","17","units","0","v41691239","2.288","83.0","","","","1"
"1999-05","Canada","2016A000011124","Energy","2002=100","17","units","0","v41691239","2.288","83.6","","","","1"
"1999-06","Canada","2016A000011124","Energy","2002=100","17","units","0","v41691239","2.288","83.0","","","","1"
"1999-07","Canada","2016A000011124","Energy","2002=100","17","units","0","v41691239","2.288","84.8","","","","1"
"1999-08","Canada","2016A000011124","Energy","2002=100","17","units","0","v41691239","2.288","87.8","","","","1"
"1999-09","Canada","2016A000011124","Energy","2002=100","17","units","0","v41691239","2.288","89.0","","","","1"
"1999-10","Canada","2016A000011124","Energy","2002=100","17","units","0","v41691239","2.288","90.1","","","","1"
"1999-11","Canada","2016A000011124","Energy","2002=100","17","units","0","v41691239","2.288","89.3","","","","1"
"1999-12","Canada","2016A000011124","Energy","2002=100","17","units","0","v41691239","2.288","91.3","","","","1"
"2000-01","Canada","2016A000011124","Energy","2002=100","17","units","0","v41691239","2.288","91.5","","","","1"
"2000-02","Canada","2016A000011124","Energy","2002=100","17","units","0","v41691239","2.288","94.2","","","","1"
"2000-03","Canada","2016A000011124","Energy","2002=100","17","units","0","v41691239","2.288","97.9","","","","1"
"2000-04","Canada","2016A000011124","Energy","2002=100","17","units","0","v41691239","2.288","94.3","","","","1"
"2000-05","Canada","2016A000011124","Energy","2002=100","17","units","0","v41691239","2.288","95.4","","","","1"
"2000-06","Canada","2016A000011124","Energy","2002=100","17","units","0","v41691239","2.288","99.1","","","","1"
"2000-07","Canada","2016A000011124","Energy","2002=100","17","units","0","v41691239","2.288","99.9","","","","1"
"2000-08","Canada","2016A000011124","Energy","2002=100","17","units","0","v41691239","2.288","98.2","","","","1"
"2000-09","Canada","2016A000011124","Energy","2002=100","17","units","0","v41691239","2.288","102.5","","","","1"
"2000-10","Canada","2016A000011124","Energy","2002=100","17","units","0","v41691239","2.288","103.8","","","","1"
"2000-11","Canada","2016A000011124","Energy","2002=100","17","units","0","v41691239","2.288","105.4","","","","1"
"2000-12","Canada","2016A000011124","Energy","2002=100","17","units","0","v41691239","2.288","103.7","","","","1"
"2001-01","Canada","2016A000011124","Energy","2002=100","17","units","0","v41691239","2.288","101.0","","","","1"
"2001-02","Canada","2016A000011124","Energy","2002=100","17","units","0","v41691239","2.288","100.2","","","","1"
"2001-03","Canada","2016A000011124","Energy","2002=100","17","units","0","v41691239","2.288","101.5","","","","1"
"2001-04","Canada","2016A000011124","Energy","2002=100","17","units","0","v41691239","2.288","105.2","","","","1"
"2001-05","Canada","2016A000011124","Energy","2002=100","17","units","0","v41691239","2.288","110.7","","","","1"
"2001-06","Canada","2016A000011124","Energy","2002=100","17","units","0","v41691239","2.288","109.3","","","","1"
"2001-07","Canada","2016A000011124","Energy","2002=100","17","units","0","v41691239","2.288","102.7","","","","1"
"2001-08","Canada","2016A000011124","Energy","2002=100","17","units","0","v41691239","2.288","102.9","","","","1"
"2001-09","Canada","2016A000011124","Energy","2002=100","17","units","0","v41691239","2.288","105.7","","","","1"
"2001-10","Canada","2016A000011124","Energy","2002=100","17","units","0","v41691239","2.288","101.0","","","","1"
"2001-11","Canada","2016A000011124","Energy","2002=100","17","units","0","v41691239","2.288","92.2","","","","1"
"2001-12","Canada","2016A000011124","Energy","2002=100","17","units","0","v41691239","2.288","91.9","","","","1"
"2002-01","Canada","2016A000011124","Energy","2002=100","17","units","0","v41691239","2.288","94.0","","","","1"
"2002-02","Canada","2016A000011124","Energy","2002=100","17","units","0","v41691239","2.288","94.4","","","","1"
"2002-03","Canada","2016A000011124","Energy","2002=100","17","units","0","v41691239","2.288","98.1","","","","1"
"2002-04","Canada","2016A000011124","Energy","2002=100","17","units","0","v41691239","2.288","99.9","","","","1"
"2002-05","Canada","2016A000011124","Energy","2002=100","17","units","0","v41691239","2.288","99.1","","","","1"
"2002-06","Canada","2016A000011124","Energy","2002=100","17","units","0","v41691239","2.288","98.0","","","","1"
"2002-07","Canada","2016A000011124","Energy","2002=100","17","units","0","v41691239","2.288","99.5","","","","1"
"2002-08","Canada","2016A000011124","Energy","2002=100","17","units","0","v41691239","2.288","102.9","","","","1"
"2002-09","Canada","2016A000011124","Energy","2002=100","17","units","0","v41691239","2.288","103.9","","","","1"
"2002-10","Canada","2016A000011124","Energy","2002=100","17","units","0","v41691239","2.288","106.8","","","","1"
"2002-11","Canada","2016A000011124","Energy","2002=100","17","units","0","v41691239","2.288","105.1","","","","1"
"2002-12","Canada","2016A000011124","Energy","2002=100","17","units","0","v41691239","2.288","98.4","","","","1"
"2003-01","Canada","2016A000011124","Energy","2002=100","17","units","0","v41691239","2.288","108.3","","","","1"
"2003-02","Canada","2016A000011124","Energy","2002=100","17","units","0","v41691239","2.288","113.0","","","","1"
"2003-03","Canada","2016A000011124","Energy","2002=100","17","units","0","v41691239","2.288","115.3","","","","1"
"2003-04","Canada","2016A000011124","Energy","2002=100","17","units","0","v41691239","2.288","106.0","","","","1"
"2003-05","Canada","2016A000011124","Energy","2002=100","17","units","0","v41691239","2.288","103.7","","","","1"
"2003-06","Canada","2016A000011124","Energy","2002=100","17","units","0","v41691239","2.288","105.7","","","","1"
"2003-07","Canada","2016A000011124","Energy","2002=100","17","units","0","v41691239","2.288","106.2","","","","1"
"2003-08","Canada","2016A000011124","Energy","2002=100","17","units","0","v41691239","2.288","110.7","","","","1"
"2003-09","Canada","2016A000011124","Energy","2002=100","17","units","0","v41691239","2.288","110.6","","","","1"
"2003-10","Canada","2016A000011124","Energy","2002=100","17","units","0","v41691239","2.288","105.7","","","","1"
"2003-11","Canada","2016A000011124","Energy","2002=100","17","units","0","v41691239","2.288","104.4","","","","1"
"2003-12","Canada","2016A000011124","Energy","2002=100","17","units","0","v41691239","2.288","105.1","","","","1"
"2004-01","Canada","2016A000011124","Energy","2002=100","17","units","0","v41691239","2.288","107.1","","","","1"
"2004-02","Canada","2016A000011124","Energy","2002=100","17","units","0","v41691239","2.288","109.5","","","","1"
"2004-03","Canada","2016A000011124","Energy","2002=100","17","units","0","v41691239","2.288","110.6","","","","1"
"2004-04","Canada","2016A000011124","Energy","2002=100","17","units","0","v41691239","2.288","112.8","","","","1"
"2004-05","Canada","2016A000011124","Energy","2002=100","17","units","0","v41691239","2.288","120.5","","","","1"
"2004-06","Canada","2016A000011124","Energy","2002=100","17","units","0","v41691239","2.288","119.4","","","","1"
"2004-07","Canada","2016A000011124","Energy","2002=100","17","units","0","v41691239","2.288","117.5","","","","1"
"2004-08","Canada","2016A000011124","Energy","2002=100","17","units","0","v41691239","2.288","117.6","","","","1"
"2004-09","Canada","2016A000011124","Energy","2002=100","17","units","0","v41691239","2.288","117.0","","","","1"
"2004-10","Canada","2016A000011124","Energy","2002=100","17","units","0","v41691239","2.288","119.5","","","","1"
"2004-11","Canada","2016A000011124","Energy","2002=100","17","units","0","v41691239","2.288","117.1","","","","1"
"2004-12","Canada","2016A000011124","Energy","2002=100","17","units","0","v41691239","2.288","113.6","","","","1"
"2005-01","Canada","2016A000011124","Energy","2002=100","17","units","0","v41691239","2.288","115.0","","","","1"
"2005-02","Canada","2016A000011124","Energy","2002=100","17","units","0","v41691239","2.288","117.5","","","","1"
"2005-03","Canada","2016A000011124","Energy","2002=100","17","units","0","v41691239","2.288","121.0","","","","1"
"2005-04","Canada","2016A000011124","Energy","2002=100","17","units","0","v41691239","2.288","124.9","","","","1"
"2005-05","Canada","2016A000011124","Energy","2002=100","17","units","0","v41691239","2.288","122.5","","","","1"
"2005-06","Canada","2016A000011124","Energy","2002=100","17","units","0","v41691239","2.288","124.1","","","","1"
"2005-07","Canada","2016A000011124","Energy","2002=100","17","units","0","v41691239","2.288","128.3","","","","1"
"2005-08","Canada","2016A000011124","Energy","2002=100","17","units","0","v41691239","2.288","132.2","","","","1"
"2005-09","Canada","2016A000011124","Energy","2002=100","17","units","0","v41691239","2.288","142.1","","","","1"
"2005-10","Canada","2016A000011124","Energy","2002=100","17","units","0","v41691239","2.288","135.6","","","","1"
"2005-11","Canada","2016A000011124","Energy","2002=100","17","units","0","v41691239","2.288","127.4","","","","1"
"2005-12","Canada","2016A000011124","Energy","2002=100","17","units","0","v41691239","2.288","125.2","","","","1"
"2006-01","Canada","2016A000011124","Energy","2002=100","17","units","0","v41691239","2.288","132.7","","","","1"
"2006-02","Canada","2016A000011124","Energy","2002=100","17","units","0","v41691239","2.288","127.1","","","","1"
"2006-03","Canada","2016A000011124","Energy","2002=100","17","units","0","v41691239","2.288","130.0","","","","1"
"2006-04","Canada","2016A000011124","Energy","2002=100","17","units","0","v41691239","2.288","138.9","","","","1"
"2006-05","Canada","2016A000011124","Energy","2002=100","17","units","0","v41691239","2.288","139.8","","","","1"
"2006-06","Canada","2016A000011124","Energy","2002=100","17","units","0","v41691239","2.288","138.4","","","","1"
"2006-07","Canada","2016A000011124","Energy","2002=100","17","units","0","v41691239","2.288","142.0","","","","1"
"2006-08","Canada","2016A000011124","Energy","2002=100","17","units","0","v41691239","2.288","141.7","","","","1"
"2006-09","Canada","2016A000011124","Energy","2002=100","17","units","0","v41691239","2.288","128.8","","","","1"
"2006-10","Canada","2016A000011124","Energy","2002=100","17","units","0","v41691239","2.288","123.8","","","","1"
"2006-11","Canada","2016A000011124","Energy","2002=100","17","units","0","v41691239","2.288","123.8","","","","1"
"2006-12","Canada","2016A000011124","Energy","2002=100","17","units","0","v41691239","2.288","127.1","","","","1"
"2007-01","Canada","2016A000011124","Energy","2002=100","17","units","0","v41691239","2.288","125.2","","","","1"
"2007-02","Canada","2016A000011124","Energy","2002=100","17","units","0","v41691239","2.288","127.1","","","","1"
"2007-03","Canada","2016A000011124","Energy","2002=100","17","units","0","v41691239","2.288","135.9","","","","1"
"2007-04","Canada","2016A000011124","Energy","2002=100","17","units","0","v41691239","2.288","139.1","","","","1"
"2007-05","Canada","2016A000011124","Energy","2002=100","17","units","0","v41691239","2.288","142.0","","","","1"
"2007-06","Canada","2016A000011124","Energy","2002=100","17","units","0","v41691239","2.288","140.1","","","","1"
"2007-07","Canada","2016A000011124","Energy","2002=100","17","units","0","v41691239","2.288","139.6","","","","1"
"2007-08","Canada","2016A000011124","Energy","2002=100","17","units","0","v41691239","2.288","136.4","","","","1"
"2007-09","Canada","2016A000011124","Energy","2002=100","17","units","0","v41691239","2.288","136.6","","","","1"
"2007-10","Canada","2016A000011124","Energy","2002=100","17","units","0","v41691239","2.288","134.5","","","","1"
"2007-11","Canada","2016A000011124","Energy","2002=100","17","units","0","v41691239","2.288","136.5","","","","1"
"2007-12","Canada","2016A000011124","Energy","2002=100","17","units","0","v41691239","2.288","138.2","","","","1"
"2008-01","Canada","2016A000011124","Energy","2002=100","17","units","0","v41691239","2.288","139.0","","","","1"
"2008-02","Canada","2016A000011124","Energy","2002=100","17","units","0","v41691239","2.288","139.4","","","","1"
"2008-03","Canada","2016A000011124","Energy","2002=100","17","units","0","v41691239","2.288","143.2","","","","1"
"2008-04","Canada","2016A000011124","Energy","2002=100","17","units","0","v41691239","2.288","150.2","","","","1"
"2008-05","Canada","2016A000011124","Energy","2002=100","17","units","0","v41691239","2.288","158.4","","","","1"
"2008-06","Canada","2016A000011124","Energy","2002=100","17","units","0","v41691239","2.288","165.3","","","","1"
"2008-07","Canada","2016A000011124","Energy","2002=100","17","units","0","v41691239","2.288","169.1","","","","1"
"2008-08","Canada","2016A000011124","Energy","2002=100","17","units","0","v41691239","2.288","164.0","","","","1"
"2008-09","Canada","2016A000011124","Energy","2002=100","17","units","0","v41691239","2.288","161.5","","","","1"
"2008-10","Canada","2016A000011124","Energy","2002=100","17","units","0","v41691239","2.288","147.5","","","","1"
"2008-11","Canada","2016A000011124","Energy","2002=100","17","units","0","v41691239","2.288","130.7","","","","1"
"2008-12","Canada","2016A000011124","Energy","2002=100","17","units","0","v41691239","2.288","123.0","","","","1"
"2009-01","Canada","2016A000011124","Energy","2002=100","17","units","0","v41691239","2.288","123.8","","","","1"
"2009-02","Canada","2016A000011124","Energy","2002=100","17","units","0","v41691239","2.288","127.2","","","","1"
"2009-03","Canada","2016A000011124","Energy","2002=100","17","units","0","v41691239","2.288","127.1","","","","1"
"2009-04","Canada","2016A000011124","Energy","2002=100","17","units","0","v41691239","2.288","123.9","","","","1"
"2009-05","Canada","2016A000011124","Energy","2002=100","17","units","0","v41691239","2.288","129.4","","","","1"
"2009-06","Canada","2016A000011124","Energy","2002=100","17","units","0","v41691239","2.288","133.9","","","","1"
"2009-07","Canada","2016A000011124","Energy","2002=100","17","units","0","v41691239","2.288","129.6","","","","1"
"2009-08","Canada","2016A000011124","Energy","2002=100","17","units","0","v41691239","2.288","132.6","","","","1"
"2009-09","Canada","2016A000011124","Energy","2002=100","17","units","0","v41691239","2.288","131.3","","","","1"
"2009-10","Canada","2016A000011124","Energy","2002=100","17","units","0","v41691239","2.288","128.8","","","","1"
"2009-11","Canada","2016A000011124","Energy","2002=100","17","units","0","v41691239","2.288","132.4","","","","1"
"2009-12","Canada","2016A000011124","Energy","2002=100","17","units","0","v41691239","2.288","130.3","","","","1"
"2010-01","Canada","2016A000011124","Energy","2002=100","17","units","0","v41691239","2.288","133.9","","","","1"
"2010-02","Canada","2016A000011124","Energy","2002=100","17","units","0","v41691239","2.288","132.3","","","","1"
"2010-03","Canada","2016A000011124","Energy","2002=100","17","units","0","v41691239","2.288","134.5","","","","1"
"2010-04","Canada","2016A000011124","Energy","2002=100","17","units","0","v41691239","2.288","136.0","","","","1"
"2010-05","Canada","2016A000011124","Energy","2002=100","17","units","0","v41691239","2.288","137.4","","","","1"
"2010-06","Canada","2016A000011124","Energy","2002=100","17","units","0","v41691239","2.288","135.7","","","","1"
"2010-07","Canada","2016A000011124","Energy","2002=100","17","units","0","v41691239","2.288","139.8","","","","1"
"2010-08","Canada","2016A000011124","Energy","2002=100","17","units","0","v41691239","2.288","139.2","","","","1"
"2010-09","Canada","2016A000011124","Energy","2002=100","17","units","0","v41691239","2.288","138.7","","","","1"
"2010-10","Canada","2016A000011124","Energy","2002=100","17","units","0","v41691239","2.288","140.5","","","","1"
"2010-11","Canada","2016A000011124","Energy","2002=100","17","units","0","v41691239","2.288","141.3","","","","1"
"2010-12","Canada","2016A000011124","Energy","2002=100","17","units","0","v41691239","2.288","144.0","","","","1"
"2011-01","Canada","2016A000011124","Energy","2002=100","17","units","0","v41691239","2.288","146.0","","","","1"
"2011-02","Canada","2016A000011124","Energy","2002=100","17","units","0","v41691239","2.288","146.3","","","","1"
"2011-03","Canada","2016A000011124","Energy","2002=100","17","units","0","v41691239","2.288","151.7","","","","1"
"2011-04","Canada","2016A000011124","Energy","2002=100","17","units","0","v41691239","2.288","159.2","","","","1"
"2011-05","Canada","2016A000011124","Energy","2002=100","17","units","0","v41691239","2.288","160.2","","","","1"
"2011-06","Canada","2016A000011124","Energy","2002=100","17","units","0","v41691239","2.288","157.0","","","","1"
"2011-07","Canada","2016A000011124","Energy","2002=100","17","units","0","v41691239","2.288","157.9","","","","1"
"2011-08","Canada","2016A000011124","Energy","2002=100","17","units","0","v41691239","2.288","157.9","","","","1"
"2011-09","Canada","2016A000011124","Energy","2002=100","17","units","0","v41691239","2.288","156.0","","","","1"
"2011-10","Canada","2016A000011124","Energy","2002=100","17","units","0","v41691239","2.288","156.9","","","","1"
"2011-11","Canada","2016A000011124","Energy","2002=100","17","units","0","v41691239","2.288","154.1","","","","1"
"2011-12","Canada","2016A000011124","Energy","2002=100","17","units","0","v41691239","2.288","152.7","","","","1"
"2012-01","Canada","2016A000011124","Energy","2002=100","17","units","0","v41691239","2.288","155.5","","","","1"
"2012-02","Canada","2016A000011124","Energy","2002=100","17","units","0","v41691239","2.288","156.9","","","","1"
"2012-03","Canada","2016A000011124","Energy","2002=100","17","units","0","v41691239","2.288","159.5","","","","1"
"2012-04","Canada","2016A000011124","Energy","2002=100","17","units","0","v41691239","2.288","161.0","","","","1"
"2012-05","Canada","2016A000011124","Energy","2002=100","17","units","0","v41691239","2.288","157.7","","","","1"
"2012-06","Canada","2016A000011124","Energy","2002=100","17","units","0","v41691239","2.288","155.7","","","","1"
"2012-07","Canada","2016A000011124","Energy","2002=100","17","units","0","v41691239","2.288","156.0","","","","1"
"2012-08","Canada","2016A000011124","Energy","2002=100","17","units","0","v41691239","2.288","159.2","","","","1"
"2012-09","Canada","2016A000011124","Energy","2002=100","17","units","0","v41691239","2.288","160.6","","","","1"
"2012-10","Canada","2016A000011124","Energy","2002=100","17","units","0","v41691239","2.288","159.5","","","","1"
"2012-11","Canada","2016A000011124","Energy","2002=100","17","units","0","v41691239","2.288","153.8","","","","1"
"2012-12","Canada","2016A000011124","Energy","2002=100","17","units","0","v41691239","2.288","151.9","","","","1"
"2013-01","Canada","2016A000011124","Energy","2002=100","17","units","0","v41691239","2.288","152.8","","","","1"
"2013-02","Canada","2016A000011124","Energy","2002=100","17","units","0","v41691239","2.288","160.1","","","","1"
"2013-03","Canada","2016A000011124","Energy","2002=100","17","units","0","v41691239","2.288","159.9","","","","1"
"2013-04","Canada","2016A000011124","Energy","2002=100","17","units","0","v41691239","2.288","158.0","","","","1"
"2013-05","Canada","2016A000011124","Energy","2002=100","17","units","0","v41691239","2.288","159.3","","","","1"
"2013-06","Canada","2016A000011124","Energy","2002=100","17","units","0","v41691239","2.288","162.1","","","","1"
"2013-07","Canada","2016A000011124","Energy","2002=100","17","units","0","v41691239","2.288","164.2","","","","1"
"2013-08","Canada","2016A000011124","Energy","2002=100","17","units","0","v41691239","2.288","163.0","","","","1"
"2013-09","Canada","2016A000011124","Energy","2002=100","17","units","0","v41691239","2.288","163.0","","","","1"
"2013-10","Canada","2016A000011124","Energy","2002=100","17","units","0","v41691239","2.288","157.0","","","","1"
"2013-11","Canada","2016A000011124","Energy","2002=100","17","units","0","v41691239","2.288","157.4","","","","1"
"2013-12","Canada","2016A000011124","Energy","2002=100","17","units","0","v41691239","2.288","158.9","","","","1"
"2014-01","Canada","2016A000011124","Energy","2002=100","17","units","0","v41691239","2.288","160.2","","","","1"
"2014-02","Canada","2016A000011124","Energy","2002=100","17","units","0","v41691239","2.288","162.6","","","","1"
"2014-03","Canada","2016A000011124","Energy","2002=100","17","units","0","v41691239","2.288","167.2","","","","1"
"2014-04","Canada","2016A000011124","Energy","2002=100","17","units","0","v41691239","2.288","171.2","","","","1"
"2014-05","Canada","2016A000011124","Energy","2002=100","17","units","0","v41691239","2.288","172.7","","","","1"
"2014-06","Canada","2016A000011124","Energy","2002=100","17","units","0","v41691239","2.288","173.0","","","","1"
"2014-07","Canada","2016A000011124","Energy","2002=100","17","units","0","v41691239","2.288","171.9","","","","1"
"2014-08","Canada","2016A000011124","Energy","2002=100","17","units","0","v41691239","2.288","168.3","","","","1"
"2014-09","Canada","2016A000011124","Energy","2002=100","17","units","0","v41691239","2.288","167.4","","","","1"
"2014-10","Canada","2016A000011124","Energy","2002=100","17","units","0","v41691239","2.288","163.6","","","","1"
"2014-11","Canada","2016A000011124","Energy","2002=100","17","units","0","v41691239","2.288","156.5","","","","1"
"2014-12","Canada","2016A000011124","Energy","2002=100","17","units","0","v41691239","2.288","148.7","","","","1"
"2015-01","Canada","2016A000011124","Energy","2002=100","17","units","0","v41691239","2.288","139.5","","","","1"
"2015-02","Canada","2016A000011124","Energy","2002=100","17","units","0","v41691239","2.288","145.1","","","","1"
"2015-03","Canada","2016A000011124","Energy","2002=100","17","units","0","v41691239","2.288","149.8","","","","1"
"2015-04","Canada","2016A000011124","Energy","2002=100","17","units","0","v41691239","2.288","148.1","","","","1"
"2015-05","Canada","2016A000011124","Energy","2002=100","17","units","0","v41691239","2.288","152.4","","","","1"
"2015-06","Canada","2016A000011124","Energy","2002=100","17","units","0","v41691239","2.288","157.5","","","","1"
"2015-07","Canada","2016A000011124","Energy","2002=100","17","units","0","v41691239","2.288","159.2","","","","1"
"2015-08","Canada","2016A000011124","Energy","2002=100","17","units","0","v41691239","2.288","156.1","","","","1"
"2015-09","Canada","2016A000011124","Energy","2002=100","17","units","0","v41691239","2.288","149.3","","","","1"
"2015-10","Canada","2016A000011124","Energy","2002=100","17","units","0","v41691239","2.288","146.6","","","","1"
"2015-11","Canada","2016A000011124","Energy","2002=100","17","units","0","v41691239","2.288","146.5","","","","1"
"2015-12","Canada","2016A000011124","Energy","2002=100","17","units","0","v41691239","2.288","143.4","","","","1"
"2016-01","Canada","2016A000011124","Energy","2002=100","17","units","0","v41691239","2.288","139.0","","","","1"
"2016-02","Canada","2016A000011124","Energy","2002=100","17","units","0","v41691239","2.288","134.6","","","","1"
"2016-03","Canada","2016A000011124","Energy","2002=100","17","units","0","v41691239","2.288","138.1","","","","1"
"2016-04","Canada","2016A000011124","Energy","2002=100","17","units","0","v41691239","2.288","143.4","","","","1"
"2016-05","Canada","2016A000011124","Energy","2002=100","17","units","0","v41691239","2.288","146.9","","","","1"
"2016-06","Canada","2016A000011124","Energy","2002=100","17","units","0","v41691239","2.288","150.6","","","","1"
"2016-07","Canada","2016A000011124","Energy","2002=100","17","units","0","v41691239","2.288","147.4","","","","1"
"2016-08","Canada","2016A000011124","Energy","2002=100","17","units","0","v41691239","2.288","147.0","","","","1"
"2016-09","Canada","2016A000011124","Energy","2002=100","17","units","0","v41691239","2.288","147.3","","","","1"
"2016-10","Canada","2016A000011124","Energy","2002=100","17","units","0","v41691239","2.288","150.2","","","","1"
"2016-11","Canada","2016A000011124","Energy","2002=100","17","units","0","v41691239","2.288","146.8","","","","1"
"2016-12","Canada","2016A000011124","Energy","2002=100","17","units","0","v41691239","2.288","149.1","","","","1"
"2017-01","Canada","2016A000011124","Energy","2002=100","17","units","0","v41691239","2.288","155.8","","","","1"
"2017-02","Canada","2016A000011124","Energy","2002=100","17","units","0","v41691239","2.288","151.1","","","","1"
"2017-03","Canada","2016A000011124","Energy","2002=100","17","units","0","v41691239","2.288","149.8","","","","1"
"2017-04","Canada","2016A000011124","Energy","2002=100","17","units","0","v41691239","2.288","157.2","","","","1"
"2017-05","Canada","2016A000011124","Energy","2002=100","17","units","0","v41691239","2.288","151.8","","","","1"
"2017-06","Canada","2016A000011124","Energy","2002=100","17","units","0","v41691239","2.288","148.7","","","","1"
"2017-07","Canada","2016A000011124","Energy","2002=100","17","units","0","v41691239","2.288","147.8","","","","1"
"2017-08","Canada","2016A000011124","Energy","2002=100","17","units","0","v41691239","2.288","150.4","","","","1"
"2017-09","Canada","2016A000011124","Energy","2002=100","17","units","0","v41691239","2.288","154.5","","","","1"
"2017-10","Canada","2016A000011124","Energy","2002=100","17","units","0","v41691239","2.288","151.7","","","","1"
"2017-11","Canada","2016A000011124","Energy","2002=100","17","units","0","v41691239","2.288","157.9","","","","1"
"2017-12","Canada","2016A000011124","Energy","2002=100","17","units","0","v41691239","2.288","155.8","","","","1"
"2018-01","Canada","2016A000011124","Energy","2002=100","17","units","0","v41691239","2.288","159.5","","","","1"
"2018-02","Canada","2016A000011124","Energy","2002=100","17","units","0","v41691239","2.288","159.1","","","","1"
"2018-03","Canada","2016A000011124","Energy","2002=100","17","units","0","v41691239","2.288","161.0","","","","1"
"2018-04","Canada","2016A000011124","Energy","2002=100","17","units","0","v41691239","2.288","167.1","","","","1"
"2018-05","Canada","2016A000011124","Energy","2002=100","17","units","0","v41691239","2.288","169.4","","","","1"
"2018-06","Canada","2016A000011124","Energy","2002=100","17","units","0","v41691239","2.288","167.2","","","","1"
"2018-07","Canada","2016A000011124","Energy","2002=100","17","units","0","v41691239","2.288","168.8","","","","1"
"2018-08","Canada","2016A000011124","Energy","2002=100","17","units","0","v41691239","2.288","167.2","","","","1"
"2018-09","Canada","2016A000011124","Energy","2002=100","17","units","0","v41691239","2.288","166.3","","","","1"
"2018-10","Canada","2016A000011124","Energy","2002=100","17","units","0","v41691239","2.288","163.7","","","","1"
"2018-11","Canada","2016A000011124","Energy","2002=100","17","units","0","v41691239","2.288","155.8","","","","1"
"2018-12","Canada","2016A000011124","Energy","2002=100","17","units","0","v41691239","2.288","150.1","","","","1"
"2019-01","Canada","2016A000011124","Energy","2002=100","17","units","0","v41691239","2.288","148.5","","","","1"
"2019-02","Canada","2016A000011124","Energy","2002=100","17","units","0","v41691239","2.288","150.1","","","","1"
"2019-03","Canada","2016A000011124","Energy","2002=100","17","units","0","v41691239","2.288","159.1","","","","1"
"2019-04","Canada","2016A000011124","Energy","2002=100","17","units","0","v41691239","2.288","168.2","","","","1"
"2019-05","Canada","2016A000011124","Energy","2002=100","17","units","0","v41691239","2.288","169.2","","","","1"
"2019-06","Canada","2016A000011124","Energy","2002=100","17","units","0","v41691239","2.288","160.3","","","","1"
"2019-07","Canada","2016A000011124","Energy","2002=100","17","units","0","v41691239","2.288","163.4","","","","1"
"2019-08","Canada","2016A000011124","Energy","2002=100","17","units","0","v41691239","2.288","159.3","","","","1"
"2019-09","Canada","2016A000011124","Energy","2002=100","17","units","0","v41691239","2.288","158.7","","","","1"
"2019-10","Canada","2016A000011124","Energy","2002=100","17","units","0","v41691239","2.288","158.9","","","","1"
"2019-11","Canada","2016A000011124","Energy","2002=100","17","units","0","v41691239","2.288","158.1","","","","1"
"2019-12","Canada","2016A000011124","Energy","2002=100","17","units","0","v41691239","2.288","158.3","","","","1"
"2020-01","Canada","2016A000011124","Energy","2002=100","17","units","0","v41691239","2.288","158.6","","","","1"
"2020-02","Canada","2016A000011124","Energy","2002=100","17","units","0","v41691239","2.288","156.6","","","","1"
"2020-03","Canada","2016A000011124","Energy","2002=100","17","units","0","v41691239","2.288","140.6","","","","1"
"2020-04","Canada","2016A000011124","Energy","2002=100","17","units","0","v41691239","2.288","128.3","","","","1"
"2020-05","Canada","2016A000011124","Energy","2002=100","17","units","0","v41691239","2.288","137.0","","","","1"
"2020-06","Canada","2016A000011124","Energy","2002=100","17","units","0","v41691239","2.288","146.2","","","","1"
"2020-07","Canada","2016A000011124","Energy","2002=100","17","units","0","v41691239","2.288","149.7","","","","1"
"2020-08","Canada","2016A000011124","Energy","2002=100","17","units","0","v41691239","2.288","149.3","","","","1"
"2020-09","Canada","2016A000011124","Energy","2002=100","17","units","0","v41691239","2.288","149.8","","","","1"
"2020-10","Canada","2016A000011124","Energy","2002=100","17","units","0","v41691239","2.288","149.4","","","","1"
"2020-11","Canada","2016A000011124","Energy","2002=100","17","units","0","v41691239","2.288","149.1","","","","1"
"2020-12","Canada","2016A000011124","Energy","2002=100","17","units","0","v41691239","2.288","152.0","","","","1"
"2021-01","Canada","2016A000011124","Energy","2002=100","17","units","0","v41691239","2.288","154.3","","","","1"
"2021-02","Canada","2016A000011124","Energy","2002=100","17","units","0","v41691239","2.288","160.4","","","","1"
"2021-03","Canada","2016A000011124","Energy","2002=100","17","units","0","v41691239","2.288","167.4","","","","1"
"2021-04","Canada","2016A000011124","Energy","2002=100","17","units","0","v41691239","2.288","170.2","","","","1"
"2021-05","Canada","2016A000011124","Energy","2002=100","17","units","0","v41691239","2.288","173.2","","","","1"
"2021-06","Canada","2016A000011124","Energy","2002=100","17","units","0","v41691239","2.288","174.7","","","","1"
"2021-07","Canada","2016A000011124","Energy","2002=100","17","units","0","v41691239","2.288","179.2","","","","1"
"2021-08","Canada","2016A000011124","Energy","2002=100","17","units","0","v41691239","2.288","180.2","","","","1"
"2021-09","Canada","2016A000011124","Energy","2002=100","17","units","0","v41691239","2.288","179.9","","","","1"
"2021-10","Canada","2016A000011124","Energy","2002=100","17","units","0","v41691239","2.288","187.5","","","","1"
"2021-11","Canada","2016A000011124","Energy","2002=100","17","units","0","v41691239","2.288","188.4","","","","1"
"2021-12","Canada","2016A000011124","Energy","2002=100","17","units","0","v41691239","2.288","184.2","","","","1"
"2022-01","Canada","2016A000011124","Energy","2002=100","17","units","0","v41691239","2.288","190.0","","","","1"
"2022-02","Canada","2016A000011124","Energy","2002=100","17","units","0","v41691239","2.288","199.0","","","","1"
"2022-03","Canada","2016A000011124","Energy","2002=100","17","units","0","v41691239","2.288","213.9","","","","1"
"2022-04","Canada","2016A000011124","Energy","2002=100","17","units","0","v41691239","2.288","215.1","","","","1"
"2022-05","Canada","2016A000011124","Energy","2002=100","17","units","0","v41691239","2.288","233.4","","","","1"
"2022-06","Canada","2016A000011124","Energy","2002=100","17","units","0","v41691239","2.288","242.5","","","","1"
"2022-07","Canada","2016A000011124","Energy","2002=100","17","units","0","v41691239","2.288","229.4","","","","1"
"2022-08","Canada","2016A000011124","Energy","2002=100","17","units","0","v41691239","2.288","214.5","","","","1"
"2022-09","Canada","2016A000011124","Energy","2002=100","17","units","0","v41691239","2.288","205.1","","","","1"
"2022-10","Canada","2016A000011124","Energy","2002=100","17","units","0","v41691239","2.288","217.9","","","","1"
"2022-11","Canada","2016A000011124","Energy","2002=100","17","units","0","v41691239","2.288","214.6","","","","1"
"2022-12","Canada","2016A000011124","Energy","2002=100","17","units","0","v41691239","2.288","197.7","","","","1"
"2023-01","Canada","2016A000011124","Energy","2002=100","17","units","0","v41691239","2.288","200.3","","","","1"
"2023-02","Canada","2016A000011124","Energy","2002=100","17","units","0","v41691239","2.288","197.9","","","","1"
"2023-03","Canada","2016A000011124","Energy","2002=100","17","units","0","v41691239","2.288","199.2","","","","1"
"2023-04","Canada","2016A000011124","Energy","2002=100","17","units","0","v41691239","2.288","206.0","","","","1"
"2023-05","Canada","2016A000011124","Energy","2002=100","17","units","0","v41691239","2.288","204.4","","","","1"
"2023-06","Canada","2016A000011124","Energy","2002=100","17","units","0","v41691239","2.288","207.2","","","","1"
"2023-07","Canada","2016A000011124","Energy","2002=100","17","units","0","v41691239","2.288","210.7","","","","1"
"2023-08","Canada","2016A000011124","Energy","2002=100","17","units","0","v41691239","2.288","218.4","","","","1"
"2023-09","Canada","2016A000011124","Energy","2002=100","17","units","0","v41691239","2.288","216.2","","","","1"
"2023-10","Canada","2016A000011124","Energy","2002=100","17","units","0","v41691239","2.288","206.2","","","","1"
"2023-11","Canada","2016A000011124","Energy","2002=100","17","units","0","v41691239","2.288","202.3","","","","1"
"2023-12","Canada","2016A000011124","Energy","2002=100","17","units","0","v41691239","2.288","197.0","","","","1"
"2024-01","Canada","2016A000011124","Energy","2002=100","17","units","0","v41691239","2.288","194.9","","","","1"
"2024-02","Canada","2016A000011124","Energy","2002=100","17","units","0","v41691239","2.288","200.4","","","","1"
"2024-03","Canada","2016A000011124","Energy","2002=100","17","units","0","v41691239","2.288","204.7","","","","1"
"2024-04","Canada","2016A000011124","Energy","2002=100","17","units","0","v41691239","2.288","215.2","","","","1"
"2024-05","Canada","2016A000011124","Energy","2002=100","17","units","0","v41691239","2.288","212.8","","","","1"
"2024-06","Canada","2016A000011124","Energy","2002=100","17","units","0","v41691239","2.288","208.3","","","","1"
"2024-07","Canada","2016A000011124","Energy","2002=100","17","units","0","v41691239","2.288","211.6","","","","1"
"2024-08","Canada","2016A000011124","Energy","2002=100","17","units","0","v41691239","2.288","208.2","","","","1"
"2024-09","Canada","2016A000011124","Energy","2002=100","17","units","0","v41691239","2.288","198.3","","","","1"
"2024-10","Canada","2016A000011124","Energy","2002=100","17","units","0","v41691239","2.288","198.9","","","","1"
"2024-11","Canada","2016A000011124","Energy","2002=100","17","units","0","v41691239","2.288","199.5","","","","1"
"2024-12","Canada","2016A000011124","Energy","2002=100","17","units","0","v41691239","2.288","199.0","","","","1"
"2025-01","Canada","2016A000011124","Energy","2002=100","17","units","0","v41691239","2.288","205.3","","","","1"
"2025-02","Canada","2016A000011124","Energy","2002=100","17","units","0","v41691239","2.288","206.4","","","","1"
"2025-03","Canada","2016A000011124","Energy","2002=100","17","units","0","v41691239","2.288","204.0","","","","1"
"2025-04","Canada","2016A000011124","Energy","2002=100","17","units","0","v41691239","2.288","187.8","","","","1"
"2025-05","Canada","2016A000011124","Energy","2002=100","17","units","0","v41691239","2.288","189.4","","","","1"
"2025-06","Canada","2016A000011124","Energy","2002=100","17","units","0","v41691239","2.288","188.6","","","","1"
"2025-07","Canada","2016A000011124","Energy","2002=100","17","units","0","v41691239","2.288","189.5","","","","1"
"2025-08","Canada","2016A000011124","Energy","2002=100","17","units","0","v41691239","2.288","191.0","","","","1"
"2025-09","Canada","2016A000011124","Energy","2002=100","17","units","0","v41691239","2.288","193.1","","","","1"
"2025-10","Canada","2016A000011124","Energy","2002=100","17","units","0","v41691239","2.288","186.0","","","","1"
"2025-11","Canada","2016A000011124","Energy","2002=100","17","units","0","v41691239","2.288","189.4","","","","1"
"1990-01","Canada","2016A000011124","Goods","2002=100","17","units","0","v41691222","2.274","80.4","","","","1"
"1990-02","Canada","2016A000011124","Goods","2002=100","17","units","0","v41691222","2.274","80.8","","","","1"
"1990-03","Canada","2016A000011124","Goods","2002=100","17","units","0","v41691222","2.274","81.0","","","","1"
"1990-04","Canada","2016A000011124","Goods","2002=100","17","units","0","v41691222","2.274","80.8","","","","1"
"1990-05","Canada","2016A000011124","Goods","2002=100","17","units","0","v41691222","2.274","81.1","","","","1"
"1990-06","Canada","2016A000011124","Goods","2002=100","17","units","0","v41691222","2.274","81.6","","","","1"
"1990-07","Canada","2016A000011124","Goods","2002=100","17","units","0","v41691222","2.274","81.8","","","","1"
"1990-08","Canada","2016A000011124","Goods","2002=100","17","units","0","v41691222","2.274","81.7","","","","1"
"1990-09","Canada","2016A000011124","Goods","2002=100","17","units","0","v41691222","2.274","81.7","","","","1"
"1990-10","Canada","2016A000011124","Goods","2002=100","17","units","0","v41691222","2.274","82.4","","","","1"
"1990-11","Canada","2016A000011124","Goods","2002=100","17","units","0","v41691222","2.274","83.1","","","","1"
"1990-12","Canada","2016A000011124","Goods","2002=100","17","units","0","v41691222","2.274","82.9","","","","1"
"1991-01","Canada","2016A000011124","Goods","2002=100","17","units","0","v41691222","2.274","85.2","","","","1"
"1991-02","Canada","2016A000011124","Goods","2002=100","17","units","0","v41691222","2.274","84.8","","","","1"
"1991-03","Canada","2016A000011124","Goods","2002=100","17","units","0","v41691222","2.274","85.5","","","","1"
"1991-04","Canada","2016A000011124","Goods","2002=100","17","units","0","v41691222","2.274","85.4","","","","1"
"1991-05","Canada","2016A000011124","Goods","2002=100","17","units","0","v41691222","2.274","85.9","","","","1"
"1991-06","Canada","2016A000011124","Goods","2002=100","17","units","0","v41691222","2.274","86.5","","","","1"
"1991-07","Canada","2016A000011124","Goods","2002=100","17","units","0","v41691222","2.274","86.4","","","","1"
"1991-08","Canada","2016A000011124","Goods","2002=100","17","units","0","v41691222","2.274","86.3","","","","1"
"1991-09","Canada","2016A000011124","Goods","2002=100","17","units","0","v41691222","2.274","85.9","","","","1"
"1991-10","Canada","2016A000011124","Goods","2002=100","17","units","0","v41691222","2.274","85.4","","","","1"
"1991-11","Canada","2016A000011124","Goods","2002=100","17","units","0","v41691222","2.274","85.8","","","","1"
"1991-12","Canada","2016A000011124","Goods","2002=100","17","units","0","v41691222","2.274","85.1","","","","1"
"1992-01","Canada","2016A000011124","Goods","2002=100","17","units","0","v41691222","2.274","85.8","","","","1"
"1992-02","Canada","2016A000011124","Goods","2002=100","17","units","0","v41691222","2.274","85.8","","","","1"
"1992-03","Canada","2016A000011124","Goods","2002=100","17","units","0","v41691222","2.274","86.2","","","","1"
"1992-04","Canada","2016A000011124","Goods","2002=100","17","units","0","v41691222","2.274","86.2","","","","1"
"1992-05","Canada","2016A000011124","Goods","2002=100","17","units","0","v41691222","2.274","86.2","","","","1"
"1992-06","Canada","2016A000011124","Goods","2002=100","17","units","0","v41691222","2.274","86.6","","","","1"
"1992-07","Canada","2016A000011124","Goods","2002=100","17","units","0","v41691222","2.274","86.7","","","","1"
"1992-08","Canada","2016A000011124","Goods","2002=100","17","units","0","v41691222","2.274","86.6","","","","1"
"1992-09","Canada","2016A000011124","Goods","2002=100","17","units","0","v41691222","2.274","86.3","","","","1"
"1992-10","Canada","2016A000011124","Goods","2002=100","17","units","0","v41691222","2.274","86.2","","","","1"
"1992-11","Canada","2016A000011124","Goods","2002=100","17","units","0","v41691222","2.274","86.9","","","","1"
"1992-12","Canada","2016A000011124","Goods","2002=100","17","units","0","v41691222","2.274","86.9","","","","1"
"1993-01","Canada","2016A000011124","Goods","2002=100","17","units","0","v41691222","2.274","87.4","","","","1"
"1993-02","Canada","2016A000011124","Goods","2002=100","17","units","0","v41691222","2.274","87.8","","","","1"
"1993-03","Canada","2016A000011124","Goods","2002=100","17","units","0","v41691222","2.274","87.6","","","","1"
"1993-04","Canada","2016A000011124","Goods","2002=100","17","units","0","v41691222","2.274","87.5","","","","1"
"1993-05","Canada","2016A000011124","Goods","2002=100","17","units","0","v41691222","2.274","87.7","","","","1"
"1993-06","Canada","2016A000011124","Goods","2002=100","17","units","0","v41691222","2.274","87.9","","","","1"
"1993-07","Canada","2016A000011124","Goods","2002=100","17","units","0","v41691222","2.274","87.9","","","","1"
"1993-08","Canada","2016A000011124","Goods","2002=100","17","units","0","v41691222","2.274","87.7","","","","1"
"1993-09","Canada","2016A000011124","Goods","2002=100","17","units","0","v41691222","2.274","87.7","","","","1"
"1993-10","Canada","2016A000011124","Goods","2002=100","17","units","0","v41691222","2.274","87.7","","","","1"
"1993-11","Canada","2016A000011124","Goods","2002=100","17","units","0","v41691222","2.274","88.5","","","","1"
"1993-12","Canada","2016A000011124","Goods","2002=100","17","units","0","v41691222","2.274","88.4","","","","1"
"1994-01","Canada","2016A000011124","Goods","2002=100","17","units","0","v41691222","2.274","88.5","","","","1"
"1994-02","Canada","2016A000011124","Goods","2002=100","17","units","0","v41691222","2.274","86.8","","","","1"
"1994-03","Canada","2016A000011124","Goods","2002=100","17","units","0","v41691222","2.274","86.6","","","","1"
"1994-04","Canada","2016A000011124","Goods","2002=100","17","units","0","v41691222","2.274","86.6","","","","1"
"1994-05","Canada","2016A000011124","Goods","2002=100","17","units","0","v41691222","2.274","86.2","","","","1"
"1994-06","Canada","2016A000011124","Goods","2002=100","17","units","0","v41691222","2.274","86.6","","","","1"
"1994-07","Canada","2016A000011124","Goods","2002=100","17","units","0","v41691222","2.274","86.7","","","","1"
"1994-08","Canada","2016A000011124","Goods","2002=100","17","units","0","v41691222","2.274","86.8","","","","1"
"1994-09","Canada","2016A000011124","Goods","2002=100","17","units","0","v41691222","2.274","86.6","","","","1"
"1994-10","Canada","2016A000011124","Goods","2002=100","17","units","0","v41691222","2.274","86.3","","","","1"
"1994-11","Canada","2016A000011124","Goods","2002=100","17","units","0","v41691222","2.274","87.1","","","","1"
"1994-12","Canada","2016A000011124","Goods","2002=100","17","units","0","v41691222","2.274","87.1","","","","1"
"1995-01","Canada","2016A000011124","Goods","2002=100","17","units","0","v41691222","2.274","87.8","","","","1"
"1995-02","Canada","2016A000011124","Goods","2002=100","17","units","0","v41691222","2.274","88.2","","","","1"
"1995-03","Canada","2016A000011124","Goods","2002=100","17","units","0","v41691222","2.274","88.4","","","","1"
"1995-04","Canada","2016A000011124","Goods","2002=100","17","units","0","v41691222","2.274","88.7","","","","1"
"1995-05","Canada","2016A000011124","Goods","2002=100","17","units","0","v41691222","2.274","88.8","","","","1"
"1995-06","Canada","2016A000011124","Goods","2002=100","17","units","0","v41691222","2.274","88.7","","","","1"
"1995-07","Canada","2016A000011124","Goods","2002=100","17","units","0","v41691222","2.274","88.6","","","","1"
"1995-08","Canada","2016A000011124","Goods","2002=100","17","units","0","v41691222","2.274","88.2","","","","1"
"1995-09","Canada","2016A000011124","Goods","2002=100","17","units","0","v41691222","2.274","88.3","","","","1"
"1995-10","Canada","2016A000011124","Goods","2002=100","17","units","0","v41691222","2.274","88.2","","","","1"
"1995-11","Canada","2016A000011124","Goods","2002=100","17","units","0","v41691222","2.274","88.6","","","","1"
"1995-12","Canada","2016A000011124","Goods","2002=100","17","units","0","v41691222","2.274","88.6","","","","1"
"1996-01","Canada","2016A000011124","Goods","2002=100","17","units","0","v41691222","2.274","88.7","","","","1"
"1996-02","Canada","2016A000011124","Goods","2002=100","17","units","0","v41691222","2.274","89.0","","","","1"
"1996-03","Canada","2016A000011124","Goods","2002=100","17","units","0","v41691222","2.274","89.4","","","","1"
"1996-04","Canada","2016A000011124","Goods","2002=100","17","units","0","v41691222","2.274","89.9","","","","1"
"1996-05","Canada","2016A000011124","Goods","2002=100","17","units","0","v41691222","2.274","90.2","","","","1"
"1996-06","Canada","2016A000011124","Goods","2002=100","17","units","0","v41691222","2.274","90.1","","","","1"
"1996-07","Canada","2016A000011124","Goods","2002=100","17","units","0","v41691222","2.274","89.6","","","","1"
"1996-08","Canada","2016A000011124","Goods","2002=100","17","units","0","v41691222","2.274","89.7","","","","1"
"1996-09","Canada","2016A000011124","Goods","2002=100","17","units","0","v41691222","2.274","89.8","","","","1"
"1996-10","Canada","2016A000011124","Goods","2002=100","17","units","0","v41691222","2.274","90.3","","","","1"
"1996-11","Canada","2016A000011124","Goods","2002=100","17","units","0","v41691222","2.274","90.9","","","","1"
"1996-12","Canada","2016A000011124","Goods","2002=100","17","units","0","v41691222","2.274","90.9","","","","1"
"1997-01","Canada","2016A000011124","Goods","2002=100","17","units","0","v41691222","2.274","91.1","","","","1"
"1997-02","Canada","2016A000011124","Goods","2002=100","17","units","0","v41691222","2.274","91.4","","","","1"
"1997-03","Canada","2016A000011124","Goods","2002=100","17","units","0","v41691222","2.274","91.5","","","","1"
"1997-04","Canada","2016A000011124","Goods","2002=100","17","units","0","v41691222","2.274","91.2","","","","1"
"1997-05","Canada","2016A000011124","Goods","2002=100","17","units","0","v41691222","2.274","91.2","","","","1"
"1997-06","Canada","2016A000011124","Goods","2002=100","17","units","0","v41691222","2.274","91.3","","","","1"
"1997-07","Canada","2016A000011124","Goods","2002=100","17","units","0","v41691222","2.274","91.0","","","","1"
"1997-08","Canada","2016A000011124","Goods","2002=100","17","units","0","v41691222","2.274","91.2","","","","1"
"1997-09","Canada","2016A000011124","Goods","2002=100","17","units","0","v41691222","2.274","91.1","","","","1"
"1997-10","Canada","2016A000011124","Goods","2002=100","17","units","0","v41691222","2.274","91.3","","","","1"
"1997-11","Canada","2016A000011124","Goods","2002=100","17","units","0","v41691222","2.274","91.4","","","","1"
"1997-12","Canada","2016A000011124","Goods","2002=100","17","units","0","v41691222","2.274","91.2","","","","1"
"1998-01","Canada","2016A000011124","Goods","2002=100","17","units","0","v41691222","2.274","91.8","","","","1"
"1998-02","Canada","2016A000011124","Goods","2002=100","17","units","0","v41691222","2.274","91.6","","","","1"
"1998-03","Canada","2016A000011124","Goods","2002=100","17","units","0","v41691222","2.274","91.5","","","","1"
"1998-04","Canada","2016A000011124","Goods","2002=100","17","units","0","v41691222","2.274","91.3","","","","1"
"1998-05","Canada","2016A000011124","Goods","2002=100","17","units","0","v41691222","2.274","91.6","","","","1"
"1998-06","Canada","2016A000011124","Goods","2002=100","17","units","0","v41691222","2.274","91.7","","","","1"
"1998-07","Canada","2016A000011124","Goods","2002=100","17","units","0","v41691222","2.274","91.3","","","","1"
"1998-08","Canada","2016A000011124","Goods","2002=100","17","units","0","v41691222","2.274","91.3","","","","1"
"1998-09","Canada","2016A000011124","Goods","2002=100","17","units","0","v41691222","2.274","90.8","","","","1"
"1998-10","Canada","2016A000011124","Goods","2002=100","17","units","0","v41691222","2.274","91.3","","","","1"
"1998-11","Canada","2016A000011124","Goods","2002=100","17","units","0","v41691222","2.274","91.7","","","","1"
"1998-12","Canada","2016A000011124","Goods","2002=100","17","units","0","v41691222","2.274","91.3","","","","1"
"1999-01","Canada","2016A000011124","Goods","2002=100","17","units","0","v41691222","2.274","91.8","","","","1"
"1999-02","Canada","2016A000011124","Goods","2002=100","17","units","0","v41691222","2.274","91.7","","","","1"
"1999-03","Canada","2016A000011124","Goods","2002=100","17","units","0","v41691222","2.274","92.2","","","","1"
"1999-04","Canada","2016A000011124","Goods","2002=100","17","units","0","v41691222","2.274","92.8","","","","1"
"1999-05","Canada","2016A000011124","Goods","2002=100","17","units","0","v41691222","2.274","93.0","","","","1"
"1999-06","Canada","2016A000011124","Goods","2002=100","17","units","0","v41691222","2.274","93.0","","","","1"
"1999-07","Canada","2016A000011124","Goods","2002=100","17","units","0","v41691222","2.274","93.1","","","","1"
"1999-08","Canada","2016A000011124","Goods","2002=100","17","units","0","v41691222","2.274","93.5","","","","1"
"1999-09","Canada","2016A000011124","Goods","2002=100","17","units","0","v41691222","2.274","93.7","","","","1"
"1999-10","Canada","2016A000011124","Goods","2002=100","17","units","0","v41691222","2.274","94.0","","","","1"
"1999-11","Canada","2016A000011124","Goods","2002=100","17","units","0","v41691222","2.274","93.9","","","","1"
"1999-12","Canada","2016A000011124","Goods","2002=100","17","units","0","v41691222","2.274","94.1","","","","1"
"2000-01","Canada","2016A000011124","Goods","2002=100","17","units","0","v41691222","2.274","94.0","","","","1"
"2000-02","Canada","2016A000011124","Goods","2002=100","17","units","0","v41691222","2.274","94.7","","","","1"
"2000-03","Canada","2016A000011124","Goods","2002=100","17","units","0","v41691222","2.274","95.8","","","","1"
"2000-04","Canada","2016A000011124","Goods","2002=100","17","units","0","v41691222","2.274","94.9","","","","1"
"2000-05","Canada","2016A000011124","Goods","2002=100","17","units","0","v41691222","2.274","95.3","","","","1"
"2000-06","Canada","2016A000011124","Goods","2002=100","17","units","0","v41691222","2.274","96.2","","","","1"
"2000-07","Canada","2016A000011124","Goods","2002=100","17","units","0","v41691222","2.274","96.3","","","","1"
"2000-08","Canada","2016A000011124","Goods","2002=100","17","units","0","v41691222","2.274","95.9","","","","1"
"2000-09","Canada","2016A000011124","Goods","2002=100","17","units","0","v41691222","2.274","96.6","","","","1"
"2000-10","Canada","2016A000011124","Goods","2002=100","17","units","0","v41691222","2.274","96.9","","","","1"
"2000-11","Canada","2016A000011124","Goods","2002=100","17","units","0","v41691222","2.274","97.7","","","","1"
"2000-12","Canada","2016A000011124","Goods","2002=100","17","units","0","v41691222","2.274","97.8","","","","1"
"2001-01","Canada","2016A000011124","Goods","2002=100","17","units","0","v41691222","2.274","97.0","","","","1"
"2001-02","Canada","2016A000011124","Goods","2002=100","17","units","0","v41691222","2.274","97.4","","","","1"
"2001-03","Canada","2016A000011124","Goods","2002=100","17","units","0","v41691222","2.274","98.1","","","","1"
"2001-04","Canada","2016A000011124","Goods","2002=100","17","units","0","v41691222","2.274","99.1","","","","1"
"2001-05","Canada","2016A000011124","Goods","2002=100","17","units","0","v41691222","2.274","100.4","","","","1"
"2001-06","Canada","2016A000011124","Goods","2002=100","17","units","0","v41691222","2.274","100.1","","","","1"
"2001-07","Canada","2016A000011124","Goods","2002=100","17","units","0","v41691222","2.274","98.9","","","","1"
"2001-08","Canada","2016A000011124","Goods","2002=100","17","units","0","v41691222","2.274","98.8","","","","1"
"2001-09","Canada","2016A000011124","Goods","2002=100","17","units","0","v41691222","2.274","99.2","","","","1"
"2001-10","Canada","2016A000011124","Goods","2002=100","17","units","0","v41691222","2.274","98.3","","","","1"
"2001-11","Canada","2016A000011124","Goods","2002=100","17","units","0","v41691222","2.274","96.8","","","","1"
"2001-12","Canada","2016A000011124","Goods","2002=100","17","units","0","v41691222","2.274","97.0","","","","1"
"2002-01","Canada","2016A000011124","Goods","2002=100","17","units","0","v41691222","2.274","97.5","","","","1"
"2002-02","Canada","2016A000011124","Goods","2002=100","17","units","0","v41691222","2.274","98.2","","","","1"
"2002-03","Canada","2016A000011124","Goods","2002=100","17","units","0","v41691222","2.274","99.2","","","","1"
"2002-04","Canada","2016A000011124","Goods","2002=100","17","units","0","v41691222","2.274","99.9","","","","1"
"2002-05","Canada","2016A000011124","Goods","2002=100","17","units","0","v41691222","2.274","99.6","","","","1"
"2002-06","Canada","2016A000011124","Goods","2002=100","17","units","0","v41691222","2.274","99.9","","","","1"
"2002-07","Canada","2016A000011124","Goods","2002=100","17","units","0","v41691222","2.274","100.5","","","","1"
"2002-08","Canada","2016A000011124","Goods","2002=100","17","units","0","v41691222","2.274","100.9","","","","1"
"2002-09","Canada","2016A000011124","Goods","2002=100","17","units","0","v41691222","2.274","100.9","","","","1"
"2002-10","Canada","2016A000011124","Goods","2002=100","17","units","0","v41691222","2.274","101.4","","","","1"
"2002-11","Canada","2016A000011124","Goods","2002=100","17","units","0","v41691222","2.274","101.7","","","","1"
"2002-12","Canada","2016A000011124","Goods","2002=100","17","units","0","v41691222","2.274","100.3","","","","1"
"2003-01","Canada","2016A000011124","Goods","2002=100","17","units","0","v41691222","2.274","101.9","","","","1"
"2003-02","Canada","2016A000011124","Goods","2002=100","17","units","0","v41691222","2.274","103.0","","","","1"
"2003-03","Canada","2016A000011124","Goods","2002=100","17","units","0","v41691222","2.274","103.6","","","","1"
"2003-04","Canada","2016A000011124","Goods","2002=100","17","units","0","v41691222","2.274","101.9","","","","1"
"2003-05","Canada","2016A000011124","Goods","2002=100","17","units","0","v41691222","2.274","101.8","","","","1"
"2003-06","Canada","2016A000011124","Goods","2002=100","17","units","0","v41691222","2.274","101.5","","","","1"
"2003-07","Canada","2016A000011124","Goods","2002=100","17","units","0","v41691222","2.274","101.6","","","","1"
"2003-08","Canada","2016A000011124","Goods","2002=100","17","units","0","v41691222","2.274","101.9","","","","1"
"2003-09","Canada","2016A000011124","Goods","2002=100","17","units","0","v41691222","2.274","101.9","","","","1"
"2003-10","Canada","2016A000011124","Goods","2002=100","17","units","0","v41691222","2.274","100.9","","","","1"
"2003-11","Canada","2016A000011124","Goods","2002=100","17","units","0","v41691222","2.274","101.5","","","","1"
"2003-12","Canada","2016A000011124","Goods","2002=100","17","units","0","v41691222","2.274","101.6","","","","1"
"2004-01","Canada","2016A000011124","Goods","2002=100","17","units","0","v41691222","2.274","101.9","","","","1"
"2004-02","Canada","2016A000011124","Goods","2002=100","17","units","0","v41691222","2.274","102.1","","","","1"
"2004-03","Canada","2016A000011124","Goods","2002=100","17","units","0","v41691222","2.274","102.6","","","","1"
"2004-04","Canada","2016A000011124","Goods","2002=100","17","units","0","v41691222","2.274","102.9","","","","1"
"2004-05","Canada","2016A000011124","Goods","2002=100","17","units","0","v41691222","2.274","104.4","","","","1"
"2004-06","Canada","2016A000011124","Goods","2002=100","17","units","0","v41691222","2.274","104.3","","","","1"
"2004-07","Canada","2016A000011124","Goods","2002=100","17","units","0","v41691222","2.274","103.8","","","","1"
"2004-08","Canada","2016A000011124","Goods","2002=100","17","units","0","v41691222","2.274","103.4","","","","1"
"2004-09","Canada","2016A000011124","Goods","2002=100","17","units","0","v41691222","2.274","103.4","","","","1"
"2004-10","Canada","2016A000011124","Goods","2002=100","17","units","0","v41691222","2.274","103.8","","","","1"
"2004-11","Canada","2016A000011124","Goods","2002=100","17","units","0","v41691222","2.274","104.3","","","","1"
"2004-12","Canada","2016A000011124","Goods","2002=100","17","units","0","v41691222","2.274","103.8","","","","1"
"2005-01","Canada","2016A000011124","Goods","2002=100","17","units","0","v41691222","2.274","103.5","","","","1"
"2005-02","Canada","2016A000011124","Goods","2002=100","17","units","0","v41691222","2.274","104.1","","","","1"
"2005-03","Canada","2016A000011124","Goods","2002=100","17","units","0","v41691222","2.274","105.2","","","","1"
"2005-04","Canada","2016A000011124","Goods","2002=100","17","units","0","v41691222","2.274","105.6","","","","1"
"2005-05","Canada","2016A000011124","Goods","2002=100","17","units","0","v41691222","2.274","105.3","","","","1"
"2005-06","Canada","2016A000011124","Goods","2002=100","17","units","0","v41691222","2.274","105.5","","","","1"
"2005-07","Canada","2016A000011124","Goods","2002=100","17","units","0","v41691222","2.274","105.7","","","","1"
"2005-08","Canada","2016A000011124","Goods","2002=100","17","units","0","v41691222","2.274","106.6","","","","1"
"2005-09","Canada","2016A000011124","Goods","2002=100","17","units","0","v41691222","2.274","108.2","","","","1"
"2005-10","Canada","2016A000011124","Goods","2002=100","17","units","0","v41691222","2.274","106.9","","","","1"
"2005-11","Canada","2016A000011124","Goods","2002=100","17","units","0","v41691222","2.274","106.4","","","","1"
"2005-12","Canada","2016A000011124","Goods","2002=100","17","units","0","v41691222","2.274","106.0","","","","1"
"2006-01","Canada","2016A000011124","Goods","2002=100","17","units","0","v41691222","2.274","107.3","","","","1"
"2006-02","Canada","2016A000011124","Goods","2002=100","17","units","0","v41691222","2.274","106.4","","","","1"
"2006-03","Canada","2016A000011124","Goods","2002=100","17","units","0","v41691222","2.274","107.2","","","","1"
"2006-04","Canada","2016A000011124","Goods","2002=100","17","units","0","v41691222","2.274","108.1","","","","1"
"2006-05","Canada","2016A000011124","Goods","2002=100","17","units","0","v41691222","2.274","108.4","","","","1"
"2006-06","Canada","2016A000011124","Goods","2002=100","17","units","0","v41691222","2.274","107.9","","","","1"
"2006-07","Canada","2016A000011124","Goods","2002=100","17","units","0","v41691222","2.274","108.1","","","","1"
"2006-08","Canada","2016A000011124","Goods","2002=100","17","units","0","v41691222","2.274","108.1","","","","1"
"2006-09","Canada","2016A000011124","Goods","2002=100","17","units","0","v41691222","2.274","106.4","","","","1"
"2006-10","Canada","2016A000011124","Goods","2002=100","17","units","0","v41691222","2.274","105.6","","","","1"
"2006-11","Canada","2016A000011124","Goods","2002=100","17","units","0","v41691222","2.274","106.1","","","","1"
"2006-12","Canada","2016A000011124","Goods","2002=100","17","units","0","v41691222","2.274","106.1","","","","1"
"2007-01","Canada","2016A000011124","Goods","2002=100","17","units","0","v41691222","2.274","106.3","","","","1"
"2007-02","Canada","2016A000011124","Goods","2002=100","17","units","0","v41691222","2.274","107.4","","","","1"
"2007-03","Canada","2016A000011124","Goods","2002=100","17","units","0","v41691222","2.274","108.8","","","","1"
"2007-04","Canada","2016A000011124","Goods","2002=100","17","units","0","v41691222","2.274","109.2","","","","1"
"2007-05","Canada","2016A000011124","Goods","2002=100","17","units","0","v41691222","2.274","109.6","","","","1"
"2007-06","Canada","2016A000011124","Goods","2002=100","17","units","0","v41691222","2.274","108.9","","","","1"
"2007-07","Canada","2016A000011124","Goods","2002=100","17","units","0","v41691222","2.274","108.6","","","","1"
"2007-08","Canada","2016A000011124","Goods","2002=100","17","units","0","v41691222","2.274","107.7","","","","1"
"2007-09","Canada","2016A000011124","Goods","2002=100","17","units","0","v41691222","2.274","107.8","","","","1"
"2007-10","Canada","2016A000011124","Goods","2002=100","17","units","0","v41691222","2.274","107.1","","","","1"
"2007-11","Canada","2016A000011124","Goods","2002=100","17","units","0","v41691222","2.274","107.6","","","","1"
"2007-12","Canada","2016A000011124","Goods","2002=100","17","units","0","v41691222","2.274","107.4","","","","1"
"2008-01","Canada","2016A000011124","Goods","2002=100","17","units","0","v41691222","2.274","107.3","","","","1"
"2008-02","Canada","2016A000011124","Goods","2002=100","17","units","0","v41691222","2.274","107.4","","","","1"
"2008-03","Canada","2016A000011124","Goods","2002=100","17","units","0","v41691222","2.274","108.1","","","","1"
"2008-04","Canada","2016A000011124","Goods","2002=100","17","units","0","v41691222","2.274","109.2","","","","1"
"2008-05","Canada","2016A000011124","Goods","2002=100","17","units","0","v41691222","2.274","110.4","","","","1"
"2008-06","Canada","2016A000011124","Goods","2002=100","17","units","0","v41691222","2.274","111.6","","","","1"
"2008-07","Canada","2016A000011124","Goods","2002=100","17","units","0","v41691222","2.274","112.1","","","","1"
"2008-08","Canada","2016A000011124","Goods","2002=100","17","units","0","v41691222","2.274","111.5","","","","1"
"2008-09","Canada","2016A000011124","Goods","2002=100","17","units","0","v41691222","2.274","111.5","","","","1"
"2008-10","Canada","2016A000011124","Goods","2002=100","17","units","0","v41691222","2.274","108.9","","","","1"
"2008-11","Canada","2016A000011124","Goods","2002=100","17","units","0","v41691222","2.274","108.1","","","","1"
"2008-12","Canada","2016A000011124","Goods","2002=100","17","units","0","v41691222","2.274","106.5","","","","1"
"2009-01","Canada","2016A000011124","Goods","2002=100","17","units","0","v41691222","2.274","106.2","","","","1"
"2009-02","Canada","2016A000011124","Goods","2002=100","17","units","0","v41691222","2.274","107.3","","","","1"
"2009-03","Canada","2016A000011124","Goods","2002=100","17","units","0","v41691222","2.274","107.6","","","","1"
"2009-04","Canada","2016A000011124","Goods","2002=100","17","units","0","v41691222","2.274","107.0","","","","1"
"2009-05","Canada","2016A000011124","Goods","2002=100","17","units","0","v41691222","2.274","108.1","","","","1"
"2009-06","Canada","2016A000011124","Goods","2002=100","17","units","0","v41691222","2.274","108.6","","","","1"
"2009-07","Canada","2016A000011124","Goods","2002=100","17","units","0","v41691222","2.274","107.7","","","","1"
"2009-08","Canada","2016A000011124","Goods","2002=100","17","units","0","v41691222","2.274","107.8","","","","1"
"2009-09","Canada","2016A000011124","Goods","2002=100","17","units","0","v41691222","2.274","107.4","","","","1"
"2009-10","Canada","2016A000011124","Goods","2002=100","17","units","0","v41691222","2.274","107.0","","","","1"
"2009-11","Canada","2016A000011124","Goods","2002=100","17","units","0","v41691222","2.274","108.6","","","","1"
"2009-12","Canada","2016A000011124","Goods","2002=100","17","units","0","v41691222","2.274","107.6","","","","1"
"2010-01","Canada","2016A000011124","Goods","2002=100","17","units","0","v41691222","2.274","108.4","","","","1"
"2010-02","Canada","2016A000011124","Goods","2002=100","17","units","0","v41691222","2.274","108.5","","","","1"
"2010-03","Canada","2016A000011124","Goods","2002=100","17","units","0","v41691222","2.274","109.0","","","","1"
"2010-04","Canada","2016A000011124","Goods","2002=100","17","units","0","v41691222","2.274","109.4","","","","1"
"2010-05","Canada","2016A000011124","Goods","2002=100","17","units","0","v41691222","2.274","109.4","","","","1"
"2010-06","Canada","2016A000011124","Goods","2002=100","17","units","0","v41691222","2.274","108.7","","","","1"
"2010-07","Canada","2016A000011124","Goods","2002=100","17","units","0","v41691222","2.274","109.1","","","","1"
"2010-08","Canada","2016A000011124","Goods","2002=100","17","units","0","v41691222","2.274","109.1","","","","1"
"2010-09","Canada","2016A000011124","Goods","2002=100","17","units","0","v41691222","2.274","109.2","","","","1"
"2010-10","Canada","2016A000011124","Goods","2002=100","17","units","0","v41691222","2.274","109.7","","","","1"
"2010-11","Canada","2016A000011124","Goods","2002=100","17","units","0","v41691222","2.274","110.1","","","","1"
"2010-12","Canada","2016A000011124","Goods","2002=100","17","units","0","v41691222","2.274","110.0","","","","1"
"2011-01","Canada","2016A000011124","Goods","2002=100","17","units","0","v41691222","2.274","110.5","","","","1"
"2011-02","Canada","2016A000011124","Goods","2002=100","17","units","0","v41691222","2.274","110.8","","","","1"
"2011-03","Canada","2016A000011124","Goods","2002=100","17","units","0","v41691222","2.274","113.0","","","","1"
"2011-04","Canada","2016A000011124","Goods","2002=100","17","units","0","v41691222","2.274","113.7","","","","1"
"2011-05","Canada","2016A000011124","Goods","2002=100","17","units","0","v41691222","2.274","114.4","","","","1"
"2011-06","Canada","2016A000011124","Goods","2002=100","17","units","0","v41691222","2.274","112.8","","","","1"
"2011-07","Canada","2016A000011124","Goods","2002=100","17","units","0","v41691222","2.274","112.9","","","","1"
"2011-08","Canada","2016A000011124","Goods","2002=100","17","units","0","v41691222","2.274","113.2","","","","1"
"2011-09","Canada","2016A000011124","Goods","2002=100","17","units","0","v41691222","2.274","113.5","","","","1"
"2011-10","Canada","2016A000011124","Goods","2002=100","17","units","0","v41691222","2.274","113.9","","","","1"
"2011-11","Canada","2016A000011124","Goods","2002=100","17","units","0","v41691222","2.274","113.8","","","","1"
"2011-12","Canada","2016A000011124","Goods","2002=100","17","units","0","v41691222","2.274","112.6","","","","1"
"2012-01","Canada","2016A000011124","Goods","2002=100","17","units","0","v41691222","2.274","113.6","","","","1"
"2012-02","Canada","2016A000011124","Goods","2002=100","17","units","0","v41691222","2.274","114.1","","","","1"
"2012-03","Canada","2016A000011124","Goods","2002=100","17","units","0","v41691222","2.274","114.8","","","","1"
"2012-04","Canada","2016A000011124","Goods","2002=100","17","units","0","v41691222","2.274","115.3","","","","1"
"2012-05","Canada","2016A000011124","Goods","2002=100","17","units","0","v41691222","2.274","114.7","","","","1"
"2012-06","Canada","2016A000011124","Goods","2002=100","17","units","0","v41691222","2.274","113.5","","","","1"
"2012-07","Canada","2016A000011124","Goods","2002=100","17","units","0","v41691222","2.274","113.2","","","","1"
"2012-08","Canada","2016A000011124","Goods","2002=100","17","units","0","v41691222","2.274","114.0","","","","1"
"2012-09","Canada","2016A000011124","Goods","2002=100","17","units","0","v41691222","2.274","114.2","","","","1"
"2012-10","Canada","2016A000011124","Goods","2002=100","17","units","0","v41691222","2.274","114.5","","","","1"
"2012-11","Canada","2016A000011124","Goods","2002=100","17","units","0","v41691222","2.274","113.8","","","","1"
"2012-12","Canada","2016A000011124","Goods","2002=100","17","units","0","v41691222","2.274","112.6","","","","1"
"2013-01","Canada","2016A000011124","Goods","2002=100","17","units","0","v41691222","2.274","112.9","","","","1"
"2013-02","Canada","2016A000011124","Goods","2002=100","17","units","0","v41691222","2.274","115.2","","","","1"
"2013-03","Canada","2016A000011124","Goods","2002=100","17","units","0","v41691222","2.274","115.4","","","","1"
"2013-04","Canada","2016A000011124","Goods","2002=100","17","units","0","v41691222","2.274","114.9","","","","1"
"2013-05","Canada","2016A000011124","Goods","2002=100","17","units","0","v41691222","2.274","115.0","","","","1"
"2013-06","Canada","2016A000011124","Goods","2002=100","17","units","0","v41691222","2.274","114.8","","","","1"
"2013-07","Canada","2016A000011124","Goods","2002=100","17","units","0","v41691222","2.274","114.7","","","","1"
"2013-08","Canada","2016A000011124","Goods","2002=100","17","units","0","v41691222","2.274","114.7","","","","1"
"2013-09","Canada","2016A000011124","Goods","2002=100","17","units","0","v41691222","2.274","114.8","","","","1"
"2013-10","Canada","2016A000011124","Goods","2002=100","17","units","0","v41691222","2.274","114.3","","","","1"
"2013-11","Canada","2016A000011124","Goods","2002=100","17","units","0","v41691222","2.274","114.3","","","","1"
"2013-12","Canada","2016A000011124","Goods","2002=100","17","units","0","v41691222","2.274","113.8","","","","1"
"2014-01","Canada","2016A000011124","Goods","2002=100","17","units","0","v41691222","2.274","114.2","","","","1"
"2014-02","Canada","2016A000011124","Goods","2002=100","17","units","0","v41691222","2.274","115.6","","","","1"
"2014-03","Canada","2016A000011124","Goods","2002=100","17","units","0","v41691222","2.274","117.0","","","","1"
"2014-04","Canada","2016A000011124","Goods","2002=100","17","units","0","v41691222","2.274","117.5","","","","1"
"2014-05","Canada","2016A000011124","Goods","2002=100","17","units","0","v41691222","2.274","117.9","","","","1"
"2014-06","Canada","2016A000011124","Goods","2002=100","17","units","0","v41691222","2.274","117.8","","","","1"
"2014-07","Canada","2016A000011124","Goods","2002=100","17","units","0","v41691222","2.274","117.1","","","","1"
"2014-08","Canada","2016A000011124","Goods","2002=100","17","units","0","v41691222","2.274","116.7","","","","1"
"2014-09","Canada","2016A000011124","Goods","2002=100","17","units","0","v41691222","2.274","116.9","","","","1"
"2014-10","Canada","2016A000011124","Goods","2002=100","17","units","0","v41691222","2.274","116.9","","","","1"
"2014-11","Canada","2016A000011124","Goods","2002=100","17","units","0","v41691222","2.274","116.2","","","","1"
"2014-12","Canada","2016A000011124","Goods","2002=100","17","units","0","v41691222","2.274","114.6","","","","1"
"2015-01","Canada","2016A000011124","Goods","2002=100","17","units","0","v41691222","2.274","114.0","","","","1"
"2015-02","Canada","2016A000011124","Goods","2002=100","17","units","0","v41691222","2.274","115.3","","","","1"
"2015-03","Canada","2016A000011124","Goods","2002=100","17","units","0","v41691222","2.274","117.0","","","","1"
"2015-04","Canada","2016A000011124","Goods","2002=100","17","units","0","v41691222","2.274","116.7","","","","1"
"2015-05","Canada","2016A000011124","Goods","2002=100","17","units","0","v41691222","2.274","117.6","","","","1"
"2015-06","Canada","2016A000011124","Goods","2002=100","17","units","0","v41691222","2.274","118.0","","","","1"
"2015-07","Canada","2016A000011124","Goods","2002=100","17","units","0","v41691222","2.274","117.9","","","","1"
"2015-08","Canada","2016A000011124","Goods","2002=100","17","units","0","v41691222","2.274","117.5","","","","1"
"2015-09","Canada","2016A000011124","Goods","2002=100","17","units","0","v41691222","2.274","116.8","","","","1"
"2015-10","Canada","2016A000011124","Goods","2002=100","17","units","0","v41691222","2.274","117.1","","","","1"
"2015-11","Canada","2016A000011124","Goods","2002=100","17","units","0","v41691222","2.274","117.3","","","","1"
"2015-12","Canada","2016A000011124","Goods","2002=100","17","units","0","v41691222","2.274","116.3","","","","1"
"2016-01","Canada","2016A000011124","Goods","2002=100","17","units","0","v41691222","2.274","116.6","","","","1"
"2016-02","Canada","2016A000011124","Goods","2002=100","17","units","0","v41691222","2.274","116.5","","","","1"
"2016-03","Canada","2016A000011124","Goods","2002=100","17","units","0","v41691222","2.274","117.8","","","","1"
"2016-04","Canada","2016A000011124","Goods","2002=100","17","units","0","v41691222","2.274","118.6","","","","1"
"2016-05","Canada","2016A000011124","Goods","2002=100","17","units","0","v41691222","2.274","118.9","","","","1"
"2016-06","Canada","2016A000011124","Goods","2002=100","17","units","0","v41691222","2.274","119.1","","","","1"
"2016-07","Canada","2016A000011124","Goods","2002=100","17","units","0","v41691222","2.274","118.2","","","","1"
"2016-08","Canada","2016A000011124","Goods","2002=100","17","units","0","v41691222","2.274","117.9","","","","1"
"2016-09","Canada","2016A000011124","Goods","2002=100","17","units","0","v41691222","2.274","117.8","","","","1"
"2016-10","Canada","2016A000011124","Goods","2002=100","17","units","0","v41691222","2.274","118.3","","","","1"
"2016-11","Canada","2016A000011124","Goods","2002=100","17","units","0","v41691222","2.274","117.6","","","","1"
"2016-12","Canada","2016A000011124","Goods","2002=100","17","units","0","v41691222","2.274","117.4","","","","1"
"2017-01","Canada","2016A000011124","Goods","2002=100","17","units","0","v41691222","2.274","118.9","","","","1"
"2017-02","Canada","2016A000011124","Goods","2002=100","17","units","0","v41691222","2.274","118.7","","","","1"
"2017-03","Canada","2016A000011124","Goods","2002=100","17","units","0","v41691222","2.274","118.8","","","","1"
"2017-04","Canada","2016A000011124","Goods","2002=100","17","units","0","v41691222","2.274","119.5","","","","1"
"2017-05","Canada","2016A000011124","Goods","2002=100","17","units","0","v41691222","2.274","119.0","","","","1"
"2017-06","Canada","2016A000011124","Goods","2002=100","17","units","0","v41691222","2.274","118.5","","","","1"
"2017-07","Canada","2016A000011124","Goods","2002=100","17","units","0","v41691222","2.274","118.3","","","","1"
"2017-08","Canada","2016A000011124","Goods","2002=100","17","units","0","v41691222","2.274","118.4","","","","1"
"2017-09","Canada","2016A000011124","Goods","2002=100","17","units","0","v41691222","2.274","118.8","","","","1"
"2017-10","Canada","2016A000011124","Goods","2002=100","17","units","0","v41691222","2.274","118.8","","","","1"
"2017-11","Canada","2016A000011124","Goods","2002=100","17","units","0","v41691222","2.274","119.9","","","","1"
"2017-12","Canada","2016A000011124","Goods","2002=100","17","units","0","v41691222","2.274","119.4","","","","1"
"2018-01","Canada","2016A000011124","Goods","2002=100","17","units","0","v41691222","2.274","120.2","","","","1"
"2018-02","Canada","2016A000011124","Goods","2002=100","17","units","0","v41691222","2.274","120.7","","","","1"
"2018-03","Canada","2016A000011124","Goods","2002=100","17","units","0","v41691222","2.274","120.9","","","","1"
"2018-04","Canada","2016A000011124","Goods","2002=100","17","units","0","v41691222","2.274","122.0","","","","1"
"2018-05","Canada","2016A000011124","Goods","2002=100","17","units","0","v41691222","2.274","121.6","","","","1"
"2018-06","Canada","2016A000011124","Goods","2002=100","17","units","0","v41691222","2.274","121.7","","","","1"
"2018-07","Canada","2016A000011124","Goods","2002=100","17","units","0","v41691222","2.274","121.6","","","","1"
"2018-08","Canada","2016A000011124","Goods","2002=100","17","units","0","v41691222","2.274","121.4","","","","1"
"2018-09","Canada","2016A000011124","Goods","2002=100","17","units","0","v41691222","2.274","121.1","","","","1"
"2018-10","Canada","2016A000011124","Goods","2002=100","17","units","0","v41691222","2.274","121.4","","","","1"
"2018-11","Canada","2016A000011124","Goods","2002=100","17","units","0","v41691222","2.274","120.5","","","","1"
"2018-12","Canada","2016A000011124","Goods","2002=100","17","units","0","v41691222","2.274","119.6","","","","1"
"2019-01","Canada","2016A000011124","Goods","2002=100","17","units","0","v41691222","2.274","120.0","","","","1"
"2019-02","Canada","2016A000011124","Goods","2002=100","17","units","0","v41691222","2.274","121.4","","","","1"
"2019-03","Canada","2016A000011124","Goods","2002=100","17","units","0","v41691222","2.274","122.7","","","","1"
"2019-04","Canada","2016A000011124","Goods","2002=100","17","units","0","v41691222","2.274","123.7","","","","1"
"2019-05","Canada","2016A000011124","Goods","2002=100","17","units","0","v41691222","2.274","123.9","","","","1"
"2019-06","Canada","2016A000011124","Goods","2002=100","17","units","0","v41691222","2.274","122.8","","","","1"
"2019-07","Canada","2016A000011124","Goods","2002=100","17","units","0","v41691222","2.274","123.2","","","","1"
"2019-08","Canada","2016A000011124","Goods","2002=100","17","units","0","v41691222","2.274","122.5","","","","1"
"2019-09","Canada","2016A000011124","Goods","2002=100","17","units","0","v41691222","2.274","122.7","","","","1"
"2019-10","Canada","2016A000011124","Goods","2002=100","17","units","0","v41691222","2.274","123.0","","","","1"
"2019-11","Canada","2016A000011124","Goods","2002=100","17","units","0","v41691222","2.274","123.3","","","","1"
"2019-12","Canada","2016A000011124","Goods","2002=100","17","units","0","v41691222","2.274","122.6","","","","1"
"2020-01","Canada","2016A000011124","Goods","2002=100","17","units","0","v41691222","2.274","123.7","","","","1"
"2020-02","Canada","2016A000011124","Goods","2002=100","17","units","0","v41691222","2.274","123.9","","","","1"
"2020-03","Canada","2016A000011124","Goods","2002=100","17","units","0","v41691222","2.274","122.0","","","","1"
"2020-04","Canada","2016A000011124","Goods","2002=100","17","units","0","v41691222","2.274","120.2","","","","1"
"2020-05","Canada","2016A000011124","Goods","2002=100","17","units","0","v41691222","2.274","121.0","","","","1"
"2020-06","Canada","2016A000011124","Goods","2002=100","17","units","0","v41691222","2.274","122.6","","","","1"
"2020-07","Canada","2016A000011124","Goods","2002=100","17","units","0","v41691222","2.274","122.9","","","","1"
"2020-08","Canada","2016A000011124","Goods","2002=100","17","units","0","v41691222","2.274","122.3","","","","1"
"2020-09","Canada","2016A000011124","Goods","2002=100","17","units","0","v41691222","2.274","122.2","","","","1"
"2020-10","Canada","2016A000011124","Goods","2002=100","17","units","0","v41691222","2.274","122.9","","","","1"
"2020-11","Canada","2016A000011124","Goods","2002=100","17","units","0","v41691222","2.274","123.2","","","","1"
"2020-12","Canada","2016A000011124","Goods","2002=100","17","units","0","v41691222","2.274","122.5","","","","1"
"2021-01","Canada","2016A000011124","Goods","2002=100","17","units","0","v41691222","2.274","123.8","","","","1"
"2021-02","Canada","2016A000011124","Goods","2002=100","17","units","0","v41691222","2.274","125.2","","","","1"
"2021-03","Canada","2016A000011124","Goods","2002=100","17","units","0","v41691222","2.274","126.2","","","","1"
"2021-04","Canada","2016A000011124","Goods","2002=100","17","units","0","v41691222","2.274","126.8","","","","1"
"2021-05","Canada","2016A000011124","Goods","2002=100","17","units","0","v41691222","2.274","127.9","","","","1"
"2021-06","Canada","2016A000011124","Goods","2002=100","17","units","0","v41691222","2.274","128.1","","","","1"
"2021-07","Canada","2016A000011124","Goods","2002=100","17","units","0","v41691222","2.274","129.1","","","","1"
"2021-08","Canada","2016A000011124","Goods","2002=100","17","units","0","v41691222","2.274","129.4","","","","1"
"2021-09","Canada","2016A000011124","Goods","2002=100","17","units","0","v41691222","2.274","129.6","","","","1"
"2021-10","Canada","2016A000011124","Goods","2002=100","17","units","0","v41691222","2.274","130.9","","","","1"
"2021-11","Canada","2016A000011124","Goods","2002=100","17","units","0","v41691222","2.274","131.7","","","","1"
"2021-12","Canada","2016A000011124","Goods","2002=100","17","units","0","v41691222","2.274","130.8","","","","1"
"2022-01","Canada","2016A000011124","Goods","2002=100","17","units","0","v41691222","2.274","132.7","","","","1"
"2022-02","Canada","2016A000011124","Goods","2002=100","17","units","0","v41691222","2.274","134.7","","","","1"
"2022-03","Canada","2016A000011124","Goods","2002=100","17","units","0","v41691222","2.274","137.8","","","","1"
"2022-04","Canada","2016A000011124","Goods","2002=100","17","units","0","v41691222","2.274","138.3","","","","1"
"2022-05","Canada","2016A000011124","Goods","2002=100","17","units","0","v41691222","2.274","141.2","","","","1"
"2022-06","Canada","2016A000011124","Goods","2002=100","17","units","0","v41691222","2.274","142.4","","","","1"
"2022-07","Canada","2016A000011124","Goods","2002=100","17","units","0","v41691222","2.274","141.5","","","","1"
"2022-08","Canada","2016A000011124","Goods","2002=100","17","units","0","v41691222","2.274","140.4","","","","1"
"2022-09","Canada","2016A000011124","Goods","2002=100","17","units","0","v41691222","2.274","140.2","","","","1"
"2022-10","Canada","2016A000011124","Goods","2002=100","17","units","0","v41691222","2.274","141.9","","","","1"
"2022-11","Canada","2016A000011124","Goods","2002=100","17","units","0","v41691222","2.274","142.2","","","","1"
"2022-12","Canada","2016A000011124","Goods","2002=100","17","units","0","v41691222","2.274","139.8","","","","1"
"2023-01","Canada","2016A000011124","Goods","2002=100","17","units","0","v41691222","2.274","141.2","","","","1"
"2023-02","Canada","2016A000011124","Goods","2002=100","17","units","0","v41691222","2.274","141.8","","","","1"
"2023-03","Canada","2016A000011124","Goods","2002=100","17","units","0","v41691222","2.274","142.7","","","","1"
"2023-04","Canada","2016A000011124","Goods","2002=100","17","units","0","v41691222","2.274","143.9","","","","1"
"2023-05","Canada","2016A000011124","Goods","2002=100","17","units","0","v41691222","2.274","144.1","","","","1"
"2023-06","Canada","2016A000011124","Goods","2002=100","17","units","0","v41691222","2.274","144.4","","","","1"
"2023-07","Canada","2016A000011124","Goods","2002=100","17","units","0","v41691222","2.274","144.7","","","","1"
"2023-08","Canada","2016A000011124","Goods","2002=100","17","units","0","v41691222","2.274","145.6","","","","1"
"2023-09","Canada","2016A000011124","Goods","2002=100","17","units","0","v41691222","2.274","145.2","","","","1"
"2023-10","Canada","2016A000011124","Goods","2002=100","17","units","0","v41691222","2.274","144.1","","","","1"
"2023-11","Canada","2016A000011124","Goods","2002=100","17","units","0","v41691222","2.274","144.2","","","","1"
"2023-12","Canada","2016A000011124","Goods","2002=100","17","units","0","v41691222","2.274","143.1","","","","1"
"2024-01","Canada","2016A000011124","Goods","2002=100","17","units","0","v41691222","2.274","143.1","","","","1"
"2024-02","Canada","2016A000011124","Goods","2002=100","17","units","0","v41691222","2.274","143.5","","","","1"
"2024-03","Canada","2016A000011124","Goods","2002=100","17","units","0","v41691222","2.274","144.2","","","","1"
"2024-04","Canada","2016A000011124","Goods","2002=100","17","units","0","v41691222","2.274","145.4","","","","1"
"2024-05","Canada","2016A000011124","Goods","2002=100","17","units","0","v41691222","2.274","145.5","","","","1"
"2024-06","Canada","2016A000011124","Goods","2002=100","17","units","0","v41691222","2.274","144.8","","","","1"
"2024-07","Canada","2016A000011124","Goods","2002=100","17","units","0","v41691222","2.274","145.1","","","","1"
"2024-08","Canada","2016A000011124","Goods","2002=100","17","units","0","v41691222","2.274","144.6","","","","1"
"2024-09","Canada","2016A000011124","Goods","2002=100","17","units","0","v41691222","2.274","143.7","","","","1"
"2024-10","Canada","2016A000011124","Goods","2002=100","17","units","0","v41691222","2.274","144.2","","","","1"
"2024-11","Canada","2016A000011124","Goods","2002=100","17","units","0","v41691222","2.274","144.2","","","","1"
"2024-12","Canada","2016A000011124","Goods","2002=100","17","units","0","v41691222","2.274","142.9","","","","1"
"2025-01","Canada","2016A000011124","Goods","2002=100","17","units","0","v41691222","2.274","144.4","","","","1"
"2025-02","Canada","2016A000011124","Goods","2002=100","17","units","0","v41691222","2.274","145.6","","","","1"
"2025-03","Canada","2016A000011124","Goods","2002=100","17","units","0","v41691222","2.274","146.1","","","","1"
"2025-04","Canada","2016A000011124","Goods","2002=100","17","units","0","v41691222","2.274","144.7","","","","1"
"2025-05","Canada","2016A000011124","Goods","2002=100","17","units","0","v41691222","2.274","145.4","","","","1"
"2025-06","Canada","2016A000011124","Goods","2002=100","17","units","0","v41691222","2.274","145.5","","","","1"
"2025-07","Canada","2016A000011124","Goods","2002=100","17","units","0","v41691222","2.274","145.6","","","","1"
"2025-08","Canada","2016A000011124","Goods","2002=100","17","units","0","v41691222","2.274","145.6","","","","1"
"2025-09","Canada","2016A000011124","Goods","2002=100","17","units","0","v41691222","2.274","146.0","","","","1"
"2025-10","Canada","2016A000011124","Goods","2002=100","17","units","0","v41691222","2.274","145.5","","","","1"
"2025-11","Canada","2016A000011124","Goods","2002=100","17","units","0","v41691222","2.274","146.4","","","","1"
"1990-01","Canada","2016A000011124","Services","2002=100","17","units","0","v41691230","2.282","72.9","","","","1"
"1990-02","Canada","2016A000011124","Services","2002=100","17","units","0","v41691230","2.282","73.3","","","","1"
"1990-03","Canada","2016A000011124","Services","2002=100","17","units","0","v41691230","2.282","73.7","","","","1"
"1990-04","Canada","2016A000011124","Services","2002=100","17","units","0","v41691230","2.282","74.0","","","","1"
"1990-05","Canada","2016A000011124","Services","2002=100","17","units","0","v41691230","2.282","74.4","","","","1"
"1990-06","Canada","2016A000011124","Services","2002=100","17","units","0","v41691230","2.282","74.5","","","","1"
"1990-07","Canada","2016A000011124","Services","2002=100","17","units","0","v41691230","2.282","75.1","","","","1"
"1990-08","Canada","2016A000011124","Services","2002=100","17","units","0","v41691230","2.282","75.4","","","","1"
"1990-09","Canada","2016A000011124","Services","2002=100","17","units","0","v41691230","2.282","75.8","","","","1"
"1990-10","Canada","2016A000011124","Services","2002=100","17","units","0","v41691230","2.282","76.4","","","","1"
"1990-11","Canada","2016A000011124","Services","2002=100","17","units","0","v41691230","2.282","76.6","","","","1"
"1990-12","Canada","2016A000011124","Services","2002=100","17","units","0","v41691230","2.282","76.6","","","","1"
"1991-01","Canada","2016A000011124","Services","2002=100","17","units","0","v41691230","2.282","78.6","","","","1"
"1991-02","Canada","2016A000011124","Services","2002=100","17","units","0","v41691230","2.282","78.9","","","","1"
"1991-03","Canada","2016A000011124","Services","2002=100","17","units","0","v41691230","2.282","78.9","","","","1"
"1991-04","Canada","2016A000011124","Services","2002=100","17","units","0","v41691230","2.282","79.1","","","","1"
"1991-05","Canada","2016A000011124","Services","2002=100","17","units","0","v41691230","2.282","79.3","","","","1"
"1991-06","Canada","2016A000011124","Services","2002=100","17","units","0","v41691230","2.282","79.5","","","","1"
"1991-07","Canada","2016A000011124","Services","2002=100","17","units","0","v41691230","2.282","79.7","","","","1"
"1991-08","Canada","2016A000011124","Services","2002=100","17","units","0","v41691230","2.282","79.9","","","","1"
"1991-09","Canada","2016A000011124","Services","2002=100","17","units","0","v41691230","2.282","80.0","","","","1"
"1991-10","Canada","2016A000011124","Services","2002=100","17","units","0","v41691230","2.282","80.5","","","","1"
"1991-11","Canada","2016A000011124","Services","2002=100","17","units","0","v41691230","2.282","80.6","","","","1"
"1991-12","Canada","2016A000011124","Services","2002=100","17","units","0","v41691230","2.282","80.5","","","","1"
"1992-01","Canada","2016A000011124","Services","2002=100","17","units","0","v41691230","2.282","80.6","","","","1"
"1992-02","Canada","2016A000011124","Services","2002=100","17","units","0","v41691230","2.282","80.8","","","","1"
"1992-03","Canada","2016A000011124","Services","2002=100","17","units","0","v41691230","2.282","80.8","","","","1"
"1992-04","Canada","2016A000011124","Services","2002=100","17","units","0","v41691230","2.282","80.9","","","","1"
"1992-05","Canada","2016A000011124","Services","2002=100","17","units","0","v41691230","2.282","81.2","","","","1"
"1992-06","Canada","2016A000011124","Services","2002=100","17","units","0","v41691230","2.282","81.2","","","","1"
"1992-07","Canada","2016A000011124","Services","2002=100","17","units","0","v41691230","2.282","81.6","","","","1"
"1992-08","Canada","2016A000011124","Services","2002=100","17","units","0","v41691230","2.282","81.7","","","","1"
"1992-09","Canada","2016A000011124","Services","2002=100","17","units","0","v41691230","2.282","81.8","","","","1"
"1992-10","Canada","2016A000011124","Services","2002=100","17","units","0","v41691230","2.282","82.1","","","","1"
"1992-11","Canada","2016A000011124","Services","2002=100","17","units","0","v41691230","2.282","82.3","","","","1"
"1992-12","Canada","2016A000011124","Services","2002=100","17","units","0","v41691230","2.282","82.2","","","","1"
"1993-01","Canada","2016A000011124","Services","2002=100","17","units","0","v41691230","2.282","82.3","","","","1"
"1993-02","Canada","2016A000011124","Services","2002=100","17","units","0","v41691230","2.282","82.5","","","","1"
"1993-03","Canada","2016A000011124","Services","2002=100","17","units","0","v41691230","2.282","82.7","","","","1"
"1993-04","Canada","2016A000011124","Services","2002=100","17","units","0","v41691230","2.282","82.8","","","","1"
"1993-05","Canada","2016A000011124","Services","2002=100","17","units","0","v41691230","2.282","82.8","","","","1"
"1993-06","Canada","2016A000011124","Services","2002=100","17","units","0","v41691230","2.282","82.8","","","","1"
"1993-07","Canada","2016A000011124","Services","2002=100","17","units","0","v41691230","2.282","83.2","","","","1"
"1993-08","Canada","2016A000011124","Services","2002=100","17","units","0","v41691230","2.282","83.3","","","","1"
"1993-09","Canada","2016A000011124","Services","2002=100","17","units","0","v41691230","2.282","83.5","","","","1"
"1993-10","Canada","2016A000011124","Services","2002=100","17","units","0","v41691230","2.282","83.8","","","","1"
"1993-11","Canada","2016A000011124","Services","2002=100","17","units","0","v41691230","2.282","83.8","","","","1"
"1993-12","Canada","2016A000011124","Services","2002=100","17","units","0","v41691230","2.282","83.8","","","","1"
"1994-01","Canada","2016A000011124","Services","2002=100","17","units","0","v41691230","2.282","83.5","","","","1"
"1994-02","Canada","2016A000011124","Services","2002=100","17","units","0","v41691230","2.282","84.0","","","","1"
"1994-03","Canada","2016A000011124","Services","2002=100","17","units","0","v41691230","2.282","84.0","","","","1"
"1994-04","Canada","2016A000011124","Services","2002=100","17","units","0","v41691230","2.282","84.0","","","","1"
"1994-05","Canada","2016A000011124","Services","2002=100","17","units","0","v41691230","2.282","84.1","","","","1"
"1994-06","Canada","2016A000011124","Services","2002=100","17","units","0","v41691230","2.282","84.3","","","","1"
"1994-07","Canada","2016A000011124","Services","2002=100","17","units","0","v41691230","2.282","84.6","","","","1"
"1994-08","Canada","2016A000011124","Services","2002=100","17","units","0","v41691230","2.282","84.7","","","","1"
"1994-09","Canada","2016A000011124","Services","2002=100","17","units","0","v41691230","2.282","85.1","","","","1"
"1994-10","Canada","2016A000011124","Services","2002=100","17","units","0","v41691230","2.282","85.1","","","","1"
"1994-11","Canada","2016A000011124","Services","2002=100","17","units","0","v41691230","2.282","85.2","","","","1"
"1994-12","Canada","2016A000011124","Services","2002=100","17","units","0","v41691230","2.282","85.5","","","","1"
"1995-01","Canada","2016A000011124","Services","2002=100","17","units","0","v41691230","2.282","85.5","","","","1"
"1995-02","Canada","2016A000011124","Services","2002=100","17","units","0","v41691230","2.282","85.8","","","","1"
"1995-03","Canada","2016A000011124","Services","2002=100","17","units","0","v41691230","2.282","86.0","","","","1"
"1995-04","Canada","2016A000011124","Services","2002=100","17","units","0","v41691230","2.282","86.1","","","","1"
"1995-05","Canada","2016A000011124","Services","2002=100","17","units","0","v41691230","2.282","86.5","","","","1"
"1995-06","Canada","2016A000011124","Services","2002=100","17","units","0","v41691230","2.282","86.6","","","","1"
"1995-07","Canada","2016A000011124","Services","2002=100","17","units","0","v41691230","2.282","87.1","","","","1"
"1995-08","Canada","2016A000011124","Services","2002=100","17","units","0","v41691230","2.282","87.2","","","","1"
"1995-09","Canada","2016A000011124","Services","2002=100","17","units","0","v41691230","2.282","87.4","","","","1"
"1995-10","Canada","2016A000011124","Services","2002=100","17","units","0","v41691230","2.282","87.3","","","","1"
"1995-11","Canada","2016A000011124","Services","2002=100","17","units","0","v41691230","2.282","87.3","","","","1"
"1995-12","Canada","2016A000011124","Services","2002=100","17","units","0","v41691230","2.282","87.0","","","","1"
"1996-01","Canada","2016A000011124","Services","2002=100","17","units","0","v41691230","2.282","87.2","","","","1"
"1996-02","Canada","2016A000011124","Services","2002=100","17","units","0","v41691230","2.282","87.3","","","","1"
"1996-03","Canada","2016A000011124","Services","2002=100","17","units","0","v41691230","2.282","87.4","","","","1"
"1996-04","Canada","2016A000011124","Services","2002=100","17","units","0","v41691230","2.282","87.6","","","","1"
"1996-05","Canada","2016A000011124","Services","2002=100","17","units","0","v41691230","2.282","87.8","","","","1"
"1996-06","Canada","2016A000011124","Services","2002=100","17","units","0","v41691230","2.282","87.7","","","","1"
"1996-07","Canada","2016A000011124","Services","2002=100","17","units","0","v41691230","2.282","88.3","","","","1"
"1996-08","Canada","2016A000011124","Services","2002=100","17","units","0","v41691230","2.282","88.3","","","","1"
"1996-09","Canada","2016A000011124","Services","2002=100","17","units","0","v41691230","2.282","88.4","","","","1"
"1996-10","Canada","2016A000011124","Services","2002=100","17","units","0","v41691230","2.282","88.3","","","","1"
"1996-11","Canada","2016A000011124","Services","2002=100","17","units","0","v41691230","2.282","88.6","","","","1"
"1996-12","Canada","2016A000011124","Services","2002=100","17","units","0","v41691230","2.282","88.7","","","","1"
"1997-01","Canada","2016A000011124","Services","2002=100","17","units","0","v41691230","2.282","88.7","","","","1"
"1997-02","Canada","2016A000011124","Services","2002=100","17","units","0","v41691230","2.282","88.7","","","","1"
"1997-03","Canada","2016A000011124","Services","2002=100","17","units","0","v41691230","2.282","89.0","","","","1"
"1997-04","Canada","2016A000011124","Services","2002=100","17","units","0","v41691230","2.282","89.1","","","","1"
"1997-05","Canada","2016A000011124","Services","2002=100","17","units","0","v41691230","2.282","89.3","","","","1"
"1997-06","Canada","2016A000011124","Services","2002=100","17","units","0","v41691230","2.282","89.6","","","","1"
"1997-07","Canada","2016A000011124","Services","2002=100","17","units","0","v41691230","2.282","90.0","","","","1"
"1997-08","Canada","2016A000011124","Services","2002=100","17","units","0","v41691230","2.282","90.0","","","","1"
"1997-09","Canada","2016A000011124","Services","2002=100","17","units","0","v41691230","2.282","90.0","","","","1"
"1997-10","Canada","2016A000011124","Services","2002=100","17","units","0","v41691230","2.282","89.9","","","","1"
"1997-11","Canada","2016A000011124","Services","2002=100","17","units","0","v41691230","2.282","89.6","","","","1"
"1997-12","Canada","2016A000011124","Services","2002=100","17","units","0","v41691230","2.282","89.6","","","","1"
"1998-01","Canada","2016A000011124","Services","2002=100","17","units","0","v41691230","2.282","90.0","","","","1"
"1998-02","Canada","2016A000011124","Services","2002=100","17","units","0","v41691230","2.282","90.3","","","","1"
"1998-03","Canada","2016A000011124","Services","2002=100","17","units","0","v41691230","2.282","90.6","","","","1"
"1998-04","Canada","2016A000011124","Services","2002=100","17","units","0","v41691230","2.282","90.7","","","","1"
"1998-05","Canada","2016A000011124","Services","2002=100","17","units","0","v41691230","2.282","91.0","","","","1"
"1998-06","Canada","2016A000011124","Services","2002=100","17","units","0","v41691230","2.282","91.1","","","","1"
"1998-07","Canada","2016A000011124","Services","2002=100","17","units","0","v41691230","2.282","91.5","","","","1"
"1998-08","Canada","2016A000011124","Services","2002=100","17","units","0","v41691230","2.282","91.5","","","","1"
"1998-09","Canada","2016A000011124","Services","2002=100","17","units","0","v41691230","2.282","91.7","","","","1"
"1998-10","Canada","2016A000011124","Services","2002=100","17","units","0","v41691230","2.282","91.8","","","","1"
"1998-11","Canada","2016A000011124","Services","2002=100","17","units","0","v41691230","2.282","91.4","","","","1"
"1998-12","Canada","2016A000011124","Services","2002=100","17","units","0","v41691230","2.282","91.4","","","","1"
"1999-01","Canada","2016A000011124","Services","2002=100","17","units","0","v41691230","2.282","91.2","","","","1"
"1999-02","Canada","2016A000011124","Services","2002=100","17","units","0","v41691230","2.282","91.5","","","","1"
"1999-03","Canada","2016A000011124","Services","2002=100","17","units","0","v41691230","2.282","91.8","","","","1"
"1999-04","Canada","2016A000011124","Services","2002=100","17","units","0","v41691230","2.282","92.2","","","","1"
"1999-05","Canada","2016A000011124","Services","2002=100","17","units","0","v41691230","2.282","92.5","","","","1"
"1999-06","Canada","2016A000011124","Services","2002=100","17","units","0","v41691230","2.282","92.7","","","","1"
"1999-07","Canada","2016A000011124","Services","2002=100","17","units","0","v41691230","2.282","93.0","","","","1"
"1999-08","Canada","2016A000011124","Services","2002=100","17","units","0","v41691230","2.282","93.1","","","","1"
"1999-09","Canada","2016A000011124","Services","2002=100","17","units","0","v41691230","2.282","93.5","","","","1"
"1999-10","Canada","2016A000011124","Services","2002=100","17","units","0","v41691230","2.282","93.3","","","","1"
"1999-11","Canada","2016A000011124","Services","2002=100","17","units","0","v41691230","2.282","93.2","","","","1"
"1999-12","Canada","2016A000011124","Services","2002=100","17","units","0","v41691230","2.282","93.2","","","","1"
"2000-01","Canada","2016A000011124","Services","2002=100","17","units","0","v41691230","2.282","93.1","","","","1"
"2000-02","Canada","2016A000011124","Services","2002=100","17","units","0","v41691230","2.282","93.5","","","","1"
"2000-03","Canada","2016A000011124","Services","2002=100","17","units","0","v41691230","2.282","93.7","","","","1"
"2000-04","Canada","2016A000011124","Services","2002=100","17","units","0","v41691230","2.282","94.1","","","","1"
"2000-05","Canada","2016A000011124","Services","2002=100","17","units","0","v41691230","2.282","94.5","","","","1"
"2000-06","Canada","2016A000011124","Services","2002=100","17","units","0","v41691230","2.282","94.9","","","","1"
"2000-07","Canada","2016A000011124","Services","2002=100","17","units","0","v41691230","2.282","95.4","","","","1"
"2000-08","Canada","2016A000011124","Services","2002=100","17","units","0","v41691230","2.282","95.5","","","","1"
"2000-09","Canada","2016A000011124","Services","2002=100","17","units","0","v41691230","2.282","95.6","","","","1"
"2000-10","Canada","2016A000011124","Services","2002=100","17","units","0","v41691230","2.282","95.6","","","","1"
"2000-11","Canada","2016A000011124","Services","2002=100","17","units","0","v41691230","2.282","95.5","","","","1"
"2000-12","Canada","2016A000011124","Services","2002=100","17","units","0","v41691230","2.282","95.6","","","","1"
"2001-01","Canada","2016A000011124","Services","2002=100","17","units","0","v41691230","2.282","95.6","","","","1"
"2001-02","Canada","2016A000011124","Services","2002=100","17","units","0","v41691230","2.282","96.1","","","","1"
"2001-03","Canada","2016A000011124","Services","2002=100","17","units","0","v41691230","2.282","96.2","","","","1"
"2001-04","Canada","2016A000011124","Services","2002=100","17","units","0","v41691230","2.282","96.5","","","","1"
"2001-05","Canada","2016A000011124","Services","2002=100","17","units","0","v41691230","2.282","96.9","","","","1"
"2001-06","Canada","2016A000011124","Services","2002=100","17","units","0","v41691230","2.282","97.3","","","","1"
"2001-07","Canada","2016A000011124","Services","2002=100","17","units","0","v41691230","2.282","97.8","","","","1"
"2001-08","Canada","2016A000011124","Services","2002=100","17","units","0","v41691230","2.282","98.0","","","","1"
"2001-09","Canada","2016A000011124","Services","2002=100","17","units","0","v41691230","2.282","98.0","","","","1"
"2001-10","Canada","2016A000011124","Services","2002=100","17","units","0","v41691230","2.282","97.9","","","","1"
"2001-11","Canada","2016A000011124","Services","2002=100","17","units","0","v41691230","2.282","97.6","","","","1"
"2001-12","Canada","2016A000011124","Services","2002=100","17","units","0","v41691230","2.282","97.7","","","","1"
"2002-01","Canada","2016A000011124","Services","2002=100","17","units","0","v41691230","2.282","97.8","","","","1"
"2002-02","Canada","2016A000011124","Services","2002=100","17","units","0","v41691230","2.282","98.3","","","","1"
"2002-03","Canada","2016A000011124","Services","2002=100","17","units","0","v41691230","2.282","98.6","","","","1"
"2002-04","Canada","2016A000011124","Services","2002=100","17","units","0","v41691230","2.282","99.0","","","","1"
"2002-05","Canada","2016A000011124","Services","2002=100","17","units","0","v41691230","2.282","99.7","","","","1"
"2002-06","Canada","2016A000011124","Services","2002=100","17","units","0","v41691230","2.282","100.0","","","","1"
"2002-07","Canada","2016A000011124","Services","2002=100","17","units","0","v41691230","2.282","100.5","","","","1"
"2002-08","Canada","2016A000011124","Services","2002=100","17","units","0","v41691230","2.282","100.9","","","","1"
"2002-09","Canada","2016A000011124","Services","2002=100","17","units","0","v41691230","2.282","100.9","","","","1"
"2002-10","Canada","2016A000011124","Services","2002=100","17","units","0","v41691230","2.282","101.1","","","","1"
"2002-11","Canada","2016A000011124","Services","2002=100","17","units","0","v41691230","2.282","101.3","","","","1"
"2002-12","Canada","2016A000011124","Services","2002=100","17","units","0","v41691230","2.282","101.9","","","","1"
"2003-01","Canada","2016A000011124","Services","2002=100","17","units","0","v41691230","2.282","102.1","","","","1"
"2003-02","Canada","2016A000011124","Services","2002=100","17","units","0","v41691230","2.282","102.6","","","","1"
"2003-03","Canada","2016A000011124","Services","2002=100","17","units","0","v41691230","2.282","102.7","","","","1"
"2003-04","Canada","2016A000011124","Services","2002=100","17","units","0","v41691230","2.282","102.9","","","","1"
"2003-05","Canada","2016A000011124","Services","2002=100","17","units","0","v41691230","2.282","103.2","","","","1"
"2003-06","Canada","2016A000011124","Services","2002=100","17","units","0","v41691230","2.282","103.5","","","","1"
"2003-07","Canada","2016A000011124","Services","2002=100","17","units","0","v41691230","2.282","103.7","","","","1"
"2003-08","Canada","2016A000011124","Services","2002=100","17","units","0","v41691230","2.282","104.0","","","","1"
"2003-09","Canada","2016A000011124","Services","2002=100","17","units","0","v41691230","2.282","104.3","","","","1"
"2003-10","Canada","2016A000011124","Services","2002=100","17","units","0","v41691230","2.282","104.6","","","","1"
"2003-11","Canada","2016A000011124","Services","2002=100","17","units","0","v41691230","2.282","104.5","","","","1"
"2003-12","Canada","2016A000011124","Services","2002=100","17","units","0","v41691230","2.282","104.7","","","","1"
"2004-01","Canada","2016A000011124","Services","2002=100","17","units","0","v41691230","2.282","104.6","","","","1"
"2004-02","Canada","2016A000011124","Services","2002=100","17","units","0","v41691230","2.282","104.8","","","","1"
"2004-03","Canada","2016A000011124","Services","2002=100","17","units","0","v41691230","2.282","105.0","","","","1"
"2004-04","Canada","2016A000011124","Services","2002=100","17","units","0","v41691230","2.282","105.2","","","","1"
"2004-05","Canada","2016A000011124","Services","2002=100","17","units","0","v41691230","2.282","105.6","","","","1"
"2004-06","Canada","2016A000011124","Services","2002=100","17","units","0","v41691230","2.282","105.8","","","","1"
"2004-07","Canada","2016A000011124","Services","2002=100","17","units","0","v41691230","2.282","106.2","","","","1"
"2004-08","Canada","2016A000011124","Services","2002=100","17","units","0","v41691230","2.282","106.2","","","","1"
"2004-09","Canada","2016A000011124","Services","2002=100","17","units","0","v41691230","2.282","106.5","","","","1"
"2004-10","Canada","2016A000011124","Services","2002=100","17","units","0","v41691230","2.282","106.7","","","","1"
"2004-11","Canada","2016A000011124","Services","2002=100","17","units","0","v41691230","2.282","106.8","","","","1"
"2004-12","Canada","2016A000011124","Services","2002=100","17","units","0","v41691230","2.282","107.0","","","","1"
"2005-01","Canada","2016A000011124","Services","2002=100","17","units","0","v41691230","2.282","106.9","","","","1"
"2005-02","Canada","2016A000011124","Services","2002=100","17","units","0","v41691230","2.282","107.2","","","","1"
"2005-03","Canada","2016A000011124","Services","2002=100","17","units","0","v41691230","2.282","107.4","","","","1"
"2005-04","Canada","2016A000011124","Services","2002=100","17","units","0","v41691230","2.282","107.6","","","","1"
"2005-05","Canada","2016A000011124","Services","2002=100","17","units","0","v41691230","2.282","108.0","","","","1"
"2005-06","Canada","2016A000011124","Services","2002=100","17","units","0","v41691230","2.282","108.3","","","","1"
"2005-07","Canada","2016A000011124","Services","2002=100","17","units","0","v41691230","2.282","108.5","","","","1"
"2005-08","Canada","2016A000011124","Services","2002=100","17","units","0","v41691230","2.282","108.5","","","","1"
"2005-09","Canada","2016A000011124","Services","2002=100","17","units","0","v41691230","2.282","108.7","","","","1"
"2005-10","Canada","2016A000011124","Services","2002=100","17","units","0","v41691230","2.282","108.9","","","","1"
"2005-11","Canada","2016A000011124","Services","2002=100","17","units","0","v41691230","2.282","109.1","","","","1"
"2005-12","Canada","2016A000011124","Services","2002=100","17","units","0","v41691230","2.282","109.2","","","","1"
"2006-01","Canada","2016A000011124","Services","2002=100","17","units","0","v41691230","2.282","109.2","","","","1"
"2006-02","Canada","2016A000011124","Services","2002=100","17","units","0","v41691230","2.282","109.5","","","","1"
"2006-03","Canada","2016A000011124","Services","2002=100","17","units","0","v41691230","2.282","109.9","","","","1"
"2006-04","Canada","2016A000011124","Services","2002=100","17","units","0","v41691230","2.282","110.3","","","","1"
"2006-05","Canada","2016A000011124","Services","2002=100","17","units","0","v41691230","2.282","111.0","","","","1"
"2006-06","Canada","2016A000011124","Services","2002=100","17","units","0","v41691230","2.282","111.1","","","","1"
"2006-07","Canada","2016A000011124","Services","2002=100","17","units","0","v41691230","2.282","111.2","","","","1"
"2006-08","Canada","2016A000011124","Services","2002=100","17","units","0","v41691230","2.282","111.4","","","","1"
"2006-09","Canada","2016A000011124","Services","2002=100","17","units","0","v41691230","2.282","111.9","","","","1"
"2006-10","Canada","2016A000011124","Services","2002=100","17","units","0","v41691230","2.282","112.2","","","","1"
"2006-11","Canada","2016A000011124","Services","2002=100","17","units","0","v41691230","2.282","112.4","","","","1"
"2006-12","Canada","2016A000011124","Services","2002=100","17","units","0","v41691230","2.282","112.6","","","","1"
"2007-01","Canada","2016A000011124","Services","2002=100","17","units","0","v41691230","2.282","112.5","","","","1"
"2007-02","Canada","2016A000011124","Services","2002=100","17","units","0","v41691230","2.282","113.0","","","","1"
"2007-03","Canada","2016A000011124","Services","2002=100","17","units","0","v41691230","2.282","113.4","","","","1"
"2007-04","Canada","2016A000011124","Services","2002=100","17","units","0","v41691230","2.282","113.9","","","","1"
"2007-05","Canada","2016A000011124","Services","2002=100","17","units","0","v41691230","2.282","114.5","","","","1"
"2007-06","Canada","2016A000011124","Services","2002=100","17","units","0","v41691230","2.282","114.8","","","","1"
"2007-07","Canada","2016A000011124","Services","2002=100","17","units","0","v41691230","2.282","115.3","","","","1"
"2007-08","Canada","2016A000011124","Services","2002=100","17","units","0","v41691230","2.282","115.6","","","","1"
"2007-09","Canada","2016A000011124","Services","2002=100","17","units","0","v41691230","2.282","115.9","","","","1"
"2007-10","Canada","2016A000011124","Services","2002=100","17","units","0","v41691230","2.282","116.1","","","","1"
"2007-11","Canada","2016A000011124","Services","2002=100","17","units","0","v41691230","2.282","116.2","","","","1"
"2007-12","Canada","2016A000011124","Services","2002=100","17","units","0","v41691230","2.282","116.5","","","","1"
"2008-01","Canada","2016A000011124","Services","2002=100","17","units","0","v41691230","2.282","116.2","","","","1"
"2008-02","Canada","2016A000011124","Services","2002=100","17","units","0","v41691230","2.282","116.9","","","","1"
"2008-03","Canada","2016A000011124","Services","2002=100","17","units","0","v41691230","2.282","117.1","","","","1"
"2008-04","Canada","2016A000011124","Services","2002=100","17","units","0","v41691230","2.282","117.7","","","","1"
"2008-05","Canada","2016A000011124","Services","2002=100","17","units","0","v41691230","2.282","118.7","","","","1"
"2008-06","Canada","2016A000011124","Services","2002=100","17","units","0","v41691230","2.282","119.1","","","","1"
"2008-07","Canada","2016A000011124","Services","2002=100","17","units","0","v41691230","2.282","119.4","","","","1"
"2008-08","Canada","2016A000011124","Services","2002=100","17","units","0","v41691230","2.282","119.6","","","","1"
"2008-09","Canada","2016A000011124","Services","2002=100","17","units","0","v41691230","2.282","119.8","","","","1"
"2008-10","Canada","2016A000011124","Services","2002=100","17","units","0","v41691230","2.282","120.0","","","","1"
"2008-11","Canada","2016A000011124","Services","2002=100","17","units","0","v41691230","2.282","120.0","","","","1"
"2008-12","Canada","2016A000011124","Services","2002=100","17","units","0","v41691230","2.282","120.1","","","","1"
"2009-01","Canada","2016A000011124","Services","2002=100","17","units","0","v41691230","2.282","119.7","","","","1"
"2009-02","Canada","2016A000011124","Services","2002=100","17","units","0","v41691230","2.282","120.2","","","","1"
"2009-03","Canada","2016A000011124","Services","2002=100","17","units","0","v41691230","2.282","120.4","","","","1"
"2009-04","Canada","2016A000011124","Services","2002=100","17","units","0","v41691230","2.282","120.7","","","","1"
"2009-05","Canada","2016A000011124","Services","2002=100","17","units","0","v41691230","2.282","121.3","","","","1"
"2009-06","Canada","2016A000011124","Services","2002=100","17","units","0","v41691230","2.282","121.5","","","","1"
"2009-07","Canada","2016A000011124","Services","2002=100","17","units","0","v41691230","2.282","121.6","","","","1"
"2009-08","Canada","2016A000011124","Services","2002=100","17","units","0","v41691230","2.282","121.6","","","","1"
"2009-09","Canada","2016A000011124","Services","2002=100","17","units","0","v41691230","2.282","121.9","","","","1"
"2009-10","Canada","2016A000011124","Services","2002=100","17","units","0","v41691230","2.282","122.1","","","","1"
"2009-11","Canada","2016A000011124","Services","2002=100","17","units","0","v41691230","2.282","121.8","","","","1"
"2009-12","Canada","2016A000011124","Services","2002=100","17","units","0","v41691230","2.282","121.8","","","","1"
"2010-01","Canada","2016A000011124","Services","2002=100","17","units","0","v41691230","2.282","121.8","","","","1"
"2010-02","Canada","2016A000011124","Services","2002=100","17","units","0","v41691230","2.282","122.6","","","","1"
"2010-03","Canada","2016A000011124","Services","2002=100","17","units","0","v41691230","2.282","122.2","","","","1"
"2010-04","Canada","2016A000011124","Services","2002=100","17","units","0","v41691230","2.282","122.6","","","","1"
"2010-05","Canada","2016A000011124","Services","2002=100","17","units","0","v41691230","2.282","123.2","","","","1"
"2010-06","Canada","2016A000011124","Services","2002=100","17","units","0","v41691230","2.282","123.6","","","","1"
"2010-07","Canada","2016A000011124","Services","2002=100","17","units","0","v41691230","2.282","124.5","","","","1"
"2010-08","Canada","2016A000011124","Services","2002=100","17","units","0","v41691230","2.282","124.3","","","","1"
"2010-09","Canada","2016A000011124","Services","2002=100","17","units","0","v41691230","2.282","124.5","","","","1"
"2010-10","Canada","2016A000011124","Services","2002=100","17","units","0","v41691230","2.282","124.9","","","","1"
"2010-11","Canada","2016A000011124","Services","2002=100","17","units","0","v41691230","2.282","125.0","","","","1"
"2010-12","Canada","2016A000011124","Services","2002=100","17","units","0","v41691230","2.282","124.9","","","","1"
"2011-01","Canada","2016A000011124","Services","2002=100","17","units","0","v41691230","2.282","125.0","","","","1"
"2011-02","Canada","2016A000011124","Services","2002=100","17","units","0","v41691230","2.282","125.3","","","","1"
"2011-03","Canada","2016A000011124","Services","2002=100","17","units","0","v41691230","2.282","125.7","","","","1"
"2011-04","Canada","2016A000011124","Services","2002=100","17","units","0","v41691230","2.282","125.9","","","","1"
"2011-05","Canada","2016A000011124","Services","2002=100","17","units","0","v41691230","2.282","126.7","","","","1"
"2011-06","Canada","2016A000011124","Services","2002=100","17","units","0","v41691230","2.282","126.8","","","","1"
"2011-07","Canada","2016A000011124","Services","2002=100","17","units","0","v41691230","2.282","127.1","","","","1"
"2011-08","Canada","2016A000011124","Services","2002=100","17","units","0","v41691230","2.282","127.3","","","","1"
"2011-09","Canada","2016A000011124","Services","2002=100","17","units","0","v41691230","2.282","127.8","","","","1"
"2011-10","Canada","2016A000011124","Services","2002=100","17","units","0","v41691230","2.282","127.7","","","","1"
"2011-11","Canada","2016A000011124","Services","2002=100","17","units","0","v41691230","2.282","127.8","","","","1"
"2011-12","Canada","2016A000011124","Services","2002=100","17","units","0","v41691230","2.282","127.7","","","","1"
"2012-01","Canada","2016A000011124","Services","2002=100","17","units","0","v41691230","2.282","127.8","","","","1"
"2012-02","Canada","2016A000011124","Services","2002=100","17","units","0","v41691230","2.282","128.2","","","","1"
"2012-03","Canada","2016A000011124","Services","2002=100","17","units","0","v41691230","2.282","128.6","","","","1"
"2012-04","Canada","2016A000011124","Services","2002=100","17","units","0","v41691230","2.282","129.1","","","","1"
"2012-05","Canada","2016A000011124","Services","2002=100","17","units","0","v41691230","2.282","129.5","","","","1"
"2012-06","Canada","2016A000011124","Services","2002=100","17","units","0","v41691230","2.282","129.6","","","","1"
"2012-07","Canada","2016A000011124","Services","2002=100","17","units","0","v41691230","2.282","129.7","","","","1"
"2012-08","Canada","2016A000011124","Services","2002=100","17","units","0","v41691230","2.282","129.6","","","","1"
"2012-09","Canada","2016A000011124","Services","2002=100","17","units","0","v41691230","2.282","129.8","","","","1"
"2012-10","Canada","2016A000011124","Services","2002=100","17","units","0","v41691230","2.282","129.8","","","","1"
"2012-11","Canada","2016A000011124","Services","2002=100","17","units","0","v41691230","2.282","129.9","","","","1"
"2012-12","Canada","2016A000011124","Services","2002=100","17","units","0","v41691230","2.282","129.7","","","","1"
"2013-01","Canada","2016A000011124","Services","2002=100","17","units","0","v41691230","2.282","129.6","","","","1"
"2013-02","Canada","2016A000011124","Services","2002=100","17","units","0","v41691230","2.282","130.1","","","","1"
"2013-03","Canada","2016A000011124","Services","2002=100","17","units","0","v41691230","2.282","130.3","","","","1"
"2013-04","Canada","2016A000011124","Services","2002=100","17","units","0","v41691230","2.282","130.3","","","","1"
"2013-05","Canada","2016A000011124","Services","2002=100","17","units","0","v41691230","2.282","130.9","","","","1"
"2013-06","Canada","2016A000011124","Services","2002=100","17","units","0","v41691230","2.282","131.1","","","","1"
"2013-07","Canada","2016A000011124","Services","2002=100","17","units","0","v41691230","2.282","131.5","","","","1"
"2013-08","Canada","2016A000011124","Services","2002=100","17","units","0","v41691230","2.282","131.6","","","","1"
"2013-09","Canada","2016A000011124","Services","2002=100","17","units","0","v41691230","2.282","131.7","","","","1"
"2013-10","Canada","2016A000011124","Services","2002=100","17","units","0","v41691230","2.282","131.8","","","","1"
"2013-11","Canada","2016A000011124","Services","2002=100","17","units","0","v41691230","2.282","131.8","","","","1"
"2013-12","Canada","2016A000011124","Services","2002=100","17","units","0","v41691230","2.282","131.7","","","","1"
"2014-01","Canada","2016A000011124","Services","2002=100","17","units","0","v41691230","2.282","131.9","","","","1"
"2014-02","Canada","2016A000011124","Services","2002=100","17","units","0","v41691230","2.282","132.5","","","","1"
"2014-03","Canada","2016A000011124","Services","2002=100","17","units","0","v41691230","2.282","132.5","","","","1"
"2014-04","Canada","2016A000011124","Services","2002=100","17","units","0","v41691230","2.282","132.9","","","","1"
"2014-05","Canada","2016A000011124","Services","2002=100","17","units","0","v41691230","2.282","133.6","","","","1"
"2014-06","Canada","2016A000011124","Services","2002=100","17","units","0","v41691230","2.282","133.9","","","","1"
"2014-07","Canada","2016A000011124","Services","2002=100","17","units","0","v41691230","2.282","134.2","","","","1"
"2014-08","Canada","2016A000011124","Services","2002=100","17","units","0","v41691230","2.282","134.7","","","","1"
"2014-09","Canada","2016A000011124","Services","2002=100","17","units","0","v41691230","2.282","134.8","","","","1"
"2014-10","Canada","2016A000011124","Services","2002=100","17","units","0","v41691230","2.282","134.9","","","","1"
"2014-11","Canada","2016A000011124","Services","2002=100","17","units","0","v41691230","2.282","134.5","","","","1"
"2014-12","Canada","2016A000011124","Services","2002=100","17","units","0","v41691230","2.282","134.5","","","","1"
"2015-01","Canada","2016A000011124","Services","2002=100","17","units","0","v41691230","2.282","134.7","","","","1"
"2015-02","Canada","2016A000011124","Services","2002=100","17","units","0","v41691230","2.282","135.5","","","","1"
"2015-03","Canada","2016A000011124","Services","2002=100","17","units","0","v41691230","2.282","135.6","","","","1"
"2015-04","Canada","2016A000011124","Services","2002=100","17","units","0","v41691230","2.282","135.6","","","","1"
"2015-05","Canada","2016A000011124","Services","2002=100","17","units","0","v41691230","2.282","136.2","","","","1"
"2015-06","Canada","2016A000011124","Services","2002=100","17","units","0","v41691230","2.282","136.5","","","","1"
"2015-07","Canada","2016A000011124","Services","2002=100","17","units","0","v41691230","2.282","136.8","","","","1"
"2015-08","Canada","2016A000011124","Services","2002=100","17","units","0","v41691230","2.282","137.1","","","","1"
"2015-09","Canada","2016A000011124","Services","2002=100","17","units","0","v41691230","2.282","137.4","","","","1"
"2015-10","Canada","2016A000011124","Services","2002=100","17","units","0","v41691230","2.282","137.4","","","","1"
"2015-11","Canada","2016A000011124","Services","2002=100","17","units","0","v41691230","2.282","136.9","","","","1"
"2015-12","Canada","2016A000011124","Services","2002=100","17","units","0","v41691230","2.282","136.8","","","","1"
"2016-01","Canada","2016A000011124","Services","2002=100","17","units","0","v41691230","2.282","137.0","","","","1"
"2016-02","Canada","2016A000011124","Services","2002=100","17","units","0","v41691230","2.282","137.7","","","","1"
"2016-03","Canada","2016A000011124","Services","2002=100","17","units","0","v41691230","2.282","138.0","","","","1"
"2016-04","Canada","2016A000011124","Services","2002=100","17","units","0","v41691230","2.282","138.0","","","","1"
"2016-05","Canada","2016A000011124","Services","2002=100","17","units","0","v41691230","2.282","138.8","","","","1"
"2016-06","Canada","2016A000011124","Services","2002=100","17","units","0","v41691230","2.282","139.1","","","","1"
"2016-07","Canada","2016A000011124","Services","2002=100","17","units","0","v41691230","2.282","139.7","","","","1"
"2016-08","Canada","2016A000011124","Services","2002=100","17","units","0","v41691230","2.282","139.6","","","","1"
"2016-09","Canada","2016A000011124","Services","2002=100","17","units","0","v41691230","2.282","139.9","","","","1"
"2016-10","Canada","2016A000011124","Services","2002=100","17","units","0","v41691230","2.282","139.9","","","","1"
"2016-11","Canada","2016A000011124","Services","2002=100","17","units","0","v41691230","2.282","139.6","","","","1"
"2016-12","Canada","2016A000011124","Services","2002=100","17","units","0","v41691230","2.282","139.5","","","","1"
"2017-01","Canada","2016A000011124","Services","2002=100","17","units","0","v41691230","2.282","140.2","","","","1"
"2017-02","Canada","2016A000011124","Services","2002=100","17","units","0","v41691230","2.282","140.7","","","","1"
"2017-03","Canada","2016A000011124","Services","2002=100","17","units","0","v41691230","2.282","141.1","","","","1"
"2017-04","Canada","2016A000011124","Services","2002=100","17","units","0","v41691230","2.282","141.4","","","","1"
"2017-05","Canada","2016A000011124","Services","2002=100","17","units","0","v41691230","2.282","142.0","","","","1"
"2017-06","Canada","2016A000011124","Services","2002=100","17","units","0","v41691230","2.282","142.4","","","","1"
"2017-07","Canada","2016A000011124","Services","2002=100","17","units","0","v41691230","2.282","142.6","","","","1"
"2017-08","Canada","2016A000011124","Services","2002=100","17","units","0","v41691230","2.282","142.7","","","","1"
"2017-09","Canada","2016A000011124","Services","2002=100","17","units","0","v41691230","2.282","142.8","","","","1"
"2017-10","Canada","2016A000011124","Services","2002=100","17","units","0","v41691230","2.282","143.0","","","","1"
"2017-11","Canada","2016A000011124","Services","2002=100","17","units","0","v41691230","2.282","142.8","","","","1"
"2017-12","Canada","2016A000011124","Services","2002=100","17","units","0","v41691230","2.282","142.3","","","","1"
"2018-01","Canada","2016A000011124","Services","2002=100","17","units","0","v41691230","2.282","143.3","","","","1"
"2018-02","Canada","2016A000011124","Services","2002=100","17","units","0","v41691230","2.282","144.3","","","","1"
"2018-03","Canada","2016A000011124","Services","2002=100","17","units","0","v41691230","2.282","144.9","","","","1"
"2018-04","Canada","2016A000011124","Services","2002=100","17","units","0","v41691230","2.282","144.6","","","","1"
"2018-05","Canada","2016A000011124","Services","2002=100","17","units","0","v41691230","2.282","145.3","","","","1"
"2018-06","Canada","2016A000011124","Services","2002=100","17","units","0","v41691230","2.282","145.5","","","","1"
"2018-07","Canada","2016A000011124","Services","2002=100","17","units","0","v41691230","2.282","147.1","","","","1"
"2018-08","Canada","2016A000011124","Services","2002=100","17","units","0","v41691230","2.282","147.1","","","","1"
"2018-09","Canada","2016A000011124","Services","2002=100","17","units","0","v41691230","2.282","146.3","","","","1"
"2018-10","Canada","2016A000011124","Services","2002=100","17","units","0","v41691230","2.282","146.8","","","","1"
"2018-11","Canada","2016A000011124","Services","2002=100","17","units","0","v41691230","2.282","146.6","","","","1"
"2018-12","Canada","2016A000011124","Services","2002=100","17","units","0","v41691230","2.282","147.3","","","","1"
"2019-01","Canada","2016A000011124","Services","2002=100","17","units","0","v41691230","2.282","147.1","","","","1"
"2019-02","Canada","2016A000011124","Services","2002=100","17","units","0","v41691230","2.282","147.6","","","","1"
"2019-03","Canada","2016A000011124","Services","2002=100","17","units","0","v41691230","2.282","148.1","","","","1"
"2019-04","Canada","2016A000011124","Services","2002=100","17","units","0","v41691230","2.282","148.1","","","","1"
"2019-05","Canada","2016A000011124","Services","2002=100","17","units","0","v41691230","2.282","149.2","","","","1"
"2019-06","Canada","2016A000011124","Services","2002=100","17","units","0","v41691230","2.282","149.6","","","","1"
"2019-07","Canada","2016A000011124","Services","2002=100","17","units","0","v41691230","2.282","150.7","","","","1"
"2019-08","Canada","2016A000011124","Services","2002=100","17","units","0","v41691230","2.282","150.9","","","","1"
"2019-09","Canada","2016A000011124","Services","2002=100","17","units","0","v41691230","2.282","149.5","","","","1"
"2019-10","Canada","2016A000011124","Services","2002=100","17","units","0","v41691230","2.282","150.1","","","","1"
"2019-11","Canada","2016A000011124","Services","2002=100","17","units","0","v41691230","2.282","149.4","","","","1"
"2019-12","Canada","2016A000011124","Services","2002=100","17","units","0","v41691230","2.282","150.1","","","","1"
"2020-01","Canada","2016A000011124","Services","2002=100","17","units","0","v41691230","2.282","149.7","","","","1"
"2020-02","Canada","2016A000011124","Services","2002=100","17","units","0","v41691230","2.282","150.8","","","","1"
"2020-03","Canada","2016A000011124","Services","2002=100","17","units","0","v41691230","2.282","151.1","","","","1"
"2020-04","Canada","2016A000011124","Services","2002=100","17","units","0","v41691230","2.282","151.1","","","","1"
"2020-05","Canada","2016A000011124","Services","2002=100","17","units","0","v41691230","2.282","151.1","","","","1"
"2020-06","Canada","2016A000011124","Services","2002=100","17","units","0","v41691230","2.282","151.6","","","","1"
"2020-07","Canada","2016A000011124","Services","2002=100","17","units","0","v41691230","2.282","151.5","","","","1"
"2020-08","Canada","2016A000011124","Services","2002=100","17","units","0","v41691230","2.282","151.6","","","","1"
"2020-09","Canada","2016A000011124","Services","2002=100","17","units","0","v41691230","2.282","151.5","","","","1"
"2020-10","Canada","2016A000011124","Services","2002=100","17","units","0","v41691230","2.282","151.9","","","","1"
"2020-11","Canada","2016A000011124","Services","2002=100","17","units","0","v41691230","2.282","152.1","","","","1"
"2020-12","Canada","2016A000011124","Services","2002=100","17","units","0","v41691230","2.282","152.1","","","","1"
"2021-01","Canada","2016A000011124","Services","2002=100","17","units","0","v41691230","2.282","152.5","","","","1"
"2021-02","Canada","2016A000011124","Services","2002=100","17","units","0","v41691230","2.282","152.6","","","","1"
"2021-03","Canada","2016A000011124","Services","2002=100","17","units","0","v41691230","2.282","152.9","","","","1"
"2021-04","Canada","2016A000011124","Services","2002=100","17","units","0","v41691230","2.282","153.7","","","","1"
"2021-05","Canada","2016A000011124","Services","2002=100","17","units","0","v41691230","2.282","154.0","","","","1"
"2021-06","Canada","2016A000011124","Services","2002=100","17","units","0","v41691230","2.282","154.6","","","","1"
"2021-07","Canada","2016A000011124","Services","2002=100","17","units","0","v41691230","2.282","155.4","","","","1"
"2021-08","Canada","2016A000011124","Services","2002=100","17","units","0","v41691230","2.282","155.7","","","","1"
"2021-09","Canada","2016A000011124","Services","2002=100","17","units","0","v41691230","2.282","156.1","","","","1"
"2021-10","Canada","2016A000011124","Services","2002=100","17","units","0","v41691230","2.282","156.7","","","","1"
"2021-11","Canada","2016A000011124","Services","2002=100","17","units","0","v41691230","2.282","156.5","","","","1"
"2021-12","Canada","2016A000011124","Services","2002=100","17","units","0","v41691230","2.282","157.2","","","","1"
"2022-01","Canada","2016A000011124","Services","2002=100","17","units","0","v41691230","2.282","157.7","","","","1"
"2022-02","Canada","2016A000011124","Services","2002=100","17","units","0","v41691230","2.282","158.4","","","","1"
"2022-03","Canada","2016A000011124","Services","2002=100","17","units","0","v41691230","2.282","159.4","","","","1"
"2022-04","Canada","2016A000011124","Services","2002=100","17","units","0","v41691230","2.282","160.8","","","","1"
"2022-05","Canada","2016A000011124","Services","2002=100","17","units","0","v41691230","2.282","162.0","","","","1"
"2022-06","Canada","2016A000011124","Services","2002=100","17","units","0","v41691230","2.282","162.7","","","","1"
"2022-07","Canada","2016A000011124","Services","2002=100","17","units","0","v41691230","2.282","164.2","","","","1"
"2022-08","Canada","2016A000011124","Services","2002=100","17","units","0","v41691230","2.282","164.3","","","","1"
"2022-09","Canada","2016A000011124","Services","2002=100","17","units","0","v41691230","2.282","164.8","","","","1"
"2022-10","Canada","2016A000011124","Services","2002=100","17","units","0","v41691230","2.282","165.2","","","","1"
"2022-11","Canada","2016A000011124","Services","2002=100","17","units","0","v41691230","2.282","165.5","","","","1"
"2022-12","Canada","2016A000011124","Services","2002=100","17","units","0","v41691230","2.282","166.0","","","","1"
"2023-01","Canada","2016A000011124","Services","2002=100","17","units","0","v41691230","2.282","166.1","","","","1"
"2023-02","Canada","2016A000011124","Services","2002=100","17","units","0","v41691230","2.282","166.8","","","","1"
"2023-03","Canada","2016A000011124","Services","2002=100","17","units","0","v41691230","2.282","167.6","","","","1"
"2023-04","Canada","2016A000011124","Services","2002=100","17","units","0","v41691230","2.282","168.5","","","","1"
"2023-05","Canada","2016A000011124","Services","2002=100","17","units","0","v41691230","2.282","169.4","","","","1"
"2023-06","Canada","2016A000011124","Services","2002=100","17","units","0","v41691230","2.282","169.5","","","","1"
"2023-07","Canada","2016A000011124","Services","2002=100","17","units","0","v41691230","2.282","171.2","","","","1"
"2023-08","Canada","2016A000011124","Services","2002=100","17","units","0","v41691230","2.282","171.3","","","","1"
"2023-09","Canada","2016A000011124","Services","2002=100","17","units","0","v41691230","2.282","171.3","","","","1"
"2023-10","Canada","2016A000011124","Services","2002=100","17","units","0","v41691230","2.282","172.8","","","","1"
"2023-11","Canada","2016A000011124","Services","2002=100","17","units","0","v41691230","2.282","173.1","","","","1"
"2023-12","Canada","2016A000011124","Services","2002=100","17","units","0","v41691230","2.282","173.1","","","","1"
"2024-01","Canada","2016A000011124","Services","2002=100","17","units","0","v41691230","2.282","173.1","","","","1"
"2024-02","Canada","2016A000011124","Services","2002=100","17","units","0","v41691230","2.282","173.8","","","","1"
"2024-03","Canada","2016A000011124","Services","2002=100","17","units","0","v41691230","2.282","175.1","","","","1"
"2024-04","Canada","2016A000011124","Services","2002=100","17","units","0","v41691230","2.282","175.5","","","","1"
"2024-05","Canada","2016A000011124","Services","2002=100","17","units","0","v41691230","2.282","177.2","","","","1"
"2024-06","Canada","2016A000011124","Services","2002=100","17","units","0","v41691230","2.282","177.6","","","","1"
"2024-07","Canada","2016A000011124","Services","2002=100","17","units","0","v41691230","2.282","178.8","","","","1"
"2024-08","Canada","2016A000011124","Services","2002=100","17","units","0","v41691230","2.282","178.6","","","","1"
"2024-09","Canada","2016A000011124","Services","2002=100","17","units","0","v41691230","2.282","178.2","","","","1"
"2024-10","Canada","2016A000011124","Services","2002=100","17","units","0","v41691230","2.282","179.0","","","","1"
"2024-11","Canada","2016A000011124","Services","2002=100","17","units","0","v41691230","2.282","179.1","","","","1"
"2024-12","Canada","2016A000011124","Services","2002=100","17","units","0","v41691230","2.282","179.2","","","","1"
"2025-01","Canada","2016A000011124","Services","2002=100","17","units","0","v41691230","2.282","177.9","","","","1"
"2025-02","Canada","2016A000011124","Services","2002=100","17","units","0","v41691230","2.282","180.1","","","","1"
"2025-03","Canada","2016A000011124","Services","2002=100","17","units","0","v41691230","2.282","180.6","","","","1"
"2025-04","Canada","2016A000011124","Services","2002=100","17","units","0","v41691230","2.282","181.7","","","","1"
"2025-05","Canada","2016A000011124","Services","2002=100","17","units","0","v41691230","2.282","182.9","","","","1"
"2025-06","Canada","2016A000011124","Services","2002=100","17","units","0","v41691230","2.282","183.0","","","","1"
"2025-07","Canada","2016A000011124","Services","2002=100","17","units","0","v41691230","2.282","183.8","","","","1"
"2025-08","Canada","2016A000011124","Services","2002=100","17","units","0","v41691230","2.282","183.6","","","","1"
"2025-09","Canada","2016A000011124","Services","2002=100","17","units","0","v41691230","2.282","183.5","","","","1"
"2025-10","Canada","2016A000011124","Services","2002=100","17","units","0","v41691230","2.282","184.8","","","","1"
"2025-11","Canada","2016A000011124","Services","2002=100","17","units","0","v41691230","2.282","184.2","","","","1"


